ISO-10303-21;
HEADER;
/* Generated by software containing ST-Developer
 * from STEP Tools, Inc. (www.steptools.com) 
 */
/* OPTION: using custom renumber hook */

FILE_DESCRIPTION(
/* description */ ('STEP AP242 Edition 2',
'CAx-IF Rec.Pracs.---Representation and Presentation of Product Manufa
cturing Information (PMI)---4.0---2014-10-13',
'CAx-IF Rec.Pracs.---3D Tessellated Geometry---0.4---2014-09-14','2;1',
'CAx-IF Rec.Pracs.---User Defined Attributes---1.5---2016-08-15'),
/* implementation_level */ '2;1');

FILE_NAME(
/* name */ 'Part Studio 2 - Part 1',
/* time_stamp */ '2026-09-23T23:17:25Z',
/* author */ (''),
/* organization */ (''),
/* preprocessor_version */ 'ST-DEVELOPER v20',
/* originating_system */ 'ONSHAPE BY PTC INC, 1.221',
/* authorisation */ '  ');

FILE_SCHEMA (('AP242_MANAGED_MODEL_BASED_3D_ENGINEERING_MIM_LF { 1 0 10303 442 3 1 4 }'));
ENDSEC;

DATA;
#10=SHAPE_REPRESENTATION_RELATIONSHIP('','',#6557,#11);
#11=ADVANCED_BREP_SHAPE_REPRESENTATION('',(#6555),#11577);
#12=(
BOUNDED_SURFACE()
B_SPLINE_SURFACE(3,2,((#11487,#11488,#11489),(#11490,#11491,#11492),(#11493,
#11494,#11495),(#11496,#11497,#11498),(#11499,#11500,#11501)),
 .UNSPECIFIED.,.F.,.F.,.F.)
B_SPLINE_SURFACE_WITH_KNOTS((4,1,4),(3,3),(0.0111303841357591,0.0121755441832005,
0.0132207042306419),(0.,1.),.UNSPECIFIED.)
GEOMETRIC_REPRESENTATION_ITEM()
RATIONAL_B_SPLINE_SURFACE(((1.,0.866025403784439,1.),(1.,0.866025399724688,
1.),(1.,0.822838206929332,1.),(1.,0.734107714421862,1.),(1.,0.707106781186548,
1.)))
REPRESENTATION_ITEM('')
SURFACE()
);
#13=(
BOUNDED_SURFACE()
B_SPLINE_SURFACE(3,2,((#11503,#11504,#11505),(#11506,#11507,#11508),(#11509,
#11510,#11511),(#11512,#11513,#11514),(#11515,#11516,#11517)),
 .UNSPECIFIED.,.F.,.F.,.F.)
B_SPLINE_SURFACE_WITH_KNOTS((4,1,4),(3,3),(0.0111303841357591,0.0121755441832006,
0.013220704230642),(0.,1.),.UNSPECIFIED.)
GEOMETRIC_REPRESENTATION_ITEM()
RATIONAL_B_SPLINE_SURFACE(((1.,0.866025403784438,1.),(1.,0.866025399724826,
1.),(1.,0.822838206929261,1.),(1.,0.734107714421862,1.),(1.,0.707106781186548,
1.)))
REPRESENTATION_ITEM('')
SURFACE()
);
#14=ELLIPSE('',#6844,0.00141421356237309,0.001);
#15=ELLIPSE('',#6846,0.00141421356237309,0.001);
#16=ELLIPSE('',#6861,0.00141421356237309,0.001);
#17=ELLIPSE('',#6863,0.00141421356237309,0.001);
#18=TOROIDAL_SURFACE('',#6837,0.002,0.001);
#19=TOROIDAL_SURFACE('',#6840,0.002,0.001);
#20=TOROIDAL_SURFACE('',#6854,0.002,0.001);
#21=TOROIDAL_SURFACE('',#6856,0.002,0.001);
#22=TOROIDAL_SURFACE('',#6874,0.002,0.001);
#23=TOROIDAL_SURFACE('',#6878,0.002,0.001);
#24=TOROIDAL_SURFACE('',#6882,0.002,0.001);
#25=TOROIDAL_SURFACE('',#6886,0.002,0.001);
#26=B_SPLINE_SURFACE_WITH_KNOTS('',3,1,((#9045,#9046),(#9047,#9048),(#9049,
#9050),(#9051,#9052)),.SURF_OF_LINEAR_EXTRUSION.,.F.,.F.,.F.,(4,4),(2,2),
(0.,1.),(0.,1.),.PIECEWISE_BEZIER_KNOTS.);
#27=B_SPLINE_SURFACE_WITH_KNOTS('',3,1,((#9060,#9061),(#9062,#9063),(#9064,
#9065),(#9066,#9067)),.SURF_OF_LINEAR_EXTRUSION.,.F.,.F.,.F.,(4,4),(2,2),
(0.,1.),(0.,1.),.PIECEWISE_BEZIER_KNOTS.);
#28=B_SPLINE_SURFACE_WITH_KNOTS('',3,1,((#9077,#9078),(#9079,#9080),(#9081,
#9082),(#9083,#9084)),.SURF_OF_LINEAR_EXTRUSION.,.F.,.F.,.F.,(4,4),(2,2),
(0.,1.),(0.,1.),.PIECEWISE_BEZIER_KNOTS.);
#29=B_SPLINE_SURFACE_WITH_KNOTS('',3,1,((#9090,#9091),(#9092,#9093),(#9094,
#9095),(#9096,#9097)),.SURF_OF_LINEAR_EXTRUSION.,.F.,.F.,.F.,(4,4),(2,2),
(0.,1.),(0.,1.),.PIECEWISE_BEZIER_KNOTS.);
#30=B_SPLINE_SURFACE_WITH_KNOTS('',3,1,((#9103,#9104),(#9105,#9106),(#9107,
#9108),(#9109,#9110)),.SURF_OF_LINEAR_EXTRUSION.,.F.,.F.,.F.,(4,4),(2,2),
(0.,1.),(0.,1.),.PIECEWISE_BEZIER_KNOTS.);
#31=B_SPLINE_SURFACE_WITH_KNOTS('',3,1,((#9116,#9117),(#9118,#9119),(#9120,
#9121),(#9122,#9123)),.SURF_OF_LINEAR_EXTRUSION.,.F.,.F.,.F.,(4,4),(2,2),
(0.,1.),(0.,1.),.PIECEWISE_BEZIER_KNOTS.);
#32=B_SPLINE_SURFACE_WITH_KNOTS('',3,1,((#9141,#9142),(#9143,#9144),(#9145,
#9146),(#9147,#9148)),.SURF_OF_LINEAR_EXTRUSION.,.F.,.F.,.F.,(4,4),(2,2),
(0.,1.),(0.,1.),.PIECEWISE_BEZIER_KNOTS.);
#33=B_SPLINE_SURFACE_WITH_KNOTS('',3,1,((#9158,#9159),(#9160,#9161),(#9162,
#9163),(#9164,#9165)),.SURF_OF_LINEAR_EXTRUSION.,.F.,.F.,.F.,(4,4),(2,2),
(0.,1.),(0.,1.),.PIECEWISE_BEZIER_KNOTS.);
#34=B_SPLINE_SURFACE_WITH_KNOTS('',3,1,((#9171,#9172),(#9173,#9174),(#9175,
#9176),(#9177,#9178)),.SURF_OF_LINEAR_EXTRUSION.,.F.,.F.,.F.,(4,4),(2,2),
(0.,1.),(0.,1.),.PIECEWISE_BEZIER_KNOTS.);
#35=B_SPLINE_SURFACE_WITH_KNOTS('',3,1,((#9184,#9185),(#9186,#9187),(#9188,
#9189),(#9190,#9191)),.SURF_OF_LINEAR_EXTRUSION.,.F.,.F.,.F.,(4,4),(2,2),
(0.,1.),(0.,1.),.PIECEWISE_BEZIER_KNOTS.);
#36=B_SPLINE_SURFACE_WITH_KNOTS('',3,1,((#9196,#9197),(#9198,#9199),(#9200,
#9201),(#9202,#9203)),.SURF_OF_LINEAR_EXTRUSION.,.F.,.F.,.F.,(4,4),(2,2),
(0.,1.),(0.,1.),.PIECEWISE_BEZIER_KNOTS.);
#37=B_SPLINE_SURFACE_WITH_KNOTS('',3,1,((#9266,#9267),(#9268,#9269),(#9270,
#9271),(#9272,#9273)),.SURF_OF_LINEAR_EXTRUSION.,.F.,.F.,.F.,(4,4),(2,2),
(0.,1.),(0.,1.),.PIECEWISE_BEZIER_KNOTS.);
#38=B_SPLINE_SURFACE_WITH_KNOTS('',3,1,((#9281,#9282),(#9283,#9284),(#9285,
#9286),(#9287,#9288)),.SURF_OF_LINEAR_EXTRUSION.,.F.,.F.,.F.,(4,4),(2,2),
(0.,1.),(0.,1.),.PIECEWISE_BEZIER_KNOTS.);
#39=B_SPLINE_SURFACE_WITH_KNOTS('',3,1,((#9298,#9299),(#9300,#9301),(#9302,
#9303),(#9304,#9305)),.SURF_OF_LINEAR_EXTRUSION.,.F.,.F.,.F.,(4,4),(2,2),
(0.,1.),(0.,1.),.PIECEWISE_BEZIER_KNOTS.);
#40=B_SPLINE_SURFACE_WITH_KNOTS('',3,1,((#9311,#9312),(#9313,#9314),(#9315,
#9316),(#9317,#9318)),.SURF_OF_LINEAR_EXTRUSION.,.F.,.F.,.F.,(4,4),(2,2),
(0.,1.),(0.,1.),.PIECEWISE_BEZIER_KNOTS.);
#41=B_SPLINE_SURFACE_WITH_KNOTS('',3,1,((#9324,#9325),(#9326,#9327),(#9328,
#9329),(#9330,#9331)),.SURF_OF_LINEAR_EXTRUSION.,.F.,.F.,.F.,(4,4),(2,2),
(0.,1.),(0.,1.),.PIECEWISE_BEZIER_KNOTS.);
#42=B_SPLINE_SURFACE_WITH_KNOTS('',3,1,((#9337,#9338),(#9339,#9340),(#9341,
#9342),(#9343,#9344)),.SURF_OF_LINEAR_EXTRUSION.,.F.,.F.,.F.,(4,4),(2,2),
(0.,1.),(0.,1.),.PIECEWISE_BEZIER_KNOTS.);
#43=B_SPLINE_SURFACE_WITH_KNOTS('',3,1,((#9350,#9351),(#9352,#9353),(#9354,
#9355),(#9356,#9357)),.SURF_OF_LINEAR_EXTRUSION.,.F.,.F.,.F.,(4,4),(2,2),
(0.,1.),(0.,1.),.PIECEWISE_BEZIER_KNOTS.);
#44=B_SPLINE_SURFACE_WITH_KNOTS('',3,1,((#9363,#9364),(#9365,#9366),(#9367,
#9368),(#9369,#9370)),.SURF_OF_LINEAR_EXTRUSION.,.F.,.F.,.F.,(4,4),(2,2),
(0.,1.),(0.,1.),.PIECEWISE_BEZIER_KNOTS.);
#45=B_SPLINE_SURFACE_WITH_KNOTS('',3,1,((#9376,#9377),(#9378,#9379),(#9380,
#9381),(#9382,#9383)),.SURF_OF_LINEAR_EXTRUSION.,.F.,.F.,.F.,(4,4),(2,2),
(0.,1.),(0.,1.),.PIECEWISE_BEZIER_KNOTS.);
#46=B_SPLINE_SURFACE_WITH_KNOTS('',3,1,((#9393,#9394),(#9395,#9396),(#9397,
#9398),(#9399,#9400)),.SURF_OF_LINEAR_EXTRUSION.,.F.,.F.,.F.,(4,4),(2,2),
(0.,1.),(0.,1.),.PIECEWISE_BEZIER_KNOTS.);
#47=B_SPLINE_SURFACE_WITH_KNOTS('',3,1,((#9406,#9407),(#9408,#9409),(#9410,
#9411),(#9412,#9413)),.SURF_OF_LINEAR_EXTRUSION.,.F.,.F.,.F.,(4,4),(2,2),
(0.,1.),(0.,1.),.PIECEWISE_BEZIER_KNOTS.);
#48=B_SPLINE_SURFACE_WITH_KNOTS('',3,1,((#9419,#9420),(#9421,#9422),(#9423,
#9424),(#9425,#9426)),.SURF_OF_LINEAR_EXTRUSION.,.F.,.F.,.F.,(4,4),(2,2),
(0.,1.),(0.,1.),.PIECEWISE_BEZIER_KNOTS.);
#49=B_SPLINE_SURFACE_WITH_KNOTS('',3,1,((#9432,#9433),(#9434,#9435),(#9436,
#9437),(#9438,#9439)),.SURF_OF_LINEAR_EXTRUSION.,.F.,.F.,.F.,(4,4),(2,2),
(0.,1.),(0.,1.),.PIECEWISE_BEZIER_KNOTS.);
#50=B_SPLINE_SURFACE_WITH_KNOTS('',3,1,((#9475,#9476),(#9477,#9478),(#9479,
#9480),(#9481,#9482)),.SURF_OF_LINEAR_EXTRUSION.,.F.,.F.,.F.,(4,4),(2,2),
(0.,1.),(0.,1.),.PIECEWISE_BEZIER_KNOTS.);
#51=B_SPLINE_SURFACE_WITH_KNOTS('',3,1,((#9488,#9489),(#9490,#9491),(#9492,
#9493),(#9494,#9495)),.SURF_OF_LINEAR_EXTRUSION.,.F.,.F.,.F.,(4,4),(2,2),
(0.,1.),(0.,1.),.PIECEWISE_BEZIER_KNOTS.);
#52=B_SPLINE_SURFACE_WITH_KNOTS('',3,1,((#9501,#9502),(#9503,#9504),(#9505,
#9506),(#9507,#9508)),.SURF_OF_LINEAR_EXTRUSION.,.F.,.F.,.F.,(4,4),(2,2),
(0.,1.),(0.,1.),.PIECEWISE_BEZIER_KNOTS.);
#53=B_SPLINE_SURFACE_WITH_KNOTS('',3,1,((#9542,#9543),(#9544,#9545),(#9546,
#9547),(#9548,#9549)),.SURF_OF_LINEAR_EXTRUSION.,.F.,.F.,.F.,(4,4),(2,2),
(0.,1.),(0.,1.),.PIECEWISE_BEZIER_KNOTS.);
#54=B_SPLINE_SURFACE_WITH_KNOTS('',3,1,((#9555,#9556),(#9557,#9558),(#9559,
#9560),(#9561,#9562)),.SURF_OF_LINEAR_EXTRUSION.,.F.,.F.,.F.,(4,4),(2,2),
(0.,1.),(0.,1.),.PIECEWISE_BEZIER_KNOTS.);
#55=B_SPLINE_SURFACE_WITH_KNOTS('',3,1,((#9568,#9569),(#9570,#9571),(#9572,
#9573),(#9574,#9575)),.SURF_OF_LINEAR_EXTRUSION.,.F.,.F.,.F.,(4,4),(2,2),
(0.,1.),(0.,1.),.PIECEWISE_BEZIER_KNOTS.);
#56=B_SPLINE_SURFACE_WITH_KNOTS('',3,1,((#9581,#9582),(#9583,#9584),(#9585,
#9586),(#9587,#9588)),.SURF_OF_LINEAR_EXTRUSION.,.F.,.F.,.F.,(4,4),(2,2),
(0.,1.),(0.,1.),.PIECEWISE_BEZIER_KNOTS.);
#57=B_SPLINE_SURFACE_WITH_KNOTS('',3,1,((#9642,#9643),(#9644,#9645),(#9646,
#9647),(#9648,#9649)),.SURF_OF_LINEAR_EXTRUSION.,.F.,.F.,.F.,(4,4),(2,2),
(0.,1.),(0.,1.),.PIECEWISE_BEZIER_KNOTS.);
#58=B_SPLINE_SURFACE_WITH_KNOTS('',3,1,((#9657,#9658),(#9659,#9660),(#9661,
#9662),(#9663,#9664)),.SURF_OF_LINEAR_EXTRUSION.,.F.,.F.,.F.,(4,4),(2,2),
(0.,1.),(0.,1.),.PIECEWISE_BEZIER_KNOTS.);
#59=B_SPLINE_SURFACE_WITH_KNOTS('',3,1,((#9674,#9675),(#9676,#9677),(#9678,
#9679),(#9680,#9681)),.SURF_OF_LINEAR_EXTRUSION.,.F.,.F.,.F.,(4,4),(2,2),
(0.,1.),(0.,1.),.PIECEWISE_BEZIER_KNOTS.);
#60=B_SPLINE_SURFACE_WITH_KNOTS('',3,1,((#9687,#9688),(#9689,#9690),(#9691,
#9692),(#9693,#9694)),.SURF_OF_LINEAR_EXTRUSION.,.F.,.F.,.F.,(4,4),(2,2),
(0.,1.),(0.,1.),.PIECEWISE_BEZIER_KNOTS.);
#61=B_SPLINE_SURFACE_WITH_KNOTS('',3,1,((#9700,#9701),(#9702,#9703),(#9704,
#9705),(#9706,#9707)),.SURF_OF_LINEAR_EXTRUSION.,.F.,.F.,.F.,(4,4),(2,2),
(0.,1.),(0.,1.),.PIECEWISE_BEZIER_KNOTS.);
#62=B_SPLINE_SURFACE_WITH_KNOTS('',3,1,((#9713,#9714),(#9715,#9716),(#9717,
#9718),(#9719,#9720)),.SURF_OF_LINEAR_EXTRUSION.,.F.,.F.,.F.,(4,4),(2,2),
(0.,1.),(0.,1.),.PIECEWISE_BEZIER_KNOTS.);
#63=B_SPLINE_SURFACE_WITH_KNOTS('',3,1,((#9738,#9739),(#9740,#9741),(#9742,
#9743),(#9744,#9745)),.SURF_OF_LINEAR_EXTRUSION.,.F.,.F.,.F.,(4,4),(2,2),
(0.,1.),(0.,1.),.PIECEWISE_BEZIER_KNOTS.);
#64=B_SPLINE_SURFACE_WITH_KNOTS('',3,1,((#9755,#9756),(#9757,#9758),(#9759,
#9760),(#9761,#9762)),.SURF_OF_LINEAR_EXTRUSION.,.F.,.F.,.F.,(4,4),(2,2),
(0.,1.),(0.,1.),.PIECEWISE_BEZIER_KNOTS.);
#65=B_SPLINE_SURFACE_WITH_KNOTS('',3,1,((#9768,#9769),(#9770,#9771),(#9772,
#9773),(#9774,#9775)),.SURF_OF_LINEAR_EXTRUSION.,.F.,.F.,.F.,(4,4),(2,2),
(0.,1.),(0.,1.),.PIECEWISE_BEZIER_KNOTS.);
#66=B_SPLINE_SURFACE_WITH_KNOTS('',3,1,((#9781,#9782),(#9783,#9784),(#9785,
#9786),(#9787,#9788)),.SURF_OF_LINEAR_EXTRUSION.,.F.,.F.,.F.,(4,4),(2,2),
(0.,1.),(0.,1.),.PIECEWISE_BEZIER_KNOTS.);
#67=B_SPLINE_SURFACE_WITH_KNOTS('',3,1,((#9793,#9794),(#9795,#9796),(#9797,
#9798),(#9799,#9800)),.SURF_OF_LINEAR_EXTRUSION.,.F.,.F.,.F.,(4,4),(2,2),
(0.,1.),(0.,1.),.PIECEWISE_BEZIER_KNOTS.);
#68=B_SPLINE_SURFACE_WITH_KNOTS('',3,1,((#9863,#9864),(#9865,#9866),(#9867,
#9868),(#9869,#9870)),.SURF_OF_LINEAR_EXTRUSION.,.F.,.F.,.F.,(4,4),(2,2),
(0.,1.),(0.,1.),.PIECEWISE_BEZIER_KNOTS.);
#69=B_SPLINE_SURFACE_WITH_KNOTS('',3,1,((#9883,#9884),(#9885,#9886),(#9887,
#9888),(#9889,#9890)),.SURF_OF_LINEAR_EXTRUSION.,.F.,.F.,.F.,(4,4),(2,2),
(0.,1.),(0.,1.),.PIECEWISE_BEZIER_KNOTS.);
#70=B_SPLINE_SURFACE_WITH_KNOTS('',3,1,((#9900,#9901),(#9902,#9903),(#9904,
#9905),(#9906,#9907)),.SURF_OF_LINEAR_EXTRUSION.,.F.,.F.,.F.,(4,4),(2,2),
(0.,1.),(0.,1.),.PIECEWISE_BEZIER_KNOTS.);
#71=B_SPLINE_SURFACE_WITH_KNOTS('',3,1,((#9917,#9918),(#9919,#9920),(#9921,
#9922),(#9923,#9924)),.SURF_OF_LINEAR_EXTRUSION.,.F.,.F.,.F.,(4,4),(2,2),
(0.,1.),(0.,1.),.PIECEWISE_BEZIER_KNOTS.);
#72=B_SPLINE_SURFACE_WITH_KNOTS('',3,1,((#9934,#9935),(#9936,#9937),(#9938,
#9939),(#9940,#9941)),.SURF_OF_LINEAR_EXTRUSION.,.F.,.F.,.F.,(4,4),(2,2),
(0.,1.),(0.,1.),.PIECEWISE_BEZIER_KNOTS.);
#73=B_SPLINE_SURFACE_WITH_KNOTS('',3,1,((#9977,#9978),(#9979,#9980),(#9981,
#9982),(#9983,#9984)),.SURF_OF_LINEAR_EXTRUSION.,.F.,.F.,.F.,(4,4),(2,2),
(0.,1.),(0.,1.),.PIECEWISE_BEZIER_KNOTS.);
#74=B_SPLINE_SURFACE_WITH_KNOTS('',3,1,((#9990,#9991),(#9992,#9993),(#9994,
#9995),(#9996,#9997)),.SURF_OF_LINEAR_EXTRUSION.,.F.,.F.,.F.,(4,4),(2,2),
(0.,1.),(0.,1.),.PIECEWISE_BEZIER_KNOTS.);
#75=B_SPLINE_SURFACE_WITH_KNOTS('',3,1,((#10015,#10016),(#10017,#10018),
(#10019,#10020),(#10021,#10022)),.SURF_OF_LINEAR_EXTRUSION.,.F.,.F.,.F.,
(4,4),(2,2),(0.,1.),(0.,1.),.PIECEWISE_BEZIER_KNOTS.);
#76=B_SPLINE_SURFACE_WITH_KNOTS('',3,1,((#10028,#10029),(#10030,#10031),
(#10032,#10033),(#10034,#10035)),.SURF_OF_LINEAR_EXTRUSION.,.F.,.F.,.F.,
(4,4),(2,2),(0.,1.),(0.,1.),.PIECEWISE_BEZIER_KNOTS.);
#77=B_SPLINE_SURFACE_WITH_KNOTS('',3,1,((#10041,#10042),(#10043,#10044),
(#10045,#10046),(#10047,#10048)),.SURF_OF_LINEAR_EXTRUSION.,.F.,.F.,.F.,
(4,4),(2,2),(0.,1.),(0.,1.),.PIECEWISE_BEZIER_KNOTS.);
#78=B_SPLINE_SURFACE_WITH_KNOTS('',3,1,((#10062,#10063),(#10064,#10065),
(#10066,#10067),(#10068,#10069)),.SURF_OF_LINEAR_EXTRUSION.,.F.,.F.,.F.,
(4,4),(2,2),(0.,1.),(0.,1.),.PIECEWISE_BEZIER_KNOTS.);
#79=B_SPLINE_SURFACE_WITH_KNOTS('',3,1,((#10075,#10076),(#10077,#10078),
(#10079,#10080),(#10081,#10082)),.SURF_OF_LINEAR_EXTRUSION.,.F.,.F.,.F.,
(4,4),(2,2),(0.,1.),(0.,1.),.PIECEWISE_BEZIER_KNOTS.);
#80=B_SPLINE_SURFACE_WITH_KNOTS('',3,1,((#10088,#10089),(#10090,#10091),
(#10092,#10093),(#10094,#10095)),.SURF_OF_LINEAR_EXTRUSION.,.F.,.F.,.F.,
(4,4),(2,2),(0.,1.),(0.,1.),.PIECEWISE_BEZIER_KNOTS.);
#81=B_SPLINE_SURFACE_WITH_KNOTS('',3,1,((#10101,#10102),(#10103,#10104),
(#10105,#10106),(#10107,#10108)),.SURF_OF_LINEAR_EXTRUSION.,.F.,.F.,.F.,
(4,4),(2,2),(0.,1.),(0.,1.),.PIECEWISE_BEZIER_KNOTS.);
#82=B_SPLINE_SURFACE_WITH_KNOTS('',3,1,((#10114,#10115),(#10116,#10117),
(#10118,#10119),(#10120,#10121)),.SURF_OF_LINEAR_EXTRUSION.,.F.,.F.,.F.,
(4,4),(2,2),(0.,1.),(0.,1.),.PIECEWISE_BEZIER_KNOTS.);
#83=B_SPLINE_SURFACE_WITH_KNOTS('',3,1,((#10129,#10130),(#10131,#10132),
(#10133,#10134),(#10135,#10136)),.SURF_OF_LINEAR_EXTRUSION.,.F.,.F.,.F.,
(4,4),(2,2),(0.,1.),(0.,1.),.PIECEWISE_BEZIER_KNOTS.);
#84=B_SPLINE_SURFACE_WITH_KNOTS('',3,1,((#10144,#10145),(#10146,#10147),
(#10148,#10149),(#10150,#10151)),.SURF_OF_LINEAR_EXTRUSION.,.F.,.F.,.F.,
(4,4),(2,2),(0.,1.),(0.,1.),.PIECEWISE_BEZIER_KNOTS.);
#85=B_SPLINE_SURFACE_WITH_KNOTS('',3,1,((#10164,#10165),(#10166,#10167),
(#10168,#10169),(#10170,#10171)),.SURF_OF_LINEAR_EXTRUSION.,.F.,.F.,.F.,
(4,4),(2,2),(0.,1.),(0.,1.),.PIECEWISE_BEZIER_KNOTS.);
#86=B_SPLINE_SURFACE_WITH_KNOTS('',3,1,((#10181,#10182),(#10183,#10184),
(#10185,#10186),(#10187,#10188)),.SURF_OF_LINEAR_EXTRUSION.,.F.,.F.,.F.,
(4,4),(2,2),(0.,1.),(0.,1.),.PIECEWISE_BEZIER_KNOTS.);
#87=B_SPLINE_SURFACE_WITH_KNOTS('',3,1,((#10198,#10199),(#10200,#10201),
(#10202,#10203),(#10204,#10205)),.SURF_OF_LINEAR_EXTRUSION.,.F.,.F.,.F.,
(4,4),(2,2),(0.,1.),(0.,1.),.PIECEWISE_BEZIER_KNOTS.);
#88=B_SPLINE_SURFACE_WITH_KNOTS('',3,1,((#10215,#10216),(#10217,#10218),
(#10219,#10220),(#10221,#10222)),.SURF_OF_LINEAR_EXTRUSION.,.F.,.F.,.F.,
(4,4),(2,2),(0.,1.),(0.,1.),.PIECEWISE_BEZIER_KNOTS.);
#89=B_SPLINE_SURFACE_WITH_KNOTS('',3,1,((#10232,#10233),(#10234,#10235),
(#10236,#10237),(#10238,#10239)),.SURF_OF_LINEAR_EXTRUSION.,.F.,.F.,.F.,
(4,4),(2,2),(0.,1.),(0.,1.),.PIECEWISE_BEZIER_KNOTS.);
#90=B_SPLINE_SURFACE_WITH_KNOTS('',3,1,((#10249,#10250),(#10251,#10252),
(#10253,#10254),(#10255,#10256)),.SURF_OF_LINEAR_EXTRUSION.,.F.,.F.,.F.,
(4,4),(2,2),(0.,1.),(0.,1.),.PIECEWISE_BEZIER_KNOTS.);
#91=B_SPLINE_SURFACE_WITH_KNOTS('',3,1,((#10266,#10267),(#10268,#10269),
(#10270,#10271),(#10272,#10273)),.SURF_OF_LINEAR_EXTRUSION.,.F.,.F.,.F.,
(4,4),(2,2),(0.,1.),(0.,1.),.PIECEWISE_BEZIER_KNOTS.);
#92=B_SPLINE_SURFACE_WITH_KNOTS('',3,1,((#10281,#10282),(#10283,#10284),
(#10285,#10286),(#10287,#10288)),.SURF_OF_LINEAR_EXTRUSION.,.F.,.F.,.F.,
(4,4),(2,2),(0.,1.),(0.,1.),.PIECEWISE_BEZIER_KNOTS.);
#93=B_SPLINE_SURFACE_WITH_KNOTS('',3,1,((#10330,#10331),(#10332,#10333),
(#10334,#10335),(#10336,#10337)),.SURF_OF_LINEAR_EXTRUSION.,.F.,.F.,.F.,
(4,4),(2,2),(0.,1.),(0.,1.),.PIECEWISE_BEZIER_KNOTS.);
#94=B_SPLINE_SURFACE_WITH_KNOTS('',3,1,((#10343,#10344),(#10345,#10346),
(#10347,#10348),(#10349,#10350)),.SURF_OF_LINEAR_EXTRUSION.,.F.,.F.,.F.,
(4,4),(2,2),(0.,1.),(0.,1.),.PIECEWISE_BEZIER_KNOTS.);
#95=B_SPLINE_SURFACE_WITH_KNOTS('',3,1,((#10356,#10357),(#10358,#10359),
(#10360,#10361),(#10362,#10363)),.SURF_OF_LINEAR_EXTRUSION.,.F.,.F.,.F.,
(4,4),(2,2),(0.,1.),(0.,1.),.PIECEWISE_BEZIER_KNOTS.);
#96=B_SPLINE_SURFACE_WITH_KNOTS('',3,1,((#10369,#10370),(#10371,#10372),
(#10373,#10374),(#10375,#10376)),.SURF_OF_LINEAR_EXTRUSION.,.F.,.F.,.F.,
(4,4),(2,2),(0.,1.),(0.,1.),.PIECEWISE_BEZIER_KNOTS.);
#97=B_SPLINE_SURFACE_WITH_KNOTS('',3,1,((#10380,#10381),(#10382,#10383),
(#10384,#10385),(#10386,#10387)),.SURF_OF_LINEAR_EXTRUSION.,.F.,.F.,.F.,
(4,4),(2,2),(0.,1.),(0.,1.),.PIECEWISE_BEZIER_KNOTS.);
#98=B_SPLINE_SURFACE_WITH_KNOTS('',3,1,((#10395,#10396),(#10397,#10398),
(#10399,#10400),(#10401,#10402)),.SURF_OF_LINEAR_EXTRUSION.,.F.,.F.,.F.,
(4,4),(2,2),(0.,1.),(0.,1.),.PIECEWISE_BEZIER_KNOTS.);
#99=B_SPLINE_SURFACE_WITH_KNOTS('',3,1,((#10415,#10416),(#10417,#10418),
(#10419,#10420),(#10421,#10422)),.SURF_OF_LINEAR_EXTRUSION.,.F.,.F.,.F.,
(4,4),(2,2),(0.,1.),(0.,1.),.PIECEWISE_BEZIER_KNOTS.);
#100=B_SPLINE_SURFACE_WITH_KNOTS('',3,1,((#10432,#10433),(#10434,#10435),
(#10436,#10437),(#10438,#10439)),.SURF_OF_LINEAR_EXTRUSION.,.F.,.F.,.F.,
(4,4),(2,2),(0.,1.),(0.,1.),.PIECEWISE_BEZIER_KNOTS.);
#101=B_SPLINE_SURFACE_WITH_KNOTS('',3,1,((#10449,#10450),(#10451,#10452),
(#10453,#10454),(#10455,#10456)),.SURF_OF_LINEAR_EXTRUSION.,.F.,.F.,.F.,
(4,4),(2,2),(0.,1.),(0.,1.),.PIECEWISE_BEZIER_KNOTS.);
#102=B_SPLINE_SURFACE_WITH_KNOTS('',3,1,((#10466,#10467),(#10468,#10469),
(#10470,#10471),(#10472,#10473)),.SURF_OF_LINEAR_EXTRUSION.,.F.,.F.,.F.,
(4,4),(2,2),(0.,1.),(0.,1.),.PIECEWISE_BEZIER_KNOTS.);
#103=B_SPLINE_SURFACE_WITH_KNOTS('',3,1,((#10509,#10510),(#10511,#10512),
(#10513,#10514),(#10515,#10516)),.SURF_OF_LINEAR_EXTRUSION.,.F.,.F.,.F.,
(4,4),(2,2),(0.,1.),(0.,1.),.PIECEWISE_BEZIER_KNOTS.);
#104=B_SPLINE_SURFACE_WITH_KNOTS('',3,1,((#10522,#10523),(#10524,#10525),
(#10526,#10527),(#10528,#10529)),.SURF_OF_LINEAR_EXTRUSION.,.F.,.F.,.F.,
(4,4),(2,2),(0.,1.),(0.,1.),.PIECEWISE_BEZIER_KNOTS.);
#105=B_SPLINE_SURFACE_WITH_KNOTS('',3,1,((#10547,#10548),(#10549,#10550),
(#10551,#10552),(#10553,#10554)),.SURF_OF_LINEAR_EXTRUSION.,.F.,.F.,.F.,
(4,4),(2,2),(0.,1.),(0.,1.),.PIECEWISE_BEZIER_KNOTS.);
#106=B_SPLINE_SURFACE_WITH_KNOTS('',3,1,((#10560,#10561),(#10562,#10563),
(#10564,#10565),(#10566,#10567)),.SURF_OF_LINEAR_EXTRUSION.,.F.,.F.,.F.,
(4,4),(2,2),(0.,1.),(0.,1.),.PIECEWISE_BEZIER_KNOTS.);
#107=B_SPLINE_SURFACE_WITH_KNOTS('',3,1,((#10573,#10574),(#10575,#10576),
(#10577,#10578),(#10579,#10580)),.SURF_OF_LINEAR_EXTRUSION.,.F.,.F.,.F.,
(4,4),(2,2),(0.,1.),(0.,1.),.PIECEWISE_BEZIER_KNOTS.);
#108=B_SPLINE_SURFACE_WITH_KNOTS('',3,1,((#10594,#10595),(#10596,#10597),
(#10598,#10599),(#10600,#10601)),.SURF_OF_LINEAR_EXTRUSION.,.F.,.F.,.F.,
(4,4),(2,2),(0.,1.),(0.,1.),.PIECEWISE_BEZIER_KNOTS.);
#109=B_SPLINE_SURFACE_WITH_KNOTS('',3,1,((#10607,#10608),(#10609,#10610),
(#10611,#10612),(#10613,#10614)),.SURF_OF_LINEAR_EXTRUSION.,.F.,.F.,.F.,
(4,4),(2,2),(0.,1.),(0.,1.),.PIECEWISE_BEZIER_KNOTS.);
#110=B_SPLINE_SURFACE_WITH_KNOTS('',3,1,((#10620,#10621),(#10622,#10623),
(#10624,#10625),(#10626,#10627)),.SURF_OF_LINEAR_EXTRUSION.,.F.,.F.,.F.,
(4,4),(2,2),(0.,1.),(0.,1.),.PIECEWISE_BEZIER_KNOTS.);
#111=B_SPLINE_SURFACE_WITH_KNOTS('',3,1,((#10633,#10634),(#10635,#10636),
(#10637,#10638),(#10639,#10640)),.SURF_OF_LINEAR_EXTRUSION.,.F.,.F.,.F.,
(4,4),(2,2),(0.,1.),(0.,1.),.PIECEWISE_BEZIER_KNOTS.);
#112=B_SPLINE_SURFACE_WITH_KNOTS('',3,1,((#10646,#10647),(#10648,#10649),
(#10650,#10651),(#10652,#10653)),.SURF_OF_LINEAR_EXTRUSION.,.F.,.F.,.F.,
(4,4),(2,2),(0.,1.),(0.,1.),.PIECEWISE_BEZIER_KNOTS.);
#113=B_SPLINE_SURFACE_WITH_KNOTS('',3,1,((#10661,#10662),(#10663,#10664),
(#10665,#10666),(#10667,#10668)),.SURF_OF_LINEAR_EXTRUSION.,.F.,.F.,.F.,
(4,4),(2,2),(0.,1.),(0.,1.),.PIECEWISE_BEZIER_KNOTS.);
#114=B_SPLINE_SURFACE_WITH_KNOTS('',3,1,((#10697,#10698),(#10699,#10700),
(#10701,#10702),(#10703,#10704)),.SURF_OF_LINEAR_EXTRUSION.,.F.,.F.,.F.,
(4,4),(2,2),(0.,1.),(0.,1.),.PIECEWISE_BEZIER_KNOTS.);
#115=B_SPLINE_SURFACE_WITH_KNOTS('',3,1,((#10714,#10715),(#10716,#10717),
(#10718,#10719),(#10720,#10721)),.SURF_OF_LINEAR_EXTRUSION.,.F.,.F.,.F.,
(4,4),(2,2),(0.,1.),(0.,1.),.PIECEWISE_BEZIER_KNOTS.);
#116=B_SPLINE_SURFACE_WITH_KNOTS('',3,1,((#10731,#10732),(#10733,#10734),
(#10735,#10736),(#10737,#10738)),.SURF_OF_LINEAR_EXTRUSION.,.F.,.F.,.F.,
(4,4),(2,2),(0.,1.),(0.,1.),.PIECEWISE_BEZIER_KNOTS.);
#117=B_SPLINE_SURFACE_WITH_KNOTS('',3,1,((#10748,#10749),(#10750,#10751),
(#10752,#10753),(#10754,#10755)),.SURF_OF_LINEAR_EXTRUSION.,.F.,.F.,.F.,
(4,4),(2,2),(0.,1.),(0.,1.),.PIECEWISE_BEZIER_KNOTS.);
#118=B_SPLINE_SURFACE_WITH_KNOTS('',3,1,((#10763,#10764),(#10765,#10766),
(#10767,#10768),(#10769,#10770)),.SURF_OF_LINEAR_EXTRUSION.,.F.,.F.,.F.,
(4,4),(2,2),(0.,1.),(0.,1.),.PIECEWISE_BEZIER_KNOTS.);
#119=B_SPLINE_SURFACE_WITH_KNOTS('',3,1,((#10796,#10797),(#10798,#10799),
(#10800,#10801),(#10802,#10803)),.SURF_OF_LINEAR_EXTRUSION.,.F.,.F.,.F.,
(4,4),(2,2),(0.,1.),(0.,1.),.PIECEWISE_BEZIER_KNOTS.);
#120=B_SPLINE_SURFACE_WITH_KNOTS('',3,1,((#10807,#10808),(#10809,#10810),
(#10811,#10812),(#10813,#10814)),.SURF_OF_LINEAR_EXTRUSION.,.F.,.F.,.F.,
(4,4),(2,2),(0.,1.),(0.,1.),.PIECEWISE_BEZIER_KNOTS.);
#121=B_SPLINE_SURFACE_WITH_KNOTS('',3,1,((#10822,#10823),(#10824,#10825),
(#10826,#10827),(#10828,#10829)),.SURF_OF_LINEAR_EXTRUSION.,.F.,.F.,.F.,
(4,4),(2,2),(0.,1.),(0.,1.),.PIECEWISE_BEZIER_KNOTS.);
#122=B_SPLINE_SURFACE_WITH_KNOTS('',3,1,((#10842,#10843),(#10844,#10845),
(#10846,#10847),(#10848,#10849)),.SURF_OF_LINEAR_EXTRUSION.,.F.,.F.,.F.,
(4,4),(2,2),(0.,1.),(0.,1.),.PIECEWISE_BEZIER_KNOTS.);
#123=B_SPLINE_SURFACE_WITH_KNOTS('',3,1,((#10859,#10860),(#10861,#10862),
(#10863,#10864),(#10865,#10866)),.SURF_OF_LINEAR_EXTRUSION.,.F.,.F.,.F.,
(4,4),(2,2),(0.,1.),(0.,1.),.PIECEWISE_BEZIER_KNOTS.);
#124=B_SPLINE_SURFACE_WITH_KNOTS('',3,1,((#10876,#10877),(#10878,#10879),
(#10880,#10881),(#10882,#10883)),.SURF_OF_LINEAR_EXTRUSION.,.F.,.F.,.F.,
(4,4),(2,2),(0.,1.),(0.,1.),.PIECEWISE_BEZIER_KNOTS.);
#125=B_SPLINE_SURFACE_WITH_KNOTS('',3,1,((#10893,#10894),(#10895,#10896),
(#10897,#10898),(#10899,#10900)),.SURF_OF_LINEAR_EXTRUSION.,.F.,.F.,.F.,
(4,4),(2,2),(0.,1.),(0.,1.),.PIECEWISE_BEZIER_KNOTS.);
#126=B_SPLINE_SURFACE_WITH_KNOTS('',3,1,((#10936,#10937),(#10938,#10939),
(#10940,#10941),(#10942,#10943)),.SURF_OF_LINEAR_EXTRUSION.,.F.,.F.,.F.,
(4,4),(2,2),(0.,1.),(0.,1.),.PIECEWISE_BEZIER_KNOTS.);
#127=B_SPLINE_SURFACE_WITH_KNOTS('',3,1,((#10949,#10950),(#10951,#10952),
(#10953,#10954),(#10955,#10956)),.SURF_OF_LINEAR_EXTRUSION.,.F.,.F.,.F.,
(4,4),(2,2),(0.,1.),(0.,1.),.PIECEWISE_BEZIER_KNOTS.);
#128=B_SPLINE_SURFACE_WITH_KNOTS('',3,1,((#10974,#10975),(#10976,#10977),
(#10978,#10979),(#10980,#10981)),.SURF_OF_LINEAR_EXTRUSION.,.F.,.F.,.F.,
(4,4),(2,2),(0.,1.),(0.,1.),.PIECEWISE_BEZIER_KNOTS.);
#129=B_SPLINE_SURFACE_WITH_KNOTS('',3,1,((#10987,#10988),(#10989,#10990),
(#10991,#10992),(#10993,#10994)),.SURF_OF_LINEAR_EXTRUSION.,.F.,.F.,.F.,
(4,4),(2,2),(0.,1.),(0.,1.),.PIECEWISE_BEZIER_KNOTS.);
#130=B_SPLINE_SURFACE_WITH_KNOTS('',3,1,((#11000,#11001),(#11002,#11003),
(#11004,#11005),(#11006,#11007)),.SURF_OF_LINEAR_EXTRUSION.,.F.,.F.,.F.,
(4,4),(2,2),(0.,1.),(0.,1.),.PIECEWISE_BEZIER_KNOTS.);
#131=B_SPLINE_SURFACE_WITH_KNOTS('',3,1,((#11021,#11022),(#11023,#11024),
(#11025,#11026),(#11027,#11028)),.SURF_OF_LINEAR_EXTRUSION.,.F.,.F.,.F.,
(4,4),(2,2),(0.,1.),(0.,1.),.PIECEWISE_BEZIER_KNOTS.);
#132=B_SPLINE_SURFACE_WITH_KNOTS('',3,1,((#11034,#11035),(#11036,#11037),
(#11038,#11039),(#11040,#11041)),.SURF_OF_LINEAR_EXTRUSION.,.F.,.F.,.F.,
(4,4),(2,2),(0.,1.),(0.,1.),.PIECEWISE_BEZIER_KNOTS.);
#133=B_SPLINE_SURFACE_WITH_KNOTS('',3,1,((#11047,#11048),(#11049,#11050),
(#11051,#11052),(#11053,#11054)),.SURF_OF_LINEAR_EXTRUSION.,.F.,.F.,.F.,
(4,4),(2,2),(0.,1.),(0.,1.),.PIECEWISE_BEZIER_KNOTS.);
#134=B_SPLINE_SURFACE_WITH_KNOTS('',3,1,((#11060,#11061),(#11062,#11063),
(#11064,#11065),(#11066,#11067)),.SURF_OF_LINEAR_EXTRUSION.,.F.,.F.,.F.,
(4,4),(2,2),(0.,1.),(0.,1.),.PIECEWISE_BEZIER_KNOTS.);
#135=B_SPLINE_SURFACE_WITH_KNOTS('',3,1,((#11073,#11074),(#11075,#11076),
(#11077,#11078),(#11079,#11080)),.SURF_OF_LINEAR_EXTRUSION.,.F.,.F.,.F.,
(4,4),(2,2),(0.,1.),(0.,1.),.PIECEWISE_BEZIER_KNOTS.);
#136=B_SPLINE_SURFACE_WITH_KNOTS('',3,1,((#11088,#11089),(#11090,#11091),
(#11092,#11093),(#11094,#11095)),.SURF_OF_LINEAR_EXTRUSION.,.F.,.F.,.F.,
(4,4),(2,2),(0.,1.),(0.,1.),.PIECEWISE_BEZIER_KNOTS.);
#137=B_SPLINE_SURFACE_WITH_KNOTS('',3,1,((#11103,#11104),(#11105,#11106),
(#11107,#11108),(#11109,#11110)),.SURF_OF_LINEAR_EXTRUSION.,.F.,.F.,.F.,
(4,4),(2,2),(0.,1.),(0.,1.),.PIECEWISE_BEZIER_KNOTS.);
#138=B_SPLINE_SURFACE_WITH_KNOTS('',3,1,((#11123,#11124),(#11125,#11126),
(#11127,#11128),(#11129,#11130)),.SURF_OF_LINEAR_EXTRUSION.,.F.,.F.,.F.,
(4,4),(2,2),(0.,1.),(0.,1.),.PIECEWISE_BEZIER_KNOTS.);
#139=B_SPLINE_SURFACE_WITH_KNOTS('',3,1,((#11140,#11141),(#11142,#11143),
(#11144,#11145),(#11146,#11147)),.SURF_OF_LINEAR_EXTRUSION.,.F.,.F.,.F.,
(4,4),(2,2),(0.,1.),(0.,1.),.PIECEWISE_BEZIER_KNOTS.);
#140=B_SPLINE_SURFACE_WITH_KNOTS('',3,1,((#11157,#11158),(#11159,#11160),
(#11161,#11162),(#11163,#11164)),.SURF_OF_LINEAR_EXTRUSION.,.F.,.F.,.F.,
(4,4),(2,2),(0.,1.),(0.,1.),.PIECEWISE_BEZIER_KNOTS.);
#141=B_SPLINE_SURFACE_WITH_KNOTS('',3,1,((#11174,#11175),(#11176,#11177),
(#11178,#11179),(#11180,#11181)),.SURF_OF_LINEAR_EXTRUSION.,.F.,.F.,.F.,
(4,4),(2,2),(0.,1.),(0.,1.),.PIECEWISE_BEZIER_KNOTS.);
#142=B_SPLINE_SURFACE_WITH_KNOTS('',3,1,((#11191,#11192),(#11193,#11194),
(#11195,#11196),(#11197,#11198)),.SURF_OF_LINEAR_EXTRUSION.,.F.,.F.,.F.,
(4,4),(2,2),(0.,1.),(0.,1.),.PIECEWISE_BEZIER_KNOTS.);
#143=B_SPLINE_SURFACE_WITH_KNOTS('',3,1,((#11208,#11209),(#11210,#11211),
(#11212,#11213),(#11214,#11215)),.SURF_OF_LINEAR_EXTRUSION.,.F.,.F.,.F.,
(4,4),(2,2),(0.,1.),(0.,1.),.PIECEWISE_BEZIER_KNOTS.);
#144=B_SPLINE_SURFACE_WITH_KNOTS('',3,1,((#11269,#11270),(#11271,#11272),
(#11273,#11274),(#11275,#11276)),.SURF_OF_LINEAR_EXTRUSION.,.F.,.F.,.F.,
(4,4),(2,2),(0.,1.),(0.,1.),.PIECEWISE_BEZIER_KNOTS.);
#145=B_SPLINE_SURFACE_WITH_KNOTS('',3,1,((#11282,#11283),(#11284,#11285),
(#11286,#11287),(#11288,#11289)),.SURF_OF_LINEAR_EXTRUSION.,.F.,.F.,.F.,
(4,4),(2,2),(0.,1.),(0.,1.),.PIECEWISE_BEZIER_KNOTS.);
#146=B_SPLINE_SURFACE_WITH_KNOTS('',3,1,((#11295,#11296),(#11297,#11298),
(#11299,#11300),(#11301,#11302)),.SURF_OF_LINEAR_EXTRUSION.,.F.,.F.,.F.,
(4,4),(2,2),(0.,1.),(0.,1.),.PIECEWISE_BEZIER_KNOTS.);
#147=B_SPLINE_SURFACE_WITH_KNOTS('',3,1,((#11308,#11309),(#11310,#11311),
(#11312,#11313),(#11314,#11315)),.SURF_OF_LINEAR_EXTRUSION.,.F.,.F.,.F.,
(4,4),(2,2),(0.,1.),(0.,1.),.PIECEWISE_BEZIER_KNOTS.);
#148=B_SPLINE_SURFACE_WITH_KNOTS('',3,1,((#11321,#11322),(#11323,#11324),
(#11325,#11326),(#11327,#11328)),.SURF_OF_LINEAR_EXTRUSION.,.F.,.F.,.F.,
(4,4),(2,2),(0.,1.),(0.,1.),.PIECEWISE_BEZIER_KNOTS.);
#149=B_SPLINE_SURFACE_WITH_KNOTS('',3,1,((#11334,#11335),(#11336,#11337),
(#11338,#11339),(#11340,#11341)),.SURF_OF_LINEAR_EXTRUSION.,.F.,.F.,.F.,
(4,4),(2,2),(0.,1.),(0.,1.),.PIECEWISE_BEZIER_KNOTS.);
#150=B_SPLINE_SURFACE_WITH_KNOTS('',3,1,((#11345,#11346),(#11347,#11348),
(#11349,#11350),(#11351,#11352)),.SURF_OF_LINEAR_EXTRUSION.,.F.,.F.,.F.,
(4,4),(2,2),(0.,1.),(0.,1.),.PIECEWISE_BEZIER_KNOTS.);
#151=SPHERICAL_SURFACE('',#6624,0.001);
#152=SPHERICAL_SURFACE('',#6628,0.001);
#153=SPHERICAL_SURFACE('',#6632,0.001);
#154=SPHERICAL_SURFACE('',#6636,0.001);
#155=SPHERICAL_SURFACE('',#6640,0.001);
#156=SPHERICAL_SURFACE('',#6642,0.001);
#157=SPHERICAL_SURFACE('',#6648,0.001);
#158=SPHERICAL_SURFACE('',#6650,0.001);
#159=SPHERICAL_SURFACE('',#6870,0.001);
#160=SPHERICAL_SURFACE('',#6890,0.001);
#161=SPHERICAL_SURFACE('',#6896,0.001);
#162=SPHERICAL_SURFACE('',#6900,0.001);
#163=SPHERICAL_SURFACE('',#6904,0.001);
#164=SPHERICAL_SURFACE('',#6908,0.001);
#165=SPHERICAL_SURFACE('',#6912,0.001);
#166=SPHERICAL_SURFACE('',#6916,0.001);
#167=B_SPLINE_CURVE_WITH_KNOTS('',3,(#8301,#8302,#8303,#8304),
 .UNSPECIFIED.,.F.,.F.,(4,4),(0.,0.00107651234135669),.UNSPECIFIED.);
#168=B_SPLINE_CURVE_WITH_KNOTS('',2,(#8312,#8313,#8314),.UNSPECIFIED.,.F.,
 .F.,(3,3),(0.,1.),.PIECEWISE_BEZIER_KNOTS.);
#169=B_SPLINE_CURVE_WITH_KNOTS('',2,(#8316,#8317,#8318),.UNSPECIFIED.,.F.,
 .F.,(3,3),(0.,1.),.PIECEWISE_BEZIER_KNOTS.);
#170=B_SPLINE_CURVE_WITH_KNOTS('',2,(#8320,#8321,#8322),.UNSPECIFIED.,.F.,
 .F.,(3,3),(0.,1.),.PIECEWISE_BEZIER_KNOTS.);
#171=B_SPLINE_CURVE_WITH_KNOTS('',2,(#8324,#8325,#8326),.UNSPECIFIED.,.F.,
 .F.,(3,3),(0.,1.),.PIECEWISE_BEZIER_KNOTS.);
#172=B_SPLINE_CURVE_WITH_KNOTS('',2,(#8328,#8329,#8330),.UNSPECIFIED.,.F.,
 .F.,(3,3),(0.,1.),.PIECEWISE_BEZIER_KNOTS.);
#173=B_SPLINE_CURVE_WITH_KNOTS('',2,(#8332,#8333,#8334),.UNSPECIFIED.,.F.,
 .F.,(3,3),(0.,1.),.PIECEWISE_BEZIER_KNOTS.);
#174=B_SPLINE_CURVE_WITH_KNOTS('',2,(#8351,#8352,#8353),.UNSPECIFIED.,.F.,
 .F.,(3,3),(0.,1.),.PIECEWISE_BEZIER_KNOTS.);
#175=B_SPLINE_CURVE_WITH_KNOTS('',2,(#8356,#8357,#8358),.UNSPECIFIED.,.F.,
 .F.,(3,3),(0.,1.),.PIECEWISE_BEZIER_KNOTS.);
#176=B_SPLINE_CURVE_WITH_KNOTS('',2,(#8370,#8371,#8372),.UNSPECIFIED.,.F.,
 .F.,(3,3),(0.,1.),.PIECEWISE_BEZIER_KNOTS.);
#177=B_SPLINE_CURVE_WITH_KNOTS('',2,(#8373,#8374,#8375),.UNSPECIFIED.,.F.,
 .F.,(3,3),(0.,1.),.PIECEWISE_BEZIER_KNOTS.);
#178=B_SPLINE_CURVE_WITH_KNOTS('',2,(#8378,#8379,#8380),.UNSPECIFIED.,.F.,
 .F.,(3,3),(0.,1.),.PIECEWISE_BEZIER_KNOTS.);
#179=B_SPLINE_CURVE_WITH_KNOTS('',2,(#8382,#8383,#8384),.UNSPECIFIED.,.F.,
 .F.,(3,3),(0.,1.),.PIECEWISE_BEZIER_KNOTS.);
#180=B_SPLINE_CURVE_WITH_KNOTS('',2,(#8386,#8387,#8388),.UNSPECIFIED.,.F.,
 .F.,(3,3),(0.,1.),.PIECEWISE_BEZIER_KNOTS.);
#181=B_SPLINE_CURVE_WITH_KNOTS('',2,(#8390,#8391,#8392),.UNSPECIFIED.,.F.,
 .F.,(3,3),(0.,1.),.PIECEWISE_BEZIER_KNOTS.);
#182=B_SPLINE_CURVE_WITH_KNOTS('',2,(#8412,#8413,#8414),.UNSPECIFIED.,.F.,
 .F.,(3,3),(0.,1.),.PIECEWISE_BEZIER_KNOTS.);
#183=B_SPLINE_CURVE_WITH_KNOTS('',2,(#8415,#8416,#8417),.UNSPECIFIED.,.F.,
 .F.,(3,3),(0.,1.),.PIECEWISE_BEZIER_KNOTS.);
#184=B_SPLINE_CURVE_WITH_KNOTS('',2,(#8479,#8480,#8481),.UNSPECIFIED.,.F.,
 .F.,(3,3),(0.,1.),.PIECEWISE_BEZIER_KNOTS.);
#185=B_SPLINE_CURVE_WITH_KNOTS('',2,(#8519,#8520,#8521),.UNSPECIFIED.,.F.,
 .F.,(3,3),(0.,1.),.PIECEWISE_BEZIER_KNOTS.);
#186=B_SPLINE_CURVE_WITH_KNOTS('',2,(#8524,#8525,#8526),.UNSPECIFIED.,.F.,
 .F.,(3,3),(0.,1.),.PIECEWISE_BEZIER_KNOTS.);
#187=B_SPLINE_CURVE_WITH_KNOTS('',2,(#8528,#8529,#8530),.UNSPECIFIED.,.F.,
 .F.,(3,3),(0.,1.),.PIECEWISE_BEZIER_KNOTS.);
#188=B_SPLINE_CURVE_WITH_KNOTS('',2,(#8532,#8533,#8534),.UNSPECIFIED.,.F.,
 .F.,(3,3),(0.,1.),.PIECEWISE_BEZIER_KNOTS.);
#189=B_SPLINE_CURVE_WITH_KNOTS('',2,(#8538,#8539,#8540),.UNSPECIFIED.,.F.,
 .F.,(3,3),(0.,1.),.PIECEWISE_BEZIER_KNOTS.);
#190=B_SPLINE_CURVE_WITH_KNOTS('',2,(#8548,#8549,#8550),.UNSPECIFIED.,.F.,
 .F.,(3,3),(0.,1.),.PIECEWISE_BEZIER_KNOTS.);
#191=B_SPLINE_CURVE_WITH_KNOTS('',2,(#8552,#8553,#8554),.UNSPECIFIED.,.F.,
 .F.,(3,3),(0.,1.),.PIECEWISE_BEZIER_KNOTS.);
#192=B_SPLINE_CURVE_WITH_KNOTS('',2,(#8556,#8557,#8558),.UNSPECIFIED.,.F.,
 .F.,(3,3),(0.,1.),.PIECEWISE_BEZIER_KNOTS.);
#193=B_SPLINE_CURVE_WITH_KNOTS('',2,(#8560,#8561,#8562),.UNSPECIFIED.,.F.,
 .F.,(3,3),(0.,1.),.PIECEWISE_BEZIER_KNOTS.);
#194=B_SPLINE_CURVE_WITH_KNOTS('',2,(#8566,#8567,#8568),.UNSPECIFIED.,.F.,
 .F.,(3,3),(0.,1.),.PIECEWISE_BEZIER_KNOTS.);
#195=B_SPLINE_CURVE_WITH_KNOTS('',2,(#8569,#8570,#8571),.UNSPECIFIED.,.F.,
 .F.,(3,3),(0.,1.),.PIECEWISE_BEZIER_KNOTS.);
#196=B_SPLINE_CURVE_WITH_KNOTS('',2,(#8574,#8575,#8576),.UNSPECIFIED.,.F.,
 .F.,(3,3),(0.,1.),.PIECEWISE_BEZIER_KNOTS.);
#197=B_SPLINE_CURVE_WITH_KNOTS('',2,(#8578,#8579,#8580),.UNSPECIFIED.,.F.,
 .F.,(3,3),(0.,1.),.PIECEWISE_BEZIER_KNOTS.);
#198=B_SPLINE_CURVE_WITH_KNOTS('',2,(#8582,#8583,#8584),.UNSPECIFIED.,.F.,
 .F.,(3,3),(0.,1.),.PIECEWISE_BEZIER_KNOTS.);
#199=B_SPLINE_CURVE_WITH_KNOTS('',2,(#8586,#8587,#8588),.UNSPECIFIED.,.F.,
 .F.,(3,3),(0.,1.),.PIECEWISE_BEZIER_KNOTS.);
#200=B_SPLINE_CURVE_WITH_KNOTS('',2,(#8592,#8593,#8594),.UNSPECIFIED.,.F.,
 .F.,(3,3),(0.,1.),.PIECEWISE_BEZIER_KNOTS.);
#201=B_SPLINE_CURVE_WITH_KNOTS('',2,(#8596,#8597,#8598),.UNSPECIFIED.,.F.,
 .F.,(3,3),(0.,1.),.PIECEWISE_BEZIER_KNOTS.);
#202=B_SPLINE_CURVE_WITH_KNOTS('',2,(#8600,#8601,#8602),.UNSPECIFIED.,.F.,
 .F.,(3,3),(0.,1.),.PIECEWISE_BEZIER_KNOTS.);
#203=B_SPLINE_CURVE_WITH_KNOTS('',2,(#8604,#8605,#8606),.UNSPECIFIED.,.F.,
 .F.,(3,3),(0.,1.),.PIECEWISE_BEZIER_KNOTS.);
#204=B_SPLINE_CURVE_WITH_KNOTS('',2,(#8608,#8609,#8610),.UNSPECIFIED.,.F.,
 .F.,(3,3),(0.,1.),.PIECEWISE_BEZIER_KNOTS.);
#205=B_SPLINE_CURVE_WITH_KNOTS('',2,(#8612,#8613,#8614),.UNSPECIFIED.,.F.,
 .F.,(3,3),(0.,1.),.PIECEWISE_BEZIER_KNOTS.);
#206=B_SPLINE_CURVE_WITH_KNOTS('',2,(#8616,#8617,#8618),.UNSPECIFIED.,.F.,
 .F.,(3,3),(0.,1.),.PIECEWISE_BEZIER_KNOTS.);
#207=B_SPLINE_CURVE_WITH_KNOTS('',2,(#8622,#8623,#8624),.UNSPECIFIED.,.F.,
 .F.,(3,3),(0.,1.),.PIECEWISE_BEZIER_KNOTS.);
#208=B_SPLINE_CURVE_WITH_KNOTS('',2,(#8628,#8629,#8630),.UNSPECIFIED.,.F.,
 .F.,(3,3),(0.,1.),.PIECEWISE_BEZIER_KNOTS.);
#209=B_SPLINE_CURVE_WITH_KNOTS('',2,(#8632,#8633,#8634),.UNSPECIFIED.,.F.,
 .F.,(3,3),(0.,1.),.PIECEWISE_BEZIER_KNOTS.);
#210=B_SPLINE_CURVE_WITH_KNOTS('',2,(#8636,#8637,#8638),.UNSPECIFIED.,.F.,
 .F.,(3,3),(0.,1.),.PIECEWISE_BEZIER_KNOTS.);
#211=B_SPLINE_CURVE_WITH_KNOTS('',2,(#8640,#8641,#8642),.UNSPECIFIED.,.F.,
 .F.,(3,3),(0.,1.),.PIECEWISE_BEZIER_KNOTS.);
#212=B_SPLINE_CURVE_WITH_KNOTS('',2,(#8658,#8659,#8660),.UNSPECIFIED.,.F.,
 .F.,(3,3),(0.,1.),.PIECEWISE_BEZIER_KNOTS.);
#213=B_SPLINE_CURVE_WITH_KNOTS('',2,(#8662,#8663,#8664),.UNSPECIFIED.,.F.,
 .F.,(3,3),(0.,1.),.PIECEWISE_BEZIER_KNOTS.);
#214=B_SPLINE_CURVE_WITH_KNOTS('',2,(#8666,#8667,#8668),.UNSPECIFIED.,.F.,
 .F.,(3,3),(0.,1.),.PIECEWISE_BEZIER_KNOTS.);
#215=B_SPLINE_CURVE_WITH_KNOTS('',2,(#8673,#8674,#8675),.UNSPECIFIED.,.F.,
 .F.,(3,3),(0.,1.),.PIECEWISE_BEZIER_KNOTS.);
#216=B_SPLINE_CURVE_WITH_KNOTS('',2,(#8678,#8679,#8680),.UNSPECIFIED.,.F.,
 .F.,(3,3),(0.,1.),.PIECEWISE_BEZIER_KNOTS.);
#217=B_SPLINE_CURVE_WITH_KNOTS('',2,(#8682,#8683,#8684),.UNSPECIFIED.,.F.,
 .F.,(3,3),(0.,1.),.PIECEWISE_BEZIER_KNOTS.);
#218=B_SPLINE_CURVE_WITH_KNOTS('',2,(#8686,#8687,#8688),.UNSPECIFIED.,.F.,
 .F.,(3,3),(0.,1.),.PIECEWISE_BEZIER_KNOTS.);
#219=B_SPLINE_CURVE_WITH_KNOTS('',2,(#8692,#8693,#8694),.UNSPECIFIED.,.F.,
 .F.,(3,3),(0.,1.),.PIECEWISE_BEZIER_KNOTS.);
#220=B_SPLINE_CURVE_WITH_KNOTS('',2,(#8702,#8703,#8704),.UNSPECIFIED.,.F.,
 .F.,(3,3),(0.,1.),.PIECEWISE_BEZIER_KNOTS.);
#221=B_SPLINE_CURVE_WITH_KNOTS('',2,(#8706,#8707,#8708),.UNSPECIFIED.,.F.,
 .F.,(3,3),(0.,1.),.PIECEWISE_BEZIER_KNOTS.);
#222=B_SPLINE_CURVE_WITH_KNOTS('',2,(#8710,#8711,#8712),.UNSPECIFIED.,.F.,
 .F.,(3,3),(0.,1.),.PIECEWISE_BEZIER_KNOTS.);
#223=B_SPLINE_CURVE_WITH_KNOTS('',2,(#8714,#8715,#8716),.UNSPECIFIED.,.F.,
 .F.,(3,3),(0.,1.),.PIECEWISE_BEZIER_KNOTS.);
#224=B_SPLINE_CURVE_WITH_KNOTS('',2,(#8720,#8721,#8722),.UNSPECIFIED.,.F.,
 .F.,(3,3),(0.,1.),.PIECEWISE_BEZIER_KNOTS.);
#225=B_SPLINE_CURVE_WITH_KNOTS('',2,(#8728,#8729,#8730),.UNSPECIFIED.,.F.,
 .F.,(3,3),(0.,1.),.PIECEWISE_BEZIER_KNOTS.);
#226=B_SPLINE_CURVE_WITH_KNOTS('',2,(#8732,#8733,#8734),.UNSPECIFIED.,.F.,
 .F.,(3,3),(0.,1.),.PIECEWISE_BEZIER_KNOTS.);
#227=B_SPLINE_CURVE_WITH_KNOTS('',2,(#8736,#8737,#8738),.UNSPECIFIED.,.F.,
 .F.,(3,3),(0.,1.),.PIECEWISE_BEZIER_KNOTS.);
#228=B_SPLINE_CURVE_WITH_KNOTS('',2,(#8740,#8741,#8742),.UNSPECIFIED.,.F.,
 .F.,(3,3),(0.,1.),.PIECEWISE_BEZIER_KNOTS.);
#229=B_SPLINE_CURVE_WITH_KNOTS('',2,(#8744,#8745,#8746),.UNSPECIFIED.,.F.,
 .F.,(3,3),(0.,1.),.PIECEWISE_BEZIER_KNOTS.);
#230=B_SPLINE_CURVE_WITH_KNOTS('',2,(#8752,#8753,#8754),.UNSPECIFIED.,.F.,
 .F.,(3,3),(0.,1.),.PIECEWISE_BEZIER_KNOTS.);
#231=B_SPLINE_CURVE_WITH_KNOTS('',2,(#8756,#8757,#8758),.UNSPECIFIED.,.F.,
 .F.,(3,3),(0.,1.),.PIECEWISE_BEZIER_KNOTS.);
#232=B_SPLINE_CURVE_WITH_KNOTS('',2,(#8760,#8761,#8762),.UNSPECIFIED.,.F.,
 .F.,(3,3),(0.,1.),.PIECEWISE_BEZIER_KNOTS.);
#233=B_SPLINE_CURVE_WITH_KNOTS('',2,(#8770,#8771,#8772),.UNSPECIFIED.,.F.,
 .F.,(3,3),(0.,1.),.PIECEWISE_BEZIER_KNOTS.);
#234=B_SPLINE_CURVE_WITH_KNOTS('',2,(#8774,#8775,#8776),.UNSPECIFIED.,.F.,
 .F.,(3,3),(0.,1.),.PIECEWISE_BEZIER_KNOTS.);
#235=B_SPLINE_CURVE_WITH_KNOTS('',2,(#8786,#8787,#8788),.UNSPECIFIED.,.F.,
 .F.,(3,3),(0.,1.),.PIECEWISE_BEZIER_KNOTS.);
#236=B_SPLINE_CURVE_WITH_KNOTS('',2,(#8790,#8791,#8792),.UNSPECIFIED.,.F.,
 .F.,(3,3),(0.,1.),.PIECEWISE_BEZIER_KNOTS.);
#237=B_SPLINE_CURVE_WITH_KNOTS('',2,(#8794,#8795,#8796),.UNSPECIFIED.,.F.,
 .F.,(3,3),(0.,1.),.PIECEWISE_BEZIER_KNOTS.);
#238=B_SPLINE_CURVE_WITH_KNOTS('',2,(#8798,#8799,#8800),.UNSPECIFIED.,.F.,
 .F.,(3,3),(0.,1.),.PIECEWISE_BEZIER_KNOTS.);
#239=B_SPLINE_CURVE_WITH_KNOTS('',2,(#8802,#8803,#8804),.UNSPECIFIED.,.F.,
 .F.,(3,3),(0.,1.),.PIECEWISE_BEZIER_KNOTS.);
#240=B_SPLINE_CURVE_WITH_KNOTS('',2,(#8810,#8811,#8812),.UNSPECIFIED.,.F.,
 .F.,(3,3),(0.,1.),.PIECEWISE_BEZIER_KNOTS.);
#241=B_SPLINE_CURVE_WITH_KNOTS('',2,(#8814,#8815,#8816),.UNSPECIFIED.,.F.,
 .F.,(3,3),(0.,1.),.PIECEWISE_BEZIER_KNOTS.);
#242=B_SPLINE_CURVE_WITH_KNOTS('',2,(#8818,#8819,#8820),.UNSPECIFIED.,.F.,
 .F.,(3,3),(0.,1.),.PIECEWISE_BEZIER_KNOTS.);
#243=B_SPLINE_CURVE_WITH_KNOTS('',2,(#8828,#8829,#8830),.UNSPECIFIED.,.F.,
 .F.,(3,3),(0.,1.),.PIECEWISE_BEZIER_KNOTS.);
#244=B_SPLINE_CURVE_WITH_KNOTS('',2,(#8832,#8833,#8834),.UNSPECIFIED.,.F.,
 .F.,(3,3),(0.,1.),.PIECEWISE_BEZIER_KNOTS.);
#245=B_SPLINE_CURVE_WITH_KNOTS('',2,(#8844,#8845,#8846),.UNSPECIFIED.,.F.,
 .F.,(3,3),(0.,1.),.PIECEWISE_BEZIER_KNOTS.);
#246=B_SPLINE_CURVE_WITH_KNOTS('',2,(#8848,#8849,#8850),.UNSPECIFIED.,.F.,
 .F.,(3,3),(0.,1.),.PIECEWISE_BEZIER_KNOTS.);
#247=B_SPLINE_CURVE_WITH_KNOTS('',2,(#8852,#8853,#8854),.UNSPECIFIED.,.F.,
 .F.,(3,3),(0.,1.),.PIECEWISE_BEZIER_KNOTS.);
#248=B_SPLINE_CURVE_WITH_KNOTS('',2,(#8856,#8857,#8858),.UNSPECIFIED.,.F.,
 .F.,(3,3),(0.,1.),.PIECEWISE_BEZIER_KNOTS.);
#249=B_SPLINE_CURVE_WITH_KNOTS('',2,(#8860,#8861,#8862),.UNSPECIFIED.,.F.,
 .F.,(3,3),(0.,1.),.PIECEWISE_BEZIER_KNOTS.);
#250=B_SPLINE_CURVE_WITH_KNOTS('',2,(#8868,#8869,#8870),.UNSPECIFIED.,.F.,
 .F.,(3,3),(0.,1.),.PIECEWISE_BEZIER_KNOTS.);
#251=B_SPLINE_CURVE_WITH_KNOTS('',2,(#8872,#8873,#8874),.UNSPECIFIED.,.F.,
 .F.,(3,3),(0.,1.),.PIECEWISE_BEZIER_KNOTS.);
#252=B_SPLINE_CURVE_WITH_KNOTS('',2,(#8876,#8877,#8878),.UNSPECIFIED.,.F.,
 .F.,(3,3),(0.,1.),.PIECEWISE_BEZIER_KNOTS.);
#253=B_SPLINE_CURVE_WITH_KNOTS('',2,(#8886,#8887,#8888),.UNSPECIFIED.,.F.,
 .F.,(3,3),(0.,1.),.PIECEWISE_BEZIER_KNOTS.);
#254=B_SPLINE_CURVE_WITH_KNOTS('',2,(#8890,#8891,#8892),.UNSPECIFIED.,.F.,
 .F.,(3,3),(0.,1.),.PIECEWISE_BEZIER_KNOTS.);
#255=B_SPLINE_CURVE_WITH_KNOTS('',3,(#8990,#8991,#8992,#8993),
 .UNSPECIFIED.,.F.,.F.,(4,4),(0.,0.00109712132354678),.UNSPECIFIED.);
#256=B_SPLINE_CURVE_WITH_KNOTS('',2,(#9055,#9056,#9057),.UNSPECIFIED.,.F.,
 .F.,(3,3),(0.,1.),.PIECEWISE_BEZIER_KNOTS.);
#257=B_SPLINE_CURVE_WITH_KNOTS('',2,(#9070,#9071,#9072),.UNSPECIFIED.,.F.,
 .F.,(3,3),(0.,1.),.PIECEWISE_BEZIER_KNOTS.);
#258=B_SPLINE_CURVE_WITH_KNOTS('',2,(#9087,#9088,#9089),.UNSPECIFIED.,.F.,
 .F.,(3,3),(0.,1.),.PIECEWISE_BEZIER_KNOTS.);
#259=B_SPLINE_CURVE_WITH_KNOTS('',2,(#9100,#9101,#9102),.UNSPECIFIED.,.F.,
 .F.,(3,3),(0.,1.),.PIECEWISE_BEZIER_KNOTS.);
#260=B_SPLINE_CURVE_WITH_KNOTS('',2,(#9113,#9114,#9115),.UNSPECIFIED.,.F.,
 .F.,(3,3),(0.,1.),.PIECEWISE_BEZIER_KNOTS.);
#261=B_SPLINE_CURVE_WITH_KNOTS('',2,(#9126,#9127,#9128),.UNSPECIFIED.,.F.,
 .F.,(3,3),(0.,1.),.PIECEWISE_BEZIER_KNOTS.);
#262=B_SPLINE_CURVE_WITH_KNOTS('',2,(#9151,#9152,#9153),.UNSPECIFIED.,.F.,
 .F.,(3,3),(0.,1.),.PIECEWISE_BEZIER_KNOTS.);
#263=B_SPLINE_CURVE_WITH_KNOTS('',2,(#9168,#9169,#9170),.UNSPECIFIED.,.F.,
 .F.,(3,3),(0.,1.),.PIECEWISE_BEZIER_KNOTS.);
#264=B_SPLINE_CURVE_WITH_KNOTS('',2,(#9181,#9182,#9183),.UNSPECIFIED.,.F.,
 .F.,(3,3),(0.,1.),.PIECEWISE_BEZIER_KNOTS.);
#265=B_SPLINE_CURVE_WITH_KNOTS('',2,(#9192,#9193,#9194),.UNSPECIFIED.,.F.,
 .F.,(3,3),(0.,1.),.PIECEWISE_BEZIER_KNOTS.);
#266=B_SPLINE_CURVE_WITH_KNOTS('',2,(#9206,#9207,#9208),.UNSPECIFIED.,.F.,
 .F.,(3,3),(0.,1.),.PIECEWISE_BEZIER_KNOTS.);
#267=B_SPLINE_CURVE_WITH_KNOTS('',2,(#9276,#9277,#9278),.UNSPECIFIED.,.F.,
 .F.,(3,3),(0.,1.),.PIECEWISE_BEZIER_KNOTS.);
#268=B_SPLINE_CURVE_WITH_KNOTS('',2,(#9291,#9292,#9293),.UNSPECIFIED.,.F.,
 .F.,(3,3),(0.,1.),.PIECEWISE_BEZIER_KNOTS.);
#269=B_SPLINE_CURVE_WITH_KNOTS('',2,(#9308,#9309,#9310),.UNSPECIFIED.,.F.,
 .F.,(3,3),(0.,1.),.PIECEWISE_BEZIER_KNOTS.);
#270=B_SPLINE_CURVE_WITH_KNOTS('',2,(#9321,#9322,#9323),.UNSPECIFIED.,.F.,
 .F.,(3,3),(0.,1.),.PIECEWISE_BEZIER_KNOTS.);
#271=B_SPLINE_CURVE_WITH_KNOTS('',2,(#9334,#9335,#9336),.UNSPECIFIED.,.F.,
 .F.,(3,3),(0.,1.),.PIECEWISE_BEZIER_KNOTS.);
#272=B_SPLINE_CURVE_WITH_KNOTS('',2,(#9347,#9348,#9349),.UNSPECIFIED.,.F.,
 .F.,(3,3),(0.,1.),.PIECEWISE_BEZIER_KNOTS.);
#273=B_SPLINE_CURVE_WITH_KNOTS('',2,(#9360,#9361,#9362),.UNSPECIFIED.,.F.,
 .F.,(3,3),(0.,1.),.PIECEWISE_BEZIER_KNOTS.);
#274=B_SPLINE_CURVE_WITH_KNOTS('',2,(#9373,#9374,#9375),.UNSPECIFIED.,.F.,
 .F.,(3,3),(0.,1.),.PIECEWISE_BEZIER_KNOTS.);
#275=B_SPLINE_CURVE_WITH_KNOTS('',2,(#9386,#9387,#9388),.UNSPECIFIED.,.F.,
 .F.,(3,3),(0.,1.),.PIECEWISE_BEZIER_KNOTS.);
#276=B_SPLINE_CURVE_WITH_KNOTS('',2,(#9403,#9404,#9405),.UNSPECIFIED.,.F.,
 .F.,(3,3),(0.,1.),.PIECEWISE_BEZIER_KNOTS.);
#277=B_SPLINE_CURVE_WITH_KNOTS('',2,(#9416,#9417,#9418),.UNSPECIFIED.,.F.,
 .F.,(3,3),(0.,1.),.PIECEWISE_BEZIER_KNOTS.);
#278=B_SPLINE_CURVE_WITH_KNOTS('',2,(#9429,#9430,#9431),.UNSPECIFIED.,.F.,
 .F.,(3,3),(0.,1.),.PIECEWISE_BEZIER_KNOTS.);
#279=B_SPLINE_CURVE_WITH_KNOTS('',2,(#9440,#9441,#9442),.UNSPECIFIED.,.F.,
 .F.,(3,3),(0.,1.),.PIECEWISE_BEZIER_KNOTS.);
#280=B_SPLINE_CURVE_WITH_KNOTS('',2,(#9485,#9486,#9487),.UNSPECIFIED.,.F.,
 .F.,(3,3),(0.,1.),.PIECEWISE_BEZIER_KNOTS.);
#281=B_SPLINE_CURVE_WITH_KNOTS('',2,(#9498,#9499,#9500),.UNSPECIFIED.,.F.,
 .F.,(3,3),(0.,1.),.PIECEWISE_BEZIER_KNOTS.);
#282=B_SPLINE_CURVE_WITH_KNOTS('',2,(#9511,#9512,#9513),.UNSPECIFIED.,.F.,
 .F.,(3,3),(0.,1.),.PIECEWISE_BEZIER_KNOTS.);
#283=B_SPLINE_CURVE_WITH_KNOTS('',2,(#9552,#9553,#9554),.UNSPECIFIED.,.F.,
 .F.,(3,3),(0.,1.),.PIECEWISE_BEZIER_KNOTS.);
#284=B_SPLINE_CURVE_WITH_KNOTS('',2,(#9565,#9566,#9567),.UNSPECIFIED.,.F.,
 .F.,(3,3),(0.,1.),.PIECEWISE_BEZIER_KNOTS.);
#285=B_SPLINE_CURVE_WITH_KNOTS('',2,(#9578,#9579,#9580),.UNSPECIFIED.,.F.,
 .F.,(3,3),(0.,1.),.PIECEWISE_BEZIER_KNOTS.);
#286=B_SPLINE_CURVE_WITH_KNOTS('',2,(#9589,#9590,#9591),.UNSPECIFIED.,.F.,
 .F.,(3,3),(0.,1.),.PIECEWISE_BEZIER_KNOTS.);
#287=B_SPLINE_CURVE_WITH_KNOTS('',2,(#9652,#9653,#9654),.UNSPECIFIED.,.F.,
 .F.,(3,3),(0.,1.),.PIECEWISE_BEZIER_KNOTS.);
#288=B_SPLINE_CURVE_WITH_KNOTS('',2,(#9667,#9668,#9669),.UNSPECIFIED.,.F.,
 .F.,(3,3),(0.,1.),.PIECEWISE_BEZIER_KNOTS.);
#289=B_SPLINE_CURVE_WITH_KNOTS('',2,(#9684,#9685,#9686),.UNSPECIFIED.,.F.,
 .F.,(3,3),(0.,1.),.PIECEWISE_BEZIER_KNOTS.);
#290=B_SPLINE_CURVE_WITH_KNOTS('',2,(#9697,#9698,#9699),.UNSPECIFIED.,.F.,
 .F.,(3,3),(0.,1.),.PIECEWISE_BEZIER_KNOTS.);
#291=B_SPLINE_CURVE_WITH_KNOTS('',2,(#9710,#9711,#9712),.UNSPECIFIED.,.F.,
 .F.,(3,3),(0.,1.),.PIECEWISE_BEZIER_KNOTS.);
#292=B_SPLINE_CURVE_WITH_KNOTS('',2,(#9723,#9724,#9725),.UNSPECIFIED.,.F.,
 .F.,(3,3),(0.,1.),.PIECEWISE_BEZIER_KNOTS.);
#293=B_SPLINE_CURVE_WITH_KNOTS('',2,(#9748,#9749,#9750),.UNSPECIFIED.,.F.,
 .F.,(3,3),(0.,1.),.PIECEWISE_BEZIER_KNOTS.);
#294=B_SPLINE_CURVE_WITH_KNOTS('',2,(#9765,#9766,#9767),.UNSPECIFIED.,.F.,
 .F.,(3,3),(0.,1.),.PIECEWISE_BEZIER_KNOTS.);
#295=B_SPLINE_CURVE_WITH_KNOTS('',2,(#9778,#9779,#9780),.UNSPECIFIED.,.F.,
 .F.,(3,3),(0.,1.),.PIECEWISE_BEZIER_KNOTS.);
#296=B_SPLINE_CURVE_WITH_KNOTS('',2,(#9789,#9790,#9791),.UNSPECIFIED.,.F.,
 .F.,(3,3),(0.,1.),.PIECEWISE_BEZIER_KNOTS.);
#297=B_SPLINE_CURVE_WITH_KNOTS('',2,(#9803,#9804,#9805),.UNSPECIFIED.,.F.,
 .F.,(3,3),(0.,1.),.PIECEWISE_BEZIER_KNOTS.);
#298=B_SPLINE_CURVE_WITH_KNOTS('',2,(#9871,#9872,#9873),.UNSPECIFIED.,.F.,
 .F.,(3,3),(0.,1.),.PIECEWISE_BEZIER_KNOTS.);
#299=B_SPLINE_CURVE_WITH_KNOTS('',2,(#9878,#9879,#9880),.UNSPECIFIED.,.F.,
 .F.,(3,3),(0.,1.),.PIECEWISE_BEZIER_KNOTS.);
#300=B_SPLINE_CURVE_WITH_KNOTS('',2,(#9891,#9892,#9893),.UNSPECIFIED.,.F.,
 .F.,(3,3),(0.,1.),.PIECEWISE_BEZIER_KNOTS.);
#301=B_SPLINE_CURVE_WITH_KNOTS('',2,(#9897,#9898,#9899),.UNSPECIFIED.,.F.,
 .F.,(3,3),(0.,1.),.PIECEWISE_BEZIER_KNOTS.);
#302=B_SPLINE_CURVE_WITH_KNOTS('',2,(#9908,#9909,#9910),.UNSPECIFIED.,.F.,
 .F.,(3,3),(0.,1.),.PIECEWISE_BEZIER_KNOTS.);
#303=B_SPLINE_CURVE_WITH_KNOTS('',2,(#9914,#9915,#9916),.UNSPECIFIED.,.F.,
 .F.,(3,3),(0.,1.),.PIECEWISE_BEZIER_KNOTS.);
#304=B_SPLINE_CURVE_WITH_KNOTS('',2,(#9925,#9926,#9927),.UNSPECIFIED.,.F.,
 .F.,(3,3),(0.,1.),.PIECEWISE_BEZIER_KNOTS.);
#305=B_SPLINE_CURVE_WITH_KNOTS('',2,(#9931,#9932,#9933),.UNSPECIFIED.,.F.,
 .F.,(3,3),(0.,1.),.PIECEWISE_BEZIER_KNOTS.);
#306=B_SPLINE_CURVE_WITH_KNOTS('',2,(#9942,#9943,#9944),.UNSPECIFIED.,.F.,
 .F.,(3,3),(0.,1.),.PIECEWISE_BEZIER_KNOTS.);
#307=B_SPLINE_CURVE_WITH_KNOTS('',2,(#9948,#9949,#9950),.UNSPECIFIED.,.F.,
 .F.,(3,3),(0.,1.),.PIECEWISE_BEZIER_KNOTS.);
#308=B_SPLINE_CURVE_WITH_KNOTS('',2,(#9987,#9988,#9989),.UNSPECIFIED.,.F.,
 .F.,(3,3),(0.,1.),.PIECEWISE_BEZIER_KNOTS.);
#309=B_SPLINE_CURVE_WITH_KNOTS('',2,(#10000,#10001,#10002),
 .UNSPECIFIED.,.F.,.F.,(3,3),(0.,1.),.PIECEWISE_BEZIER_KNOTS.);
#310=B_SPLINE_CURVE_WITH_KNOTS('',2,(#10025,#10026,#10027),
 .UNSPECIFIED.,.F.,.F.,(3,3),(0.,1.),.PIECEWISE_BEZIER_KNOTS.);
#311=B_SPLINE_CURVE_WITH_KNOTS('',2,(#10038,#10039,#10040),
 .UNSPECIFIED.,.F.,.F.,(3,3),(0.,1.),.PIECEWISE_BEZIER_KNOTS.);
#312=B_SPLINE_CURVE_WITH_KNOTS('',2,(#10051,#10052,#10053),
 .UNSPECIFIED.,.F.,.F.,(3,3),(0.,1.),.PIECEWISE_BEZIER_KNOTS.);
#313=B_SPLINE_CURVE_WITH_KNOTS('',2,(#10072,#10073,#10074),
 .UNSPECIFIED.,.F.,.F.,(3,3),(0.,1.),.PIECEWISE_BEZIER_KNOTS.);
#314=B_SPLINE_CURVE_WITH_KNOTS('',2,(#10085,#10086,#10087),
 .UNSPECIFIED.,.F.,.F.,(3,3),(0.,1.),.PIECEWISE_BEZIER_KNOTS.);
#315=B_SPLINE_CURVE_WITH_KNOTS('',2,(#10098,#10099,#10100),
 .UNSPECIFIED.,.F.,.F.,(3,3),(0.,1.),.PIECEWISE_BEZIER_KNOTS.);
#316=B_SPLINE_CURVE_WITH_KNOTS('',2,(#10111,#10112,#10113),
 .UNSPECIFIED.,.F.,.F.,(3,3),(0.,1.),.PIECEWISE_BEZIER_KNOTS.);
#317=B_SPLINE_CURVE_WITH_KNOTS('',2,(#10124,#10125,#10126),
 .UNSPECIFIED.,.F.,.F.,(3,3),(0.,1.),.PIECEWISE_BEZIER_KNOTS.);
#318=B_SPLINE_CURVE_WITH_KNOTS('',2,(#10137,#10138,#10139),
 .UNSPECIFIED.,.F.,.F.,(3,3),(0.,1.),.PIECEWISE_BEZIER_KNOTS.);
#319=B_SPLINE_CURVE_WITH_KNOTS('',2,(#10140,#10141,#10142),
 .UNSPECIFIED.,.F.,.F.,(3,3),(0.,1.),.PIECEWISE_BEZIER_KNOTS.);
#320=B_SPLINE_CURVE_WITH_KNOTS('',2,(#10152,#10153,#10154),
 .UNSPECIFIED.,.F.,.F.,(3,3),(0.,1.),.PIECEWISE_BEZIER_KNOTS.);
#321=B_SPLINE_CURVE_WITH_KNOTS('',2,(#10159,#10160,#10161),
 .UNSPECIFIED.,.F.,.F.,(3,3),(0.,1.),.PIECEWISE_BEZIER_KNOTS.);
#322=B_SPLINE_CURVE_WITH_KNOTS('',2,(#10172,#10173,#10174),
 .UNSPECIFIED.,.F.,.F.,(3,3),(0.,1.),.PIECEWISE_BEZIER_KNOTS.);
#323=B_SPLINE_CURVE_WITH_KNOTS('',2,(#10178,#10179,#10180),
 .UNSPECIFIED.,.F.,.F.,(3,3),(0.,1.),.PIECEWISE_BEZIER_KNOTS.);
#324=B_SPLINE_CURVE_WITH_KNOTS('',2,(#10189,#10190,#10191),
 .UNSPECIFIED.,.F.,.F.,(3,3),(0.,1.),.PIECEWISE_BEZIER_KNOTS.);
#325=B_SPLINE_CURVE_WITH_KNOTS('',2,(#10195,#10196,#10197),
 .UNSPECIFIED.,.F.,.F.,(3,3),(0.,1.),.PIECEWISE_BEZIER_KNOTS.);
#326=B_SPLINE_CURVE_WITH_KNOTS('',2,(#10206,#10207,#10208),
 .UNSPECIFIED.,.F.,.F.,(3,3),(0.,1.),.PIECEWISE_BEZIER_KNOTS.);
#327=B_SPLINE_CURVE_WITH_KNOTS('',2,(#10212,#10213,#10214),
 .UNSPECIFIED.,.F.,.F.,(3,3),(0.,1.),.PIECEWISE_BEZIER_KNOTS.);
#328=B_SPLINE_CURVE_WITH_KNOTS('',2,(#10223,#10224,#10225),
 .UNSPECIFIED.,.F.,.F.,(3,3),(0.,1.),.PIECEWISE_BEZIER_KNOTS.);
#329=B_SPLINE_CURVE_WITH_KNOTS('',2,(#10229,#10230,#10231),
 .UNSPECIFIED.,.F.,.F.,(3,3),(0.,1.),.PIECEWISE_BEZIER_KNOTS.);
#330=B_SPLINE_CURVE_WITH_KNOTS('',2,(#10240,#10241,#10242),
 .UNSPECIFIED.,.F.,.F.,(3,3),(0.,1.),.PIECEWISE_BEZIER_KNOTS.);
#331=B_SPLINE_CURVE_WITH_KNOTS('',2,(#10246,#10247,#10248),
 .UNSPECIFIED.,.F.,.F.,(3,3),(0.,1.),.PIECEWISE_BEZIER_KNOTS.);
#332=B_SPLINE_CURVE_WITH_KNOTS('',2,(#10257,#10258,#10259),
 .UNSPECIFIED.,.F.,.F.,(3,3),(0.,1.),.PIECEWISE_BEZIER_KNOTS.);
#333=B_SPLINE_CURVE_WITH_KNOTS('',2,(#10263,#10264,#10265),
 .UNSPECIFIED.,.F.,.F.,(3,3),(0.,1.),.PIECEWISE_BEZIER_KNOTS.);
#334=B_SPLINE_CURVE_WITH_KNOTS('',2,(#10276,#10277,#10278),
 .UNSPECIFIED.,.F.,.F.,(3,3),(0.,1.),.PIECEWISE_BEZIER_KNOTS.);
#335=B_SPLINE_CURVE_WITH_KNOTS('',2,(#10291,#10292,#10293),
 .UNSPECIFIED.,.F.,.F.,(3,3),(0.,1.),.PIECEWISE_BEZIER_KNOTS.);
#336=B_SPLINE_CURVE_WITH_KNOTS('',2,(#10340,#10341,#10342),
 .UNSPECIFIED.,.F.,.F.,(3,3),(0.,1.),.PIECEWISE_BEZIER_KNOTS.);
#337=B_SPLINE_CURVE_WITH_KNOTS('',2,(#10353,#10354,#10355),
 .UNSPECIFIED.,.F.,.F.,(3,3),(0.,1.),.PIECEWISE_BEZIER_KNOTS.);
#338=B_SPLINE_CURVE_WITH_KNOTS('',2,(#10366,#10367,#10368),
 .UNSPECIFIED.,.F.,.F.,(3,3),(0.,1.),.PIECEWISE_BEZIER_KNOTS.);
#339=B_SPLINE_CURVE_WITH_KNOTS('',2,(#10377,#10378,#10379),
 .UNSPECIFIED.,.F.,.F.,(3,3),(0.,1.),.PIECEWISE_BEZIER_KNOTS.);
#340=B_SPLINE_CURVE_WITH_KNOTS('',2,(#10388,#10389,#10390),
 .UNSPECIFIED.,.F.,.F.,(3,3),(0.,1.),.PIECEWISE_BEZIER_KNOTS.);
#341=B_SPLINE_CURVE_WITH_KNOTS('',2,(#10391,#10392,#10393),
 .UNSPECIFIED.,.F.,.F.,(3,3),(0.,1.),.PIECEWISE_BEZIER_KNOTS.);
#342=B_SPLINE_CURVE_WITH_KNOTS('',2,(#10403,#10404,#10405),
 .UNSPECIFIED.,.F.,.F.,(3,3),(0.,1.),.PIECEWISE_BEZIER_KNOTS.);
#343=B_SPLINE_CURVE_WITH_KNOTS('',2,(#10410,#10411,#10412),
 .UNSPECIFIED.,.F.,.F.,(3,3),(0.,1.),.PIECEWISE_BEZIER_KNOTS.);
#344=B_SPLINE_CURVE_WITH_KNOTS('',2,(#10423,#10424,#10425),
 .UNSPECIFIED.,.F.,.F.,(3,3),(0.,1.),.PIECEWISE_BEZIER_KNOTS.);
#345=B_SPLINE_CURVE_WITH_KNOTS('',2,(#10429,#10430,#10431),
 .UNSPECIFIED.,.F.,.F.,(3,3),(0.,1.),.PIECEWISE_BEZIER_KNOTS.);
#346=B_SPLINE_CURVE_WITH_KNOTS('',2,(#10440,#10441,#10442),
 .UNSPECIFIED.,.F.,.F.,(3,3),(0.,1.),.PIECEWISE_BEZIER_KNOTS.);
#347=B_SPLINE_CURVE_WITH_KNOTS('',2,(#10446,#10447,#10448),
 .UNSPECIFIED.,.F.,.F.,(3,3),(0.,1.),.PIECEWISE_BEZIER_KNOTS.);
#348=B_SPLINE_CURVE_WITH_KNOTS('',2,(#10457,#10458,#10459),
 .UNSPECIFIED.,.F.,.F.,(3,3),(0.,1.),.PIECEWISE_BEZIER_KNOTS.);
#349=B_SPLINE_CURVE_WITH_KNOTS('',2,(#10463,#10464,#10465),
 .UNSPECIFIED.,.F.,.F.,(3,3),(0.,1.),.PIECEWISE_BEZIER_KNOTS.);
#350=B_SPLINE_CURVE_WITH_KNOTS('',2,(#10474,#10475,#10476),
 .UNSPECIFIED.,.F.,.F.,(3,3),(0.,1.),.PIECEWISE_BEZIER_KNOTS.);
#351=B_SPLINE_CURVE_WITH_KNOTS('',2,(#10480,#10481,#10482),
 .UNSPECIFIED.,.F.,.F.,(3,3),(0.,1.),.PIECEWISE_BEZIER_KNOTS.);
#352=B_SPLINE_CURVE_WITH_KNOTS('',2,(#10519,#10520,#10521),
 .UNSPECIFIED.,.F.,.F.,(3,3),(0.,1.),.PIECEWISE_BEZIER_KNOTS.);
#353=B_SPLINE_CURVE_WITH_KNOTS('',2,(#10532,#10533,#10534),
 .UNSPECIFIED.,.F.,.F.,(3,3),(0.,1.),.PIECEWISE_BEZIER_KNOTS.);
#354=B_SPLINE_CURVE_WITH_KNOTS('',2,(#10557,#10558,#10559),
 .UNSPECIFIED.,.F.,.F.,(3,3),(0.,1.),.PIECEWISE_BEZIER_KNOTS.);
#355=B_SPLINE_CURVE_WITH_KNOTS('',2,(#10570,#10571,#10572),
 .UNSPECIFIED.,.F.,.F.,(3,3),(0.,1.),.PIECEWISE_BEZIER_KNOTS.);
#356=B_SPLINE_CURVE_WITH_KNOTS('',2,(#10583,#10584,#10585),
 .UNSPECIFIED.,.F.,.F.,(3,3),(0.,1.),.PIECEWISE_BEZIER_KNOTS.);
#357=B_SPLINE_CURVE_WITH_KNOTS('',2,(#10604,#10605,#10606),
 .UNSPECIFIED.,.F.,.F.,(3,3),(0.,1.),.PIECEWISE_BEZIER_KNOTS.);
#358=B_SPLINE_CURVE_WITH_KNOTS('',2,(#10617,#10618,#10619),
 .UNSPECIFIED.,.F.,.F.,(3,3),(0.,1.),.PIECEWISE_BEZIER_KNOTS.);
#359=B_SPLINE_CURVE_WITH_KNOTS('',2,(#10630,#10631,#10632),
 .UNSPECIFIED.,.F.,.F.,(3,3),(0.,1.),.PIECEWISE_BEZIER_KNOTS.);
#360=B_SPLINE_CURVE_WITH_KNOTS('',2,(#10643,#10644,#10645),
 .UNSPECIFIED.,.F.,.F.,(3,3),(0.,1.),.PIECEWISE_BEZIER_KNOTS.);
#361=B_SPLINE_CURVE_WITH_KNOTS('',2,(#10656,#10657,#10658),
 .UNSPECIFIED.,.F.,.F.,(3,3),(0.,1.),.PIECEWISE_BEZIER_KNOTS.);
#362=B_SPLINE_CURVE_WITH_KNOTS('',2,(#10669,#10670,#10671),
 .UNSPECIFIED.,.F.,.F.,(3,3),(0.,1.),.PIECEWISE_BEZIER_KNOTS.);
#363=B_SPLINE_CURVE_WITH_KNOTS('',2,(#10672,#10673,#10674),
 .UNSPECIFIED.,.F.,.F.,(3,3),(0.,1.),.PIECEWISE_BEZIER_KNOTS.);
#364=B_SPLINE_CURVE_WITH_KNOTS('',2,(#10705,#10706,#10707),
 .UNSPECIFIED.,.F.,.F.,(3,3),(0.,1.),.PIECEWISE_BEZIER_KNOTS.);
#365=B_SPLINE_CURVE_WITH_KNOTS('',2,(#10711,#10712,#10713),
 .UNSPECIFIED.,.F.,.F.,(3,3),(0.,1.),.PIECEWISE_BEZIER_KNOTS.);
#366=B_SPLINE_CURVE_WITH_KNOTS('',2,(#10722,#10723,#10724),
 .UNSPECIFIED.,.F.,.F.,(3,3),(0.,1.),.PIECEWISE_BEZIER_KNOTS.);
#367=B_SPLINE_CURVE_WITH_KNOTS('',2,(#10728,#10729,#10730),
 .UNSPECIFIED.,.F.,.F.,(3,3),(0.,1.),.PIECEWISE_BEZIER_KNOTS.);
#368=B_SPLINE_CURVE_WITH_KNOTS('',2,(#10739,#10740,#10741),
 .UNSPECIFIED.,.F.,.F.,(3,3),(0.,1.),.PIECEWISE_BEZIER_KNOTS.);
#369=B_SPLINE_CURVE_WITH_KNOTS('',2,(#10745,#10746,#10747),
 .UNSPECIFIED.,.F.,.F.,(3,3),(0.,1.),.PIECEWISE_BEZIER_KNOTS.);
#370=B_SPLINE_CURVE_WITH_KNOTS('',2,(#10758,#10759,#10760),
 .UNSPECIFIED.,.F.,.F.,(3,3),(0.,1.),.PIECEWISE_BEZIER_KNOTS.);
#371=B_SPLINE_CURVE_WITH_KNOTS('',2,(#10773,#10774,#10775),
 .UNSPECIFIED.,.F.,.F.,(3,3),(0.,1.),.PIECEWISE_BEZIER_KNOTS.);
#372=B_SPLINE_CURVE_WITH_KNOTS('',2,(#10804,#10805,#10806),
 .UNSPECIFIED.,.F.,.F.,(3,3),(0.,1.),.PIECEWISE_BEZIER_KNOTS.);
#373=B_SPLINE_CURVE_WITH_KNOTS('',2,(#10815,#10816,#10817),
 .UNSPECIFIED.,.F.,.F.,(3,3),(0.,1.),.PIECEWISE_BEZIER_KNOTS.);
#374=B_SPLINE_CURVE_WITH_KNOTS('',2,(#10818,#10819,#10820),
 .UNSPECIFIED.,.F.,.F.,(3,3),(0.,1.),.PIECEWISE_BEZIER_KNOTS.);
#375=B_SPLINE_CURVE_WITH_KNOTS('',2,(#10830,#10831,#10832),
 .UNSPECIFIED.,.F.,.F.,(3,3),(0.,1.),.PIECEWISE_BEZIER_KNOTS.);
#376=B_SPLINE_CURVE_WITH_KNOTS('',2,(#10837,#10838,#10839),
 .UNSPECIFIED.,.F.,.F.,(3,3),(0.,1.),.PIECEWISE_BEZIER_KNOTS.);
#377=B_SPLINE_CURVE_WITH_KNOTS('',2,(#10850,#10851,#10852),
 .UNSPECIFIED.,.F.,.F.,(3,3),(0.,1.),.PIECEWISE_BEZIER_KNOTS.);
#378=B_SPLINE_CURVE_WITH_KNOTS('',2,(#10856,#10857,#10858),
 .UNSPECIFIED.,.F.,.F.,(3,3),(0.,1.),.PIECEWISE_BEZIER_KNOTS.);
#379=B_SPLINE_CURVE_WITH_KNOTS('',2,(#10867,#10868,#10869),
 .UNSPECIFIED.,.F.,.F.,(3,3),(0.,1.),.PIECEWISE_BEZIER_KNOTS.);
#380=B_SPLINE_CURVE_WITH_KNOTS('',2,(#10873,#10874,#10875),
 .UNSPECIFIED.,.F.,.F.,(3,3),(0.,1.),.PIECEWISE_BEZIER_KNOTS.);
#381=B_SPLINE_CURVE_WITH_KNOTS('',2,(#10884,#10885,#10886),
 .UNSPECIFIED.,.F.,.F.,(3,3),(0.,1.),.PIECEWISE_BEZIER_KNOTS.);
#382=B_SPLINE_CURVE_WITH_KNOTS('',2,(#10890,#10891,#10892),
 .UNSPECIFIED.,.F.,.F.,(3,3),(0.,1.),.PIECEWISE_BEZIER_KNOTS.);
#383=B_SPLINE_CURVE_WITH_KNOTS('',2,(#10901,#10902,#10903),
 .UNSPECIFIED.,.F.,.F.,(3,3),(0.,1.),.PIECEWISE_BEZIER_KNOTS.);
#384=B_SPLINE_CURVE_WITH_KNOTS('',2,(#10907,#10908,#10909),
 .UNSPECIFIED.,.F.,.F.,(3,3),(0.,1.),.PIECEWISE_BEZIER_KNOTS.);
#385=B_SPLINE_CURVE_WITH_KNOTS('',2,(#10946,#10947,#10948),
 .UNSPECIFIED.,.F.,.F.,(3,3),(0.,1.),.PIECEWISE_BEZIER_KNOTS.);
#386=B_SPLINE_CURVE_WITH_KNOTS('',2,(#10959,#10960,#10961),
 .UNSPECIFIED.,.F.,.F.,(3,3),(0.,1.),.PIECEWISE_BEZIER_KNOTS.);
#387=B_SPLINE_CURVE_WITH_KNOTS('',2,(#10984,#10985,#10986),
 .UNSPECIFIED.,.F.,.F.,(3,3),(0.,1.),.PIECEWISE_BEZIER_KNOTS.);
#388=B_SPLINE_CURVE_WITH_KNOTS('',2,(#10997,#10998,#10999),
 .UNSPECIFIED.,.F.,.F.,(3,3),(0.,1.),.PIECEWISE_BEZIER_KNOTS.);
#389=B_SPLINE_CURVE_WITH_KNOTS('',2,(#11010,#11011,#11012),
 .UNSPECIFIED.,.F.,.F.,(3,3),(0.,1.),.PIECEWISE_BEZIER_KNOTS.);
#390=B_SPLINE_CURVE_WITH_KNOTS('',2,(#11031,#11032,#11033),
 .UNSPECIFIED.,.F.,.F.,(3,3),(0.,1.),.PIECEWISE_BEZIER_KNOTS.);
#391=B_SPLINE_CURVE_WITH_KNOTS('',2,(#11044,#11045,#11046),
 .UNSPECIFIED.,.F.,.F.,(3,3),(0.,1.),.PIECEWISE_BEZIER_KNOTS.);
#392=B_SPLINE_CURVE_WITH_KNOTS('',2,(#11057,#11058,#11059),
 .UNSPECIFIED.,.F.,.F.,(3,3),(0.,1.),.PIECEWISE_BEZIER_KNOTS.);
#393=B_SPLINE_CURVE_WITH_KNOTS('',2,(#11070,#11071,#11072),
 .UNSPECIFIED.,.F.,.F.,(3,3),(0.,1.),.PIECEWISE_BEZIER_KNOTS.);
#394=B_SPLINE_CURVE_WITH_KNOTS('',2,(#11083,#11084,#11085),
 .UNSPECIFIED.,.F.,.F.,(3,3),(0.,1.),.PIECEWISE_BEZIER_KNOTS.);
#395=B_SPLINE_CURVE_WITH_KNOTS('',2,(#11096,#11097,#11098),
 .UNSPECIFIED.,.F.,.F.,(3,3),(0.,1.),.PIECEWISE_BEZIER_KNOTS.);
#396=B_SPLINE_CURVE_WITH_KNOTS('',2,(#11099,#11100,#11101),
 .UNSPECIFIED.,.F.,.F.,(3,3),(0.,1.),.PIECEWISE_BEZIER_KNOTS.);
#397=B_SPLINE_CURVE_WITH_KNOTS('',2,(#11111,#11112,#11113),
 .UNSPECIFIED.,.F.,.F.,(3,3),(0.,1.),.PIECEWISE_BEZIER_KNOTS.);
#398=B_SPLINE_CURVE_WITH_KNOTS('',2,(#11118,#11119,#11120),
 .UNSPECIFIED.,.F.,.F.,(3,3),(0.,1.),.PIECEWISE_BEZIER_KNOTS.);
#399=B_SPLINE_CURVE_WITH_KNOTS('',2,(#11131,#11132,#11133),
 .UNSPECIFIED.,.F.,.F.,(3,3),(0.,1.),.PIECEWISE_BEZIER_KNOTS.);
#400=B_SPLINE_CURVE_WITH_KNOTS('',2,(#11137,#11138,#11139),
 .UNSPECIFIED.,.F.,.F.,(3,3),(0.,1.),.PIECEWISE_BEZIER_KNOTS.);
#401=B_SPLINE_CURVE_WITH_KNOTS('',2,(#11148,#11149,#11150),
 .UNSPECIFIED.,.F.,.F.,(3,3),(0.,1.),.PIECEWISE_BEZIER_KNOTS.);
#402=B_SPLINE_CURVE_WITH_KNOTS('',2,(#11154,#11155,#11156),
 .UNSPECIFIED.,.F.,.F.,(3,3),(0.,1.),.PIECEWISE_BEZIER_KNOTS.);
#403=B_SPLINE_CURVE_WITH_KNOTS('',2,(#11165,#11166,#11167),
 .UNSPECIFIED.,.F.,.F.,(3,3),(0.,1.),.PIECEWISE_BEZIER_KNOTS.);
#404=B_SPLINE_CURVE_WITH_KNOTS('',2,(#11171,#11172,#11173),
 .UNSPECIFIED.,.F.,.F.,(3,3),(0.,1.),.PIECEWISE_BEZIER_KNOTS.);
#405=B_SPLINE_CURVE_WITH_KNOTS('',2,(#11182,#11183,#11184),
 .UNSPECIFIED.,.F.,.F.,(3,3),(0.,1.),.PIECEWISE_BEZIER_KNOTS.);
#406=B_SPLINE_CURVE_WITH_KNOTS('',2,(#11188,#11189,#11190),
 .UNSPECIFIED.,.F.,.F.,(3,3),(0.,1.),.PIECEWISE_BEZIER_KNOTS.);
#407=B_SPLINE_CURVE_WITH_KNOTS('',2,(#11199,#11200,#11201),
 .UNSPECIFIED.,.F.,.F.,(3,3),(0.,1.),.PIECEWISE_BEZIER_KNOTS.);
#408=B_SPLINE_CURVE_WITH_KNOTS('',2,(#11205,#11206,#11207),
 .UNSPECIFIED.,.F.,.F.,(3,3),(0.,1.),.PIECEWISE_BEZIER_KNOTS.);
#409=B_SPLINE_CURVE_WITH_KNOTS('',2,(#11216,#11217,#11218),
 .UNSPECIFIED.,.F.,.F.,(3,3),(0.,1.),.PIECEWISE_BEZIER_KNOTS.);
#410=B_SPLINE_CURVE_WITH_KNOTS('',2,(#11222,#11223,#11224),
 .UNSPECIFIED.,.F.,.F.,(3,3),(0.,1.),.PIECEWISE_BEZIER_KNOTS.);
#411=B_SPLINE_CURVE_WITH_KNOTS('',2,(#11279,#11280,#11281),
 .UNSPECIFIED.,.F.,.F.,(3,3),(0.,1.),.PIECEWISE_BEZIER_KNOTS.);
#412=B_SPLINE_CURVE_WITH_KNOTS('',2,(#11292,#11293,#11294),
 .UNSPECIFIED.,.F.,.F.,(3,3),(0.,1.),.PIECEWISE_BEZIER_KNOTS.);
#413=B_SPLINE_CURVE_WITH_KNOTS('',2,(#11305,#11306,#11307),
 .UNSPECIFIED.,.F.,.F.,(3,3),(0.,1.),.PIECEWISE_BEZIER_KNOTS.);
#414=B_SPLINE_CURVE_WITH_KNOTS('',2,(#11318,#11319,#11320),
 .UNSPECIFIED.,.F.,.F.,(3,3),(0.,1.),.PIECEWISE_BEZIER_KNOTS.);
#415=B_SPLINE_CURVE_WITH_KNOTS('',2,(#11331,#11332,#11333),
 .UNSPECIFIED.,.F.,.F.,(3,3),(0.,1.),.PIECEWISE_BEZIER_KNOTS.);
#416=B_SPLINE_CURVE_WITH_KNOTS('',2,(#11342,#11343,#11344),
 .UNSPECIFIED.,.F.,.F.,(3,3),(0.,1.),.PIECEWISE_BEZIER_KNOTS.);
#417=B_SPLINE_CURVE_WITH_KNOTS('',2,(#11353,#11354,#11355),
 .UNSPECIFIED.,.F.,.F.,(3,3),(0.,1.),.PIECEWISE_BEZIER_KNOTS.);
#418=B_SPLINE_CURVE_WITH_KNOTS('',2,(#11356,#11357,#11358),
 .UNSPECIFIED.,.F.,.F.,(3,3),(0.,1.),.PIECEWISE_BEZIER_KNOTS.);
#419=B_SPLINE_CURVE_WITH_KNOTS('',3,(#11456,#11457,#11458,#11459,#11460),
 .UNSPECIFIED.,.F.,.F.,(4,1,4),(0.,0.000928615994283906,0.00185723198856781),
 .UNSPECIFIED.);
#420=B_SPLINE_CURVE_WITH_KNOTS('',3,(#11470,#11471,#11472,#11473,#11474),
 .UNSPECIFIED.,.F.,.F.,(4,1,4),(0.,0.000919925791583272,0.00183985158316654),
 .UNSPECIFIED.);
#421=CYLINDRICAL_SURFACE('',#6569,0.001);
#422=CYLINDRICAL_SURFACE('',#6597,0.001);
#423=CYLINDRICAL_SURFACE('',#6600,0.001);
#424=CYLINDRICAL_SURFACE('',#6603,0.001);
#425=CYLINDRICAL_SURFACE('',#6606,0.001);
#426=CYLINDRICAL_SURFACE('',#6609,0.001);
#427=CYLINDRICAL_SURFACE('',#6612,0.001);
#428=CYLINDRICAL_SURFACE('',#6615,0.001);
#429=CYLINDRICAL_SURFACE('',#6618,0.001);
#430=CYLINDRICAL_SURFACE('',#6621,0.001);
#431=CYLINDRICAL_SURFACE('',#6625,0.001);
#432=CYLINDRICAL_SURFACE('',#6629,0.001);
#433=CYLINDRICAL_SURFACE('',#6633,0.001);
#434=CYLINDRICAL_SURFACE('',#6637,0.001);
#435=CYLINDRICAL_SURFACE('',#6644,0.001);
#436=CYLINDRICAL_SURFACE('',#6646,0.001);
#437=CYLINDRICAL_SURFACE('',#6652,0.001);
#438=CYLINDRICAL_SURFACE('',#6654,0.0030405181817298);
#439=CYLINDRICAL_SURFACE('',#6656,0.00431113101227976);
#440=CYLINDRICAL_SURFACE('',#6659,0.00416807990687252);
#441=CYLINDRICAL_SURFACE('',#6663,0.0161174156193811);
#442=CYLINDRICAL_SURFACE('',#6689,0.00184704771952613);
#443=CYLINDRICAL_SURFACE('',#6712,0.00304051818171276);
#444=CYLINDRICAL_SURFACE('',#6714,0.00431113101227792);
#445=CYLINDRICAL_SURFACE('',#6717,0.00416807990403853);
#446=CYLINDRICAL_SURFACE('',#6721,0.0161174156194293);
#447=CYLINDRICAL_SURFACE('',#6741,0.00431307832199548);
#448=CYLINDRICAL_SURFACE('',#6743,0.00438264561745457);
#449=CYLINDRICAL_SURFACE('',#6751,0.0163579938577164);
#450=CYLINDRICAL_SURFACE('',#6759,0.0020468291533857);
#451=CYLINDRICAL_SURFACE('',#6767,0.00431307832199517);
#452=CYLINDRICAL_SURFACE('',#6769,0.00438264561745531);
#453=CYLINDRICAL_SURFACE('',#6790,0.00431307832199554);
#454=CYLINDRICAL_SURFACE('',#6792,0.00438264561745488);
#455=CYLINDRICAL_SURFACE('',#6834,0.001);
#456=CYLINDRICAL_SURFACE('',#6843,0.001);
#457=CYLINDRICAL_SURFACE('',#6845,0.001);
#458=CYLINDRICAL_SURFACE('',#6847,0.001);
#459=CYLINDRICAL_SURFACE('',#6848,0.001);
#460=CYLINDRICAL_SURFACE('',#6851,0.001);
#461=CYLINDRICAL_SURFACE('',#6860,0.001);
#462=CYLINDRICAL_SURFACE('',#6862,0.001);
#463=CYLINDRICAL_SURFACE('',#6864,0.001);
#464=CYLINDRICAL_SURFACE('',#6865,0.001);
#465=CYLINDRICAL_SURFACE('',#6867,0.001);
#466=CYLINDRICAL_SURFACE('',#6872,0.001);
#467=CYLINDRICAL_SURFACE('',#6876,0.001);
#468=CYLINDRICAL_SURFACE('',#6880,0.001);
#469=CYLINDRICAL_SURFACE('',#6884,0.001);
#470=CYLINDRICAL_SURFACE('',#6888,0.001);
#471=CYLINDRICAL_SURFACE('',#6892,0.001);
#472=CYLINDRICAL_SURFACE('',#6894,0.001);
#473=CYLINDRICAL_SURFACE('',#6898,0.001);
#474=CYLINDRICAL_SURFACE('',#6902,0.001);
#475=CYLINDRICAL_SURFACE('',#6906,0.001);
#476=CYLINDRICAL_SURFACE('',#6910,0.001);
#477=CYLINDRICAL_SURFACE('',#6914,0.001);
#478=CIRCLE('',#6560,0.002);
#479=CIRCLE('',#6561,0.002);
#480=CIRCLE('',#6562,0.002);
#481=CIRCLE('',#6563,0.002);
#482=CIRCLE('',#6565,0.002);
#483=CIRCLE('',#6566,0.002);
#484=CIRCLE('',#6570,0.001);
#485=CIRCLE('',#6571,0.001);
#486=CIRCLE('',#6573,0.0020468291533857);
#487=CIRCLE('',#6574,0.0163579938577164);
#488=CIRCLE('',#6575,0.0161174156194293);
#489=CIRCLE('',#6576,0.0161174156193811);
#490=CIRCLE('',#6577,0.00416807990687252);
#491=CIRCLE('',#6578,0.00431113101227976);
#492=CIRCLE('',#6579,0.0030405181817298);
#493=CIRCLE('',#6580,0.00184704771952613);
#494=CIRCLE('',#6581,0.00416807990403853);
#495=CIRCLE('',#6582,0.00431113101227792);
#496=CIRCLE('',#6583,0.00304051818171276);
#497=CIRCLE('',#6584,0.00438264561745457);
#498=CIRCLE('',#6585,0.00431307832199548);
#499=CIRCLE('',#6586,0.00438264561745531);
#500=CIRCLE('',#6587,0.00431307832199517);
#501=CIRCLE('',#6588,0.00438264561745488);
#502=CIRCLE('',#6589,0.00431307832199554);
#503=CIRCLE('',#6598,0.001);
#504=CIRCLE('',#6599,0.001);
#505=CIRCLE('',#6601,0.001);
#506=CIRCLE('',#6602,0.001);
#507=CIRCLE('',#6604,0.001);
#508=CIRCLE('',#6605,0.001);
#509=CIRCLE('',#6607,0.001);
#510=CIRCLE('',#6608,0.001);
#511=CIRCLE('',#6610,0.001);
#512=CIRCLE('',#6611,0.001);
#513=CIRCLE('',#6613,0.001);
#514=CIRCLE('',#6614,0.001);
#515=CIRCLE('',#6616,0.001);
#516=CIRCLE('',#6617,0.001);
#517=CIRCLE('',#6619,0.001);
#518=CIRCLE('',#6620,0.001);
#519=CIRCLE('',#6622,0.001);
#520=CIRCLE('',#6623,0.001);
#521=CIRCLE('',#6626,0.001);
#522=CIRCLE('',#6627,0.001);
#523=CIRCLE('',#6630,0.001);
#524=CIRCLE('',#6631,0.001);
#525=CIRCLE('',#6634,0.001);
#526=CIRCLE('',#6635,0.001);
#527=CIRCLE('',#6638,0.001);
#528=CIRCLE('',#6639,0.001);
#529=CIRCLE('',#6641,0.001);
#530=CIRCLE('',#6643,0.001);
#531=CIRCLE('',#6645,0.001);
#532=CIRCLE('',#6647,0.001);
#533=CIRCLE('',#6649,0.001);
#534=CIRCLE('',#6651,0.001);
#535=CIRCLE('',#6655,0.0030405181817298);
#536=CIRCLE('',#6657,0.00431113101227976);
#537=CIRCLE('',#6660,0.00416807990687252);
#538=CIRCLE('',#6664,0.0161174156193811);
#539=CIRCLE('',#6690,0.00184704771952613);
#540=CIRCLE('',#6713,0.00304051818171276);
#541=CIRCLE('',#6715,0.00431113101227792);
#542=CIRCLE('',#6718,0.00416807990403853);
#543=CIRCLE('',#6722,0.0161174156194293);
#544=CIRCLE('',#6742,0.00431307832199548);
#545=CIRCLE('',#6744,0.00438264561745457);
#546=CIRCLE('',#6752,0.0163579938577164);
#547=CIRCLE('',#6760,0.0020468291533857);
#548=CIRCLE('',#6768,0.00431307832199517);
#549=CIRCLE('',#6770,0.00438264561745531);
#550=CIRCLE('',#6791,0.00431307832199554);
#551=CIRCLE('',#6793,0.00438264561745488);
#552=CIRCLE('',#6830,0.002);
#553=CIRCLE('',#6832,0.002);
#554=CIRCLE('',#6835,0.001);
#555=CIRCLE('',#6836,0.001);
#556=CIRCLE('',#6838,0.001);
#557=CIRCLE('',#6839,0.001);
#558=CIRCLE('',#6841,0.001);
#559=CIRCLE('',#6842,0.001);
#560=CIRCLE('',#6849,0.001);
#561=CIRCLE('',#6850,0.001);
#562=CIRCLE('',#6852,0.001);
#563=CIRCLE('',#6853,0.001);
#564=CIRCLE('',#6855,0.001);
#565=CIRCLE('',#6857,0.001);
#566=CIRCLE('',#6858,0.001);
#567=CIRCLE('',#6859,0.001);
#568=CIRCLE('',#6866,0.001);
#569=CIRCLE('',#6868,0.001);
#570=CIRCLE('',#6869,0.001);
#571=CIRCLE('',#6871,0.001);
#572=CIRCLE('',#6873,0.001);
#573=CIRCLE('',#6875,0.001);
#574=CIRCLE('',#6877,0.001);
#575=CIRCLE('',#6879,0.001);
#576=CIRCLE('',#6881,0.001);
#577=CIRCLE('',#6883,0.001);
#578=CIRCLE('',#6885,0.001);
#579=CIRCLE('',#6887,0.001);
#580=CIRCLE('',#6889,0.001);
#581=CIRCLE('',#6891,0.001);
#582=CIRCLE('',#6893,0.001);
#583=CIRCLE('',#6895,0.001);
#584=CIRCLE('',#6897,0.001);
#585=CIRCLE('',#6899,0.001);
#586=CIRCLE('',#6901,0.001);
#587=CIRCLE('',#6903,0.001);
#588=CIRCLE('',#6905,0.001);
#589=CIRCLE('',#6907,0.001);
#590=CIRCLE('',#6909,0.001);
#591=CIRCLE('',#6911,0.001);
#592=CIRCLE('',#6913,0.001);
#593=CIRCLE('',#6915,0.001);
#594=ORIENTED_EDGE('',*,*,#2510,.T.);
#595=ORIENTED_EDGE('',*,*,#2511,.T.);
#596=ORIENTED_EDGE('',*,*,#2512,.T.);
#597=ORIENTED_EDGE('',*,*,#2513,.T.);
#598=ORIENTED_EDGE('',*,*,#2514,.T.);
#599=ORIENTED_EDGE('',*,*,#2515,.T.);
#600=ORIENTED_EDGE('',*,*,#2516,.T.);
#601=ORIENTED_EDGE('',*,*,#2517,.T.);
#602=ORIENTED_EDGE('',*,*,#2518,.T.);
#603=ORIENTED_EDGE('',*,*,#2519,.T.);
#604=ORIENTED_EDGE('',*,*,#2520,.T.);
#605=ORIENTED_EDGE('',*,*,#2521,.T.);
#606=ORIENTED_EDGE('',*,*,#2522,.T.);
#607=ORIENTED_EDGE('',*,*,#2523,.T.);
#608=ORIENTED_EDGE('',*,*,#2524,.T.);
#609=ORIENTED_EDGE('',*,*,#2525,.T.);
#610=ORIENTED_EDGE('',*,*,#2526,.T.);
#611=ORIENTED_EDGE('',*,*,#2527,.T.);
#612=ORIENTED_EDGE('',*,*,#2528,.T.);
#613=ORIENTED_EDGE('',*,*,#2529,.T.);
#614=ORIENTED_EDGE('',*,*,#2530,.T.);
#615=ORIENTED_EDGE('',*,*,#2531,.T.);
#616=ORIENTED_EDGE('',*,*,#2532,.T.);
#617=ORIENTED_EDGE('',*,*,#2533,.T.);
#618=ORIENTED_EDGE('',*,*,#2534,.T.);
#619=ORIENTED_EDGE('',*,*,#2535,.T.);
#620=ORIENTED_EDGE('',*,*,#2536,.T.);
#621=ORIENTED_EDGE('',*,*,#2537,.T.);
#622=ORIENTED_EDGE('',*,*,#2538,.T.);
#623=ORIENTED_EDGE('',*,*,#2539,.T.);
#624=ORIENTED_EDGE('',*,*,#2540,.T.);
#625=ORIENTED_EDGE('',*,*,#2541,.T.);
#626=ORIENTED_EDGE('',*,*,#2542,.T.);
#627=ORIENTED_EDGE('',*,*,#2543,.T.);
#628=ORIENTED_EDGE('',*,*,#2544,.T.);
#629=ORIENTED_EDGE('',*,*,#2545,.T.);
#630=ORIENTED_EDGE('',*,*,#2546,.T.);
#631=ORIENTED_EDGE('',*,*,#2547,.T.);
#632=ORIENTED_EDGE('',*,*,#2548,.T.);
#633=ORIENTED_EDGE('',*,*,#2549,.T.);
#634=ORIENTED_EDGE('',*,*,#2539,.F.);
#635=ORIENTED_EDGE('',*,*,#2550,.T.);
#636=ORIENTED_EDGE('',*,*,#2544,.F.);
#637=ORIENTED_EDGE('',*,*,#2551,.T.);
#638=ORIENTED_EDGE('',*,*,#2552,.T.);
#639=ORIENTED_EDGE('',*,*,#2553,.T.);
#640=ORIENTED_EDGE('',*,*,#2554,.T.);
#641=ORIENTED_EDGE('',*,*,#2555,.T.);
#642=ORIENTED_EDGE('',*,*,#2556,.T.);
#643=ORIENTED_EDGE('',*,*,#2557,.T.);
#644=ORIENTED_EDGE('',*,*,#2558,.T.);
#645=ORIENTED_EDGE('',*,*,#2559,.T.);
#646=ORIENTED_EDGE('',*,*,#2560,.T.);
#647=ORIENTED_EDGE('',*,*,#2561,.T.);
#648=ORIENTED_EDGE('',*,*,#2562,.T.);
#649=ORIENTED_EDGE('',*,*,#2563,.T.);
#650=ORIENTED_EDGE('',*,*,#2564,.T.);
#651=ORIENTED_EDGE('',*,*,#2565,.T.);
#652=ORIENTED_EDGE('',*,*,#2566,.T.);
#653=ORIENTED_EDGE('',*,*,#2567,.T.);
#654=ORIENTED_EDGE('',*,*,#2568,.T.);
#655=ORIENTED_EDGE('',*,*,#2569,.T.);
#656=ORIENTED_EDGE('',*,*,#2570,.T.);
#657=ORIENTED_EDGE('',*,*,#2571,.T.);
#658=ORIENTED_EDGE('',*,*,#2572,.T.);
#659=ORIENTED_EDGE('',*,*,#2573,.T.);
#660=ORIENTED_EDGE('',*,*,#2574,.T.);
#661=ORIENTED_EDGE('',*,*,#2575,.T.);
#662=ORIENTED_EDGE('',*,*,#2576,.T.);
#663=ORIENTED_EDGE('',*,*,#2577,.T.);
#664=ORIENTED_EDGE('',*,*,#2578,.T.);
#665=ORIENTED_EDGE('',*,*,#2579,.T.);
#666=ORIENTED_EDGE('',*,*,#2580,.T.);
#667=ORIENTED_EDGE('',*,*,#2581,.T.);
#668=ORIENTED_EDGE('',*,*,#2582,.T.);
#669=ORIENTED_EDGE('',*,*,#2583,.T.);
#670=ORIENTED_EDGE('',*,*,#2584,.T.);
#671=ORIENTED_EDGE('',*,*,#2585,.T.);
#672=ORIENTED_EDGE('',*,*,#2586,.T.);
#673=ORIENTED_EDGE('',*,*,#2587,.T.);
#674=ORIENTED_EDGE('',*,*,#2588,.T.);
#675=ORIENTED_EDGE('',*,*,#2589,.T.);
#676=ORIENTED_EDGE('',*,*,#2590,.T.);
#677=ORIENTED_EDGE('',*,*,#2591,.T.);
#678=ORIENTED_EDGE('',*,*,#2592,.T.);
#679=ORIENTED_EDGE('',*,*,#2593,.T.);
#680=ORIENTED_EDGE('',*,*,#2594,.T.);
#681=ORIENTED_EDGE('',*,*,#2595,.T.);
#682=ORIENTED_EDGE('',*,*,#2596,.T.);
#683=ORIENTED_EDGE('',*,*,#2597,.T.);
#684=ORIENTED_EDGE('',*,*,#2598,.T.);
#685=ORIENTED_EDGE('',*,*,#2599,.T.);
#686=ORIENTED_EDGE('',*,*,#2600,.T.);
#687=ORIENTED_EDGE('',*,*,#2601,.T.);
#688=ORIENTED_EDGE('',*,*,#2602,.T.);
#689=ORIENTED_EDGE('',*,*,#2603,.T.);
#690=ORIENTED_EDGE('',*,*,#2604,.T.);
#691=ORIENTED_EDGE('',*,*,#2605,.T.);
#692=ORIENTED_EDGE('',*,*,#2606,.T.);
#693=ORIENTED_EDGE('',*,*,#2607,.T.);
#694=ORIENTED_EDGE('',*,*,#2608,.T.);
#695=ORIENTED_EDGE('',*,*,#2609,.T.);
#696=ORIENTED_EDGE('',*,*,#2610,.T.);
#697=ORIENTED_EDGE('',*,*,#2611,.T.);
#698=ORIENTED_EDGE('',*,*,#2612,.T.);
#699=ORIENTED_EDGE('',*,*,#2613,.T.);
#700=ORIENTED_EDGE('',*,*,#2614,.T.);
#701=ORIENTED_EDGE('',*,*,#2615,.T.);
#702=ORIENTED_EDGE('',*,*,#2616,.T.);
#703=ORIENTED_EDGE('',*,*,#2617,.T.);
#704=ORIENTED_EDGE('',*,*,#2618,.T.);
#705=ORIENTED_EDGE('',*,*,#2619,.T.);
#706=ORIENTED_EDGE('',*,*,#2620,.T.);
#707=ORIENTED_EDGE('',*,*,#2621,.T.);
#708=ORIENTED_EDGE('',*,*,#2622,.T.);
#709=ORIENTED_EDGE('',*,*,#2623,.T.);
#710=ORIENTED_EDGE('',*,*,#2624,.T.);
#711=ORIENTED_EDGE('',*,*,#2625,.T.);
#712=ORIENTED_EDGE('',*,*,#2626,.T.);
#713=ORIENTED_EDGE('',*,*,#2627,.T.);
#714=ORIENTED_EDGE('',*,*,#2628,.T.);
#715=ORIENTED_EDGE('',*,*,#2629,.T.);
#716=ORIENTED_EDGE('',*,*,#2630,.T.);
#717=ORIENTED_EDGE('',*,*,#2631,.T.);
#718=ORIENTED_EDGE('',*,*,#2632,.T.);
#719=ORIENTED_EDGE('',*,*,#2633,.T.);
#720=ORIENTED_EDGE('',*,*,#2634,.T.);
#721=ORIENTED_EDGE('',*,*,#2635,.T.);
#722=ORIENTED_EDGE('',*,*,#2636,.T.);
#723=ORIENTED_EDGE('',*,*,#2637,.T.);
#724=ORIENTED_EDGE('',*,*,#2638,.T.);
#725=ORIENTED_EDGE('',*,*,#2639,.T.);
#726=ORIENTED_EDGE('',*,*,#2640,.T.);
#727=ORIENTED_EDGE('',*,*,#2641,.T.);
#728=ORIENTED_EDGE('',*,*,#2642,.T.);
#729=ORIENTED_EDGE('',*,*,#2643,.T.);
#730=ORIENTED_EDGE('',*,*,#2644,.T.);
#731=ORIENTED_EDGE('',*,*,#2645,.T.);
#732=ORIENTED_EDGE('',*,*,#2646,.T.);
#733=ORIENTED_EDGE('',*,*,#2647,.T.);
#734=ORIENTED_EDGE('',*,*,#2648,.T.);
#735=ORIENTED_EDGE('',*,*,#2649,.T.);
#736=ORIENTED_EDGE('',*,*,#2650,.T.);
#737=ORIENTED_EDGE('',*,*,#2651,.T.);
#738=ORIENTED_EDGE('',*,*,#2652,.T.);
#739=ORIENTED_EDGE('',*,*,#2653,.T.);
#740=ORIENTED_EDGE('',*,*,#2654,.T.);
#741=ORIENTED_EDGE('',*,*,#2655,.T.);
#742=ORIENTED_EDGE('',*,*,#2656,.T.);
#743=ORIENTED_EDGE('',*,*,#2657,.T.);
#744=ORIENTED_EDGE('',*,*,#2658,.T.);
#745=ORIENTED_EDGE('',*,*,#2659,.T.);
#746=ORIENTED_EDGE('',*,*,#2660,.T.);
#747=ORIENTED_EDGE('',*,*,#2661,.T.);
#748=ORIENTED_EDGE('',*,*,#2662,.T.);
#749=ORIENTED_EDGE('',*,*,#2663,.T.);
#750=ORIENTED_EDGE('',*,*,#2664,.T.);
#751=ORIENTED_EDGE('',*,*,#2665,.T.);
#752=ORIENTED_EDGE('',*,*,#2666,.T.);
#753=ORIENTED_EDGE('',*,*,#2667,.T.);
#754=ORIENTED_EDGE('',*,*,#2668,.T.);
#755=ORIENTED_EDGE('',*,*,#2669,.T.);
#756=ORIENTED_EDGE('',*,*,#2670,.T.);
#757=ORIENTED_EDGE('',*,*,#2671,.T.);
#758=ORIENTED_EDGE('',*,*,#2672,.T.);
#759=ORIENTED_EDGE('',*,*,#2673,.T.);
#760=ORIENTED_EDGE('',*,*,#2674,.T.);
#761=ORIENTED_EDGE('',*,*,#2675,.T.);
#762=ORIENTED_EDGE('',*,*,#2676,.T.);
#763=ORIENTED_EDGE('',*,*,#2677,.T.);
#764=ORIENTED_EDGE('',*,*,#2678,.T.);
#765=ORIENTED_EDGE('',*,*,#2679,.T.);
#766=ORIENTED_EDGE('',*,*,#2680,.T.);
#767=ORIENTED_EDGE('',*,*,#2681,.T.);
#768=ORIENTED_EDGE('',*,*,#2682,.T.);
#769=ORIENTED_EDGE('',*,*,#2683,.T.);
#770=ORIENTED_EDGE('',*,*,#2684,.T.);
#771=ORIENTED_EDGE('',*,*,#2685,.T.);
#772=ORIENTED_EDGE('',*,*,#2686,.T.);
#773=ORIENTED_EDGE('',*,*,#2687,.T.);
#774=ORIENTED_EDGE('',*,*,#2688,.T.);
#775=ORIENTED_EDGE('',*,*,#2689,.T.);
#776=ORIENTED_EDGE('',*,*,#2690,.T.);
#777=ORIENTED_EDGE('',*,*,#2691,.T.);
#778=ORIENTED_EDGE('',*,*,#2692,.T.);
#779=ORIENTED_EDGE('',*,*,#2693,.T.);
#780=ORIENTED_EDGE('',*,*,#2694,.T.);
#781=ORIENTED_EDGE('',*,*,#2695,.T.);
#782=ORIENTED_EDGE('',*,*,#2696,.T.);
#783=ORIENTED_EDGE('',*,*,#2697,.T.);
#784=ORIENTED_EDGE('',*,*,#2698,.T.);
#785=ORIENTED_EDGE('',*,*,#2699,.T.);
#786=ORIENTED_EDGE('',*,*,#2700,.T.);
#787=ORIENTED_EDGE('',*,*,#2701,.T.);
#788=ORIENTED_EDGE('',*,*,#2702,.T.);
#789=ORIENTED_EDGE('',*,*,#2703,.T.);
#790=ORIENTED_EDGE('',*,*,#2704,.T.);
#791=ORIENTED_EDGE('',*,*,#2705,.T.);
#792=ORIENTED_EDGE('',*,*,#2706,.T.);
#793=ORIENTED_EDGE('',*,*,#2707,.T.);
#794=ORIENTED_EDGE('',*,*,#2708,.T.);
#795=ORIENTED_EDGE('',*,*,#2709,.T.);
#796=ORIENTED_EDGE('',*,*,#2710,.T.);
#797=ORIENTED_EDGE('',*,*,#2711,.T.);
#798=ORIENTED_EDGE('',*,*,#2712,.T.);
#799=ORIENTED_EDGE('',*,*,#2713,.T.);
#800=ORIENTED_EDGE('',*,*,#2714,.T.);
#801=ORIENTED_EDGE('',*,*,#2715,.T.);
#802=ORIENTED_EDGE('',*,*,#2716,.T.);
#803=ORIENTED_EDGE('',*,*,#2717,.T.);
#804=ORIENTED_EDGE('',*,*,#2718,.T.);
#805=ORIENTED_EDGE('',*,*,#2719,.T.);
#806=ORIENTED_EDGE('',*,*,#2720,.T.);
#807=ORIENTED_EDGE('',*,*,#2721,.T.);
#808=ORIENTED_EDGE('',*,*,#2722,.T.);
#809=ORIENTED_EDGE('',*,*,#2723,.T.);
#810=ORIENTED_EDGE('',*,*,#2724,.T.);
#811=ORIENTED_EDGE('',*,*,#2725,.T.);
#812=ORIENTED_EDGE('',*,*,#2726,.T.);
#813=ORIENTED_EDGE('',*,*,#2727,.T.);
#814=ORIENTED_EDGE('',*,*,#2728,.T.);
#815=ORIENTED_EDGE('',*,*,#2729,.T.);
#816=ORIENTED_EDGE('',*,*,#2730,.T.);
#817=ORIENTED_EDGE('',*,*,#2731,.T.);
#818=ORIENTED_EDGE('',*,*,#2732,.T.);
#819=ORIENTED_EDGE('',*,*,#2733,.T.);
#820=ORIENTED_EDGE('',*,*,#2734,.T.);
#821=ORIENTED_EDGE('',*,*,#2735,.T.);
#822=ORIENTED_EDGE('',*,*,#2736,.T.);
#823=ORIENTED_EDGE('',*,*,#2737,.T.);
#824=ORIENTED_EDGE('',*,*,#2738,.T.);
#825=ORIENTED_EDGE('',*,*,#2739,.T.);
#826=ORIENTED_EDGE('',*,*,#2740,.T.);
#827=ORIENTED_EDGE('',*,*,#2741,.T.);
#828=ORIENTED_EDGE('',*,*,#2742,.T.);
#829=ORIENTED_EDGE('',*,*,#2743,.T.);
#830=ORIENTED_EDGE('',*,*,#2744,.T.);
#831=ORIENTED_EDGE('',*,*,#2745,.T.);
#832=ORIENTED_EDGE('',*,*,#2746,.T.);
#833=ORIENTED_EDGE('',*,*,#2747,.T.);
#834=ORIENTED_EDGE('',*,*,#2748,.T.);
#835=ORIENTED_EDGE('',*,*,#2749,.T.);
#836=ORIENTED_EDGE('',*,*,#2750,.T.);
#837=ORIENTED_EDGE('',*,*,#2751,.T.);
#838=ORIENTED_EDGE('',*,*,#2752,.T.);
#839=ORIENTED_EDGE('',*,*,#2753,.T.);
#840=ORIENTED_EDGE('',*,*,#2754,.T.);
#841=ORIENTED_EDGE('',*,*,#2755,.T.);
#842=ORIENTED_EDGE('',*,*,#2756,.T.);
#843=ORIENTED_EDGE('',*,*,#2757,.T.);
#844=ORIENTED_EDGE('',*,*,#2758,.T.);
#845=ORIENTED_EDGE('',*,*,#2759,.T.);
#846=ORIENTED_EDGE('',*,*,#2760,.T.);
#847=ORIENTED_EDGE('',*,*,#2761,.T.);
#848=ORIENTED_EDGE('',*,*,#2762,.T.);
#849=ORIENTED_EDGE('',*,*,#2763,.T.);
#850=ORIENTED_EDGE('',*,*,#2764,.T.);
#851=ORIENTED_EDGE('',*,*,#2765,.T.);
#852=ORIENTED_EDGE('',*,*,#2766,.T.);
#853=ORIENTED_EDGE('',*,*,#2767,.T.);
#854=ORIENTED_EDGE('',*,*,#2768,.T.);
#855=ORIENTED_EDGE('',*,*,#2769,.T.);
#856=ORIENTED_EDGE('',*,*,#2770,.T.);
#857=ORIENTED_EDGE('',*,*,#2771,.T.);
#858=ORIENTED_EDGE('',*,*,#2772,.T.);
#859=ORIENTED_EDGE('',*,*,#2773,.T.);
#860=ORIENTED_EDGE('',*,*,#2774,.T.);
#861=ORIENTED_EDGE('',*,*,#2775,.T.);
#862=ORIENTED_EDGE('',*,*,#2776,.T.);
#863=ORIENTED_EDGE('',*,*,#2777,.T.);
#864=ORIENTED_EDGE('',*,*,#2778,.T.);
#865=ORIENTED_EDGE('',*,*,#2779,.T.);
#866=ORIENTED_EDGE('',*,*,#2780,.T.);
#867=ORIENTED_EDGE('',*,*,#2781,.T.);
#868=ORIENTED_EDGE('',*,*,#2782,.T.);
#869=ORIENTED_EDGE('',*,*,#2783,.T.);
#870=ORIENTED_EDGE('',*,*,#2784,.T.);
#871=ORIENTED_EDGE('',*,*,#2785,.T.);
#872=ORIENTED_EDGE('',*,*,#2786,.T.);
#873=ORIENTED_EDGE('',*,*,#2787,.T.);
#874=ORIENTED_EDGE('',*,*,#2788,.T.);
#875=ORIENTED_EDGE('',*,*,#2789,.T.);
#876=ORIENTED_EDGE('',*,*,#2790,.T.);
#877=ORIENTED_EDGE('',*,*,#2791,.T.);
#878=ORIENTED_EDGE('',*,*,#2792,.T.);
#879=ORIENTED_EDGE('',*,*,#2793,.T.);
#880=ORIENTED_EDGE('',*,*,#2794,.T.);
#881=ORIENTED_EDGE('',*,*,#2795,.T.);
#882=ORIENTED_EDGE('',*,*,#2796,.T.);
#883=ORIENTED_EDGE('',*,*,#2797,.T.);
#884=ORIENTED_EDGE('',*,*,#2785,.F.);
#885=ORIENTED_EDGE('',*,*,#2798,.T.);
#886=ORIENTED_EDGE('',*,*,#2545,.F.);
#887=ORIENTED_EDGE('',*,*,#2799,.T.);
#888=ORIENTED_EDGE('',*,*,#2797,.F.);
#889=ORIENTED_EDGE('',*,*,#2800,.T.);
#890=ORIENTED_EDGE('',*,*,#2801,.T.);
#891=ORIENTED_EDGE('',*,*,#2540,.F.);
#892=ORIENTED_EDGE('',*,*,#2802,.T.);
#893=ORIENTED_EDGE('',*,*,#2789,.F.);
#894=ORIENTED_EDGE('',*,*,#2803,.T.);
#895=ORIENTED_EDGE('',*,*,#2546,.F.);
#896=ORIENTED_EDGE('',*,*,#2804,.T.);
#897=ORIENTED_EDGE('',*,*,#2547,.F.);
#898=ORIENTED_EDGE('',*,*,#2805,.T.);
#899=ORIENTED_EDGE('',*,*,#2793,.F.);
#900=ORIENTED_EDGE('',*,*,#2806,.T.);
#901=ORIENTED_EDGE('',*,*,#2772,.F.);
#902=ORIENTED_EDGE('',*,*,#2807,.T.);
#903=ORIENTED_EDGE('',*,*,#2526,.F.);
#904=ORIENTED_EDGE('',*,*,#2808,.T.);
#905=ORIENTED_EDGE('',*,*,#2637,.F.);
#906=ORIENTED_EDGE('',*,*,#2809,.T.);
#907=ORIENTED_EDGE('',*,*,#2770,.F.);
#908=ORIENTED_EDGE('',*,*,#2810,.T.);
#909=ORIENTED_EDGE('',*,*,#2534,.F.);
#910=ORIENTED_EDGE('',*,*,#2811,.T.);
#911=ORIENTED_EDGE('',*,*,#2774,.F.);
#912=ORIENTED_EDGE('',*,*,#2812,.T.);
#913=ORIENTED_EDGE('',*,*,#2776,.F.);
#914=ORIENTED_EDGE('',*,*,#2813,.T.);
#915=ORIENTED_EDGE('',*,*,#2635,.F.);
#916=ORIENTED_EDGE('',*,*,#2814,.T.);
#917=ORIENTED_EDGE('',*,*,#2788,.F.);
#918=ORIENTED_EDGE('',*,*,#2815,.T.);
#919=ORIENTED_EDGE('',*,*,#2790,.F.);
#920=ORIENTED_EDGE('',*,*,#2816,.F.);
#921=ORIENTED_EDGE('',*,*,#2805,.F.);
#922=ORIENTED_EDGE('',*,*,#2803,.F.);
#923=ORIENTED_EDGE('',*,*,#2816,.T.);
#924=ORIENTED_EDGE('',*,*,#2784,.F.);
#925=ORIENTED_EDGE('',*,*,#2817,.T.);
#926=ORIENTED_EDGE('',*,*,#2786,.F.);
#927=ORIENTED_EDGE('',*,*,#2818,.F.);
#928=ORIENTED_EDGE('',*,*,#2804,.F.);
#929=ORIENTED_EDGE('',*,*,#2798,.F.);
#930=ORIENTED_EDGE('',*,*,#2818,.T.);
#931=ORIENTED_EDGE('',*,*,#2792,.F.);
#932=ORIENTED_EDGE('',*,*,#2819,.T.);
#933=ORIENTED_EDGE('',*,*,#2794,.F.);
#934=ORIENTED_EDGE('',*,*,#2820,.F.);
#935=ORIENTED_EDGE('',*,*,#2820,.T.);
#936=ORIENTED_EDGE('',*,*,#2802,.F.);
#937=ORIENTED_EDGE('',*,*,#2806,.F.);
#938=ORIENTED_EDGE('',*,*,#2538,.F.);
#939=ORIENTED_EDGE('',*,*,#2821,.T.);
#940=ORIENTED_EDGE('',*,*,#2782,.F.);
#941=ORIENTED_EDGE('',*,*,#2822,.F.);
#942=ORIENTED_EDGE('',*,*,#2822,.T.);
#943=ORIENTED_EDGE('',*,*,#2799,.F.);
#944=ORIENTED_EDGE('',*,*,#2550,.F.);
#945=ORIENTED_EDGE('',*,*,#2823,.F.);
#946=ORIENTED_EDGE('',*,*,#2777,.F.);
#947=ORIENTED_EDGE('',*,*,#2824,.F.);
#948=ORIENTED_EDGE('',*,*,#2781,.F.);
#949=ORIENTED_EDGE('',*,*,#2824,.T.);
#950=ORIENTED_EDGE('',*,*,#2814,.F.);
#951=ORIENTED_EDGE('',*,*,#2825,.F.);
#952=ORIENTED_EDGE('',*,*,#2812,.F.);
#953=ORIENTED_EDGE('',*,*,#2823,.T.);
#954=ORIENTED_EDGE('',*,*,#2826,.F.);
#955=ORIENTED_EDGE('',*,*,#2825,.T.);
#956=ORIENTED_EDGE('',*,*,#2638,.F.);
#957=ORIENTED_EDGE('',*,*,#2827,.F.);
#958=ORIENTED_EDGE('',*,*,#2778,.F.);
#959=ORIENTED_EDGE('',*,*,#2826,.T.);
#960=ORIENTED_EDGE('',*,*,#2780,.F.);
#961=ORIENTED_EDGE('',*,*,#2828,.F.);
#962=ORIENTED_EDGE('',*,*,#2535,.F.);
#963=ORIENTED_EDGE('',*,*,#2827,.T.);
#964=ORIENTED_EDGE('',*,*,#2810,.F.);
#965=ORIENTED_EDGE('',*,*,#2829,.F.);
#966=ORIENTED_EDGE('',*,*,#2808,.F.);
#967=ORIENTED_EDGE('',*,*,#2828,.T.);
#968=ORIENTED_EDGE('',*,*,#2830,.F.);
#969=ORIENTED_EDGE('',*,*,#2829,.T.);
#970=ORIENTED_EDGE('',*,*,#2773,.F.);
#971=ORIENTED_EDGE('',*,*,#2830,.T.);
#972=ORIENTED_EDGE('',*,*,#2779,.F.);
#973=ORIENTED_EDGE('',*,*,#2639,.F.);
#974=ORIENTED_EDGE('',*,*,#2831,.F.);
#975=ORIENTED_EDGE('',*,*,#2832,.T.);
#976=ORIENTED_EDGE('',*,*,#2833,.T.);
#977=ORIENTED_EDGE('',*,*,#2653,.F.);
#978=ORIENTED_EDGE('',*,*,#2834,.F.);
#979=ORIENTED_EDGE('',*,*,#2835,.T.);
#980=ORIENTED_EDGE('',*,*,#2831,.T.);
#981=ORIENTED_EDGE('',*,*,#2652,.F.);
#982=ORIENTED_EDGE('',*,*,#2836,.F.);
#983=ORIENTED_EDGE('',*,*,#2837,.T.);
#984=ORIENTED_EDGE('',*,*,#2834,.T.);
#985=ORIENTED_EDGE('',*,*,#2651,.F.);
#986=ORIENTED_EDGE('',*,*,#2838,.F.);
#987=ORIENTED_EDGE('',*,*,#2839,.T.);
#988=ORIENTED_EDGE('',*,*,#2836,.T.);
#989=ORIENTED_EDGE('',*,*,#2650,.F.);
#990=ORIENTED_EDGE('',*,*,#2840,.F.);
#991=ORIENTED_EDGE('',*,*,#2841,.T.);
#992=ORIENTED_EDGE('',*,*,#2838,.T.);
#993=ORIENTED_EDGE('',*,*,#2649,.F.);
#994=ORIENTED_EDGE('',*,*,#2842,.F.);
#995=ORIENTED_EDGE('',*,*,#2843,.T.);
#996=ORIENTED_EDGE('',*,*,#2840,.T.);
#997=ORIENTED_EDGE('',*,*,#2648,.F.);
#998=ORIENTED_EDGE('',*,*,#2844,.F.);
#999=ORIENTED_EDGE('',*,*,#2845,.T.);
#1000=ORIENTED_EDGE('',*,*,#2842,.T.);
#1001=ORIENTED_EDGE('',*,*,#2647,.F.);
#1002=ORIENTED_EDGE('',*,*,#2846,.F.);
#1003=ORIENTED_EDGE('',*,*,#2847,.T.);
#1004=ORIENTED_EDGE('',*,*,#2844,.T.);
#1005=ORIENTED_EDGE('',*,*,#2646,.F.);
#1006=ORIENTED_EDGE('',*,*,#2848,.F.);
#1007=ORIENTED_EDGE('',*,*,#2849,.T.);
#1008=ORIENTED_EDGE('',*,*,#2846,.T.);
#1009=ORIENTED_EDGE('',*,*,#2645,.F.);
#1010=ORIENTED_EDGE('',*,*,#2850,.F.);
#1011=ORIENTED_EDGE('',*,*,#2851,.T.);
#1012=ORIENTED_EDGE('',*,*,#2848,.T.);
#1013=ORIENTED_EDGE('',*,*,#2644,.F.);
#1014=ORIENTED_EDGE('',*,*,#2852,.F.);
#1015=ORIENTED_EDGE('',*,*,#2853,.T.);
#1016=ORIENTED_EDGE('',*,*,#2850,.T.);
#1017=ORIENTED_EDGE('',*,*,#2643,.F.);
#1018=ORIENTED_EDGE('',*,*,#2854,.F.);
#1019=ORIENTED_EDGE('',*,*,#2855,.T.);
#1020=ORIENTED_EDGE('',*,*,#2852,.T.);
#1021=ORIENTED_EDGE('',*,*,#2642,.F.);
#1022=ORIENTED_EDGE('',*,*,#2856,.F.);
#1023=ORIENTED_EDGE('',*,*,#2857,.T.);
#1024=ORIENTED_EDGE('',*,*,#2854,.T.);
#1025=ORIENTED_EDGE('',*,*,#2641,.F.);
#1026=ORIENTED_EDGE('',*,*,#2858,.F.);
#1027=ORIENTED_EDGE('',*,*,#2859,.T.);
#1028=ORIENTED_EDGE('',*,*,#2856,.T.);
#1029=ORIENTED_EDGE('',*,*,#2640,.F.);
#1030=ORIENTED_EDGE('',*,*,#2833,.F.);
#1031=ORIENTED_EDGE('',*,*,#2860,.T.);
#1032=ORIENTED_EDGE('',*,*,#2858,.T.);
#1033=ORIENTED_EDGE('',*,*,#2832,.F.);
#1034=ORIENTED_EDGE('',*,*,#2835,.F.);
#1035=ORIENTED_EDGE('',*,*,#2837,.F.);
#1036=ORIENTED_EDGE('',*,*,#2839,.F.);
#1037=ORIENTED_EDGE('',*,*,#2841,.F.);
#1038=ORIENTED_EDGE('',*,*,#2843,.F.);
#1039=ORIENTED_EDGE('',*,*,#2845,.F.);
#1040=ORIENTED_EDGE('',*,*,#2847,.F.);
#1041=ORIENTED_EDGE('',*,*,#2849,.F.);
#1042=ORIENTED_EDGE('',*,*,#2851,.F.);
#1043=ORIENTED_EDGE('',*,*,#2853,.F.);
#1044=ORIENTED_EDGE('',*,*,#2855,.F.);
#1045=ORIENTED_EDGE('',*,*,#2857,.F.);
#1046=ORIENTED_EDGE('',*,*,#2859,.F.);
#1047=ORIENTED_EDGE('',*,*,#2860,.F.);
#1048=ORIENTED_EDGE('',*,*,#2620,.F.);
#1049=ORIENTED_EDGE('',*,*,#2861,.F.);
#1050=ORIENTED_EDGE('',*,*,#2862,.T.);
#1051=ORIENTED_EDGE('',*,*,#2863,.T.);
#1052=ORIENTED_EDGE('',*,*,#2634,.F.);
#1053=ORIENTED_EDGE('',*,*,#2864,.F.);
#1054=ORIENTED_EDGE('',*,*,#2865,.T.);
#1055=ORIENTED_EDGE('',*,*,#2861,.T.);
#1056=ORIENTED_EDGE('',*,*,#2633,.F.);
#1057=ORIENTED_EDGE('',*,*,#2866,.F.);
#1058=ORIENTED_EDGE('',*,*,#2867,.T.);
#1059=ORIENTED_EDGE('',*,*,#2864,.T.);
#1060=ORIENTED_EDGE('',*,*,#2632,.F.);
#1061=ORIENTED_EDGE('',*,*,#2868,.F.);
#1062=ORIENTED_EDGE('',*,*,#2869,.T.);
#1063=ORIENTED_EDGE('',*,*,#2866,.T.);
#1064=ORIENTED_EDGE('',*,*,#2631,.F.);
#1065=ORIENTED_EDGE('',*,*,#2870,.F.);
#1066=ORIENTED_EDGE('',*,*,#2871,.T.);
#1067=ORIENTED_EDGE('',*,*,#2868,.T.);
#1068=ORIENTED_EDGE('',*,*,#2630,.F.);
#1069=ORIENTED_EDGE('',*,*,#2872,.F.);
#1070=ORIENTED_EDGE('',*,*,#2873,.T.);
#1071=ORIENTED_EDGE('',*,*,#2870,.T.);
#1072=ORIENTED_EDGE('',*,*,#2629,.F.);
#1073=ORIENTED_EDGE('',*,*,#2874,.F.);
#1074=ORIENTED_EDGE('',*,*,#2875,.T.);
#1075=ORIENTED_EDGE('',*,*,#2872,.T.);
#1076=ORIENTED_EDGE('',*,*,#2628,.F.);
#1077=ORIENTED_EDGE('',*,*,#2876,.F.);
#1078=ORIENTED_EDGE('',*,*,#2877,.T.);
#1079=ORIENTED_EDGE('',*,*,#2874,.T.);
#1080=ORIENTED_EDGE('',*,*,#2627,.F.);
#1081=ORIENTED_EDGE('',*,*,#2878,.F.);
#1082=ORIENTED_EDGE('',*,*,#2879,.T.);
#1083=ORIENTED_EDGE('',*,*,#2876,.T.);
#1084=ORIENTED_EDGE('',*,*,#2626,.F.);
#1085=ORIENTED_EDGE('',*,*,#2880,.F.);
#1086=ORIENTED_EDGE('',*,*,#2881,.T.);
#1087=ORIENTED_EDGE('',*,*,#2878,.T.);
#1088=ORIENTED_EDGE('',*,*,#2625,.F.);
#1089=ORIENTED_EDGE('',*,*,#2882,.F.);
#1090=ORIENTED_EDGE('',*,*,#2883,.T.);
#1091=ORIENTED_EDGE('',*,*,#2880,.T.);
#1092=ORIENTED_EDGE('',*,*,#2624,.F.);
#1093=ORIENTED_EDGE('',*,*,#2884,.F.);
#1094=ORIENTED_EDGE('',*,*,#2885,.T.);
#1095=ORIENTED_EDGE('',*,*,#2882,.T.);
#1096=ORIENTED_EDGE('',*,*,#2623,.F.);
#1097=ORIENTED_EDGE('',*,*,#2886,.F.);
#1098=ORIENTED_EDGE('',*,*,#2887,.T.);
#1099=ORIENTED_EDGE('',*,*,#2884,.T.);
#1100=ORIENTED_EDGE('',*,*,#2622,.F.);
#1101=ORIENTED_EDGE('',*,*,#2888,.F.);
#1102=ORIENTED_EDGE('',*,*,#2889,.T.);
#1103=ORIENTED_EDGE('',*,*,#2886,.T.);
#1104=ORIENTED_EDGE('',*,*,#2621,.F.);
#1105=ORIENTED_EDGE('',*,*,#2863,.F.);
#1106=ORIENTED_EDGE('',*,*,#2890,.T.);
#1107=ORIENTED_EDGE('',*,*,#2888,.T.);
#1108=ORIENTED_EDGE('',*,*,#2862,.F.);
#1109=ORIENTED_EDGE('',*,*,#2865,.F.);
#1110=ORIENTED_EDGE('',*,*,#2867,.F.);
#1111=ORIENTED_EDGE('',*,*,#2869,.F.);
#1112=ORIENTED_EDGE('',*,*,#2871,.F.);
#1113=ORIENTED_EDGE('',*,*,#2873,.F.);
#1114=ORIENTED_EDGE('',*,*,#2875,.F.);
#1115=ORIENTED_EDGE('',*,*,#2877,.F.);
#1116=ORIENTED_EDGE('',*,*,#2879,.F.);
#1117=ORIENTED_EDGE('',*,*,#2881,.F.);
#1118=ORIENTED_EDGE('',*,*,#2883,.F.);
#1119=ORIENTED_EDGE('',*,*,#2885,.F.);
#1120=ORIENTED_EDGE('',*,*,#2887,.F.);
#1121=ORIENTED_EDGE('',*,*,#2889,.F.);
#1122=ORIENTED_EDGE('',*,*,#2890,.F.);
#1123=ORIENTED_EDGE('',*,*,#2654,.F.);
#1124=ORIENTED_EDGE('',*,*,#2891,.F.);
#1125=ORIENTED_EDGE('',*,*,#2892,.T.);
#1126=ORIENTED_EDGE('',*,*,#2893,.T.);
#1127=ORIENTED_EDGE('',*,*,#2668,.F.);
#1128=ORIENTED_EDGE('',*,*,#2894,.F.);
#1129=ORIENTED_EDGE('',*,*,#2895,.T.);
#1130=ORIENTED_EDGE('',*,*,#2891,.T.);
#1131=ORIENTED_EDGE('',*,*,#2667,.F.);
#1132=ORIENTED_EDGE('',*,*,#2896,.F.);
#1133=ORIENTED_EDGE('',*,*,#2897,.T.);
#1134=ORIENTED_EDGE('',*,*,#2894,.T.);
#1135=ORIENTED_EDGE('',*,*,#2666,.F.);
#1136=ORIENTED_EDGE('',*,*,#2898,.F.);
#1137=ORIENTED_EDGE('',*,*,#2899,.T.);
#1138=ORIENTED_EDGE('',*,*,#2896,.T.);
#1139=ORIENTED_EDGE('',*,*,#2665,.F.);
#1140=ORIENTED_EDGE('',*,*,#2900,.F.);
#1141=ORIENTED_EDGE('',*,*,#2901,.T.);
#1142=ORIENTED_EDGE('',*,*,#2898,.T.);
#1143=ORIENTED_EDGE('',*,*,#2664,.F.);
#1144=ORIENTED_EDGE('',*,*,#2902,.F.);
#1145=ORIENTED_EDGE('',*,*,#2903,.T.);
#1146=ORIENTED_EDGE('',*,*,#2900,.T.);
#1147=ORIENTED_EDGE('',*,*,#2663,.F.);
#1148=ORIENTED_EDGE('',*,*,#2904,.F.);
#1149=ORIENTED_EDGE('',*,*,#2905,.T.);
#1150=ORIENTED_EDGE('',*,*,#2902,.T.);
#1151=ORIENTED_EDGE('',*,*,#2662,.F.);
#1152=ORIENTED_EDGE('',*,*,#2906,.F.);
#1153=ORIENTED_EDGE('',*,*,#2907,.T.);
#1154=ORIENTED_EDGE('',*,*,#2904,.T.);
#1155=ORIENTED_EDGE('',*,*,#2661,.F.);
#1156=ORIENTED_EDGE('',*,*,#2908,.F.);
#1157=ORIENTED_EDGE('',*,*,#2909,.T.);
#1158=ORIENTED_EDGE('',*,*,#2906,.T.);
#1159=ORIENTED_EDGE('',*,*,#2660,.F.);
#1160=ORIENTED_EDGE('',*,*,#2910,.F.);
#1161=ORIENTED_EDGE('',*,*,#2911,.T.);
#1162=ORIENTED_EDGE('',*,*,#2908,.T.);
#1163=ORIENTED_EDGE('',*,*,#2659,.F.);
#1164=ORIENTED_EDGE('',*,*,#2912,.F.);
#1165=ORIENTED_EDGE('',*,*,#2913,.T.);
#1166=ORIENTED_EDGE('',*,*,#2910,.T.);
#1167=ORIENTED_EDGE('',*,*,#2658,.F.);
#1168=ORIENTED_EDGE('',*,*,#2914,.F.);
#1169=ORIENTED_EDGE('',*,*,#2915,.T.);
#1170=ORIENTED_EDGE('',*,*,#2912,.T.);
#1171=ORIENTED_EDGE('',*,*,#2657,.F.);
#1172=ORIENTED_EDGE('',*,*,#2916,.F.);
#1173=ORIENTED_EDGE('',*,*,#2917,.T.);
#1174=ORIENTED_EDGE('',*,*,#2914,.T.);
#1175=ORIENTED_EDGE('',*,*,#2656,.F.);
#1176=ORIENTED_EDGE('',*,*,#2918,.F.);
#1177=ORIENTED_EDGE('',*,*,#2919,.T.);
#1178=ORIENTED_EDGE('',*,*,#2916,.T.);
#1179=ORIENTED_EDGE('',*,*,#2655,.F.);
#1180=ORIENTED_EDGE('',*,*,#2893,.F.);
#1181=ORIENTED_EDGE('',*,*,#2920,.T.);
#1182=ORIENTED_EDGE('',*,*,#2918,.T.);
#1183=ORIENTED_EDGE('',*,*,#2892,.F.);
#1184=ORIENTED_EDGE('',*,*,#2895,.F.);
#1185=ORIENTED_EDGE('',*,*,#2897,.F.);
#1186=ORIENTED_EDGE('',*,*,#2899,.F.);
#1187=ORIENTED_EDGE('',*,*,#2901,.F.);
#1188=ORIENTED_EDGE('',*,*,#2903,.F.);
#1189=ORIENTED_EDGE('',*,*,#2905,.F.);
#1190=ORIENTED_EDGE('',*,*,#2907,.F.);
#1191=ORIENTED_EDGE('',*,*,#2909,.F.);
#1192=ORIENTED_EDGE('',*,*,#2911,.F.);
#1193=ORIENTED_EDGE('',*,*,#2913,.F.);
#1194=ORIENTED_EDGE('',*,*,#2915,.F.);
#1195=ORIENTED_EDGE('',*,*,#2917,.F.);
#1196=ORIENTED_EDGE('',*,*,#2919,.F.);
#1197=ORIENTED_EDGE('',*,*,#2920,.F.);
#1198=ORIENTED_EDGE('',*,*,#2616,.F.);
#1199=ORIENTED_EDGE('',*,*,#2921,.F.);
#1200=ORIENTED_EDGE('',*,*,#2922,.T.);
#1201=ORIENTED_EDGE('',*,*,#2923,.T.);
#1202=ORIENTED_EDGE('',*,*,#2619,.F.);
#1203=ORIENTED_EDGE('',*,*,#2924,.F.);
#1204=ORIENTED_EDGE('',*,*,#2925,.T.);
#1205=ORIENTED_EDGE('',*,*,#2921,.T.);
#1206=ORIENTED_EDGE('',*,*,#2618,.F.);
#1207=ORIENTED_EDGE('',*,*,#2926,.F.);
#1208=ORIENTED_EDGE('',*,*,#2927,.T.);
#1209=ORIENTED_EDGE('',*,*,#2924,.T.);
#1210=ORIENTED_EDGE('',*,*,#2617,.F.);
#1211=ORIENTED_EDGE('',*,*,#2923,.F.);
#1212=ORIENTED_EDGE('',*,*,#2928,.T.);
#1213=ORIENTED_EDGE('',*,*,#2926,.T.);
#1214=ORIENTED_EDGE('',*,*,#2922,.F.);
#1215=ORIENTED_EDGE('',*,*,#2925,.F.);
#1216=ORIENTED_EDGE('',*,*,#2927,.F.);
#1217=ORIENTED_EDGE('',*,*,#2928,.F.);
#1218=ORIENTED_EDGE('',*,*,#2669,.F.);
#1219=ORIENTED_EDGE('',*,*,#2929,.F.);
#1220=ORIENTED_EDGE('',*,*,#2930,.T.);
#1221=ORIENTED_EDGE('',*,*,#2931,.T.);
#1222=ORIENTED_EDGE('',*,*,#2685,.F.);
#1223=ORIENTED_EDGE('',*,*,#2932,.F.);
#1224=ORIENTED_EDGE('',*,*,#2933,.T.);
#1225=ORIENTED_EDGE('',*,*,#2929,.T.);
#1226=ORIENTED_EDGE('',*,*,#2684,.F.);
#1227=ORIENTED_EDGE('',*,*,#2934,.F.);
#1228=ORIENTED_EDGE('',*,*,#2935,.T.);
#1229=ORIENTED_EDGE('',*,*,#2932,.T.);
#1230=ORIENTED_EDGE('',*,*,#2683,.F.);
#1231=ORIENTED_EDGE('',*,*,#2936,.F.);
#1232=ORIENTED_EDGE('',*,*,#2937,.T.);
#1233=ORIENTED_EDGE('',*,*,#2934,.T.);
#1234=ORIENTED_EDGE('',*,*,#2682,.F.);
#1235=ORIENTED_EDGE('',*,*,#2938,.F.);
#1236=ORIENTED_EDGE('',*,*,#2939,.T.);
#1237=ORIENTED_EDGE('',*,*,#2936,.T.);
#1238=ORIENTED_EDGE('',*,*,#2681,.F.);
#1239=ORIENTED_EDGE('',*,*,#2940,.F.);
#1240=ORIENTED_EDGE('',*,*,#2941,.T.);
#1241=ORIENTED_EDGE('',*,*,#2938,.T.);
#1242=ORIENTED_EDGE('',*,*,#2680,.F.);
#1243=ORIENTED_EDGE('',*,*,#2942,.F.);
#1244=ORIENTED_EDGE('',*,*,#2943,.T.);
#1245=ORIENTED_EDGE('',*,*,#2940,.T.);
#1246=ORIENTED_EDGE('',*,*,#2679,.F.);
#1247=ORIENTED_EDGE('',*,*,#2944,.F.);
#1248=ORIENTED_EDGE('',*,*,#2945,.T.);
#1249=ORIENTED_EDGE('',*,*,#2942,.T.);
#1250=ORIENTED_EDGE('',*,*,#2678,.F.);
#1251=ORIENTED_EDGE('',*,*,#2946,.F.);
#1252=ORIENTED_EDGE('',*,*,#2947,.T.);
#1253=ORIENTED_EDGE('',*,*,#2944,.T.);
#1254=ORIENTED_EDGE('',*,*,#2677,.F.);
#1255=ORIENTED_EDGE('',*,*,#2948,.F.);
#1256=ORIENTED_EDGE('',*,*,#2949,.T.);
#1257=ORIENTED_EDGE('',*,*,#2946,.T.);
#1258=ORIENTED_EDGE('',*,*,#2676,.F.);
#1259=ORIENTED_EDGE('',*,*,#2950,.F.);
#1260=ORIENTED_EDGE('',*,*,#2951,.T.);
#1261=ORIENTED_EDGE('',*,*,#2948,.T.);
#1262=ORIENTED_EDGE('',*,*,#2675,.F.);
#1263=ORIENTED_EDGE('',*,*,#2952,.F.);
#1264=ORIENTED_EDGE('',*,*,#2953,.T.);
#1265=ORIENTED_EDGE('',*,*,#2950,.T.);
#1266=ORIENTED_EDGE('',*,*,#2674,.F.);
#1267=ORIENTED_EDGE('',*,*,#2954,.F.);
#1268=ORIENTED_EDGE('',*,*,#2955,.T.);
#1269=ORIENTED_EDGE('',*,*,#2952,.T.);
#1270=ORIENTED_EDGE('',*,*,#2673,.F.);
#1271=ORIENTED_EDGE('',*,*,#2956,.F.);
#1272=ORIENTED_EDGE('',*,*,#2957,.T.);
#1273=ORIENTED_EDGE('',*,*,#2954,.T.);
#1274=ORIENTED_EDGE('',*,*,#2672,.F.);
#1275=ORIENTED_EDGE('',*,*,#2958,.F.);
#1276=ORIENTED_EDGE('',*,*,#2959,.T.);
#1277=ORIENTED_EDGE('',*,*,#2956,.T.);
#1278=ORIENTED_EDGE('',*,*,#2671,.F.);
#1279=ORIENTED_EDGE('',*,*,#2960,.F.);
#1280=ORIENTED_EDGE('',*,*,#2961,.T.);
#1281=ORIENTED_EDGE('',*,*,#2958,.T.);
#1282=ORIENTED_EDGE('',*,*,#2670,.F.);
#1283=ORIENTED_EDGE('',*,*,#2931,.F.);
#1284=ORIENTED_EDGE('',*,*,#2962,.T.);
#1285=ORIENTED_EDGE('',*,*,#2960,.T.);
#1286=ORIENTED_EDGE('',*,*,#2930,.F.);
#1287=ORIENTED_EDGE('',*,*,#2933,.F.);
#1288=ORIENTED_EDGE('',*,*,#2935,.F.);
#1289=ORIENTED_EDGE('',*,*,#2937,.F.);
#1290=ORIENTED_EDGE('',*,*,#2939,.F.);
#1291=ORIENTED_EDGE('',*,*,#2941,.F.);
#1292=ORIENTED_EDGE('',*,*,#2943,.F.);
#1293=ORIENTED_EDGE('',*,*,#2945,.F.);
#1294=ORIENTED_EDGE('',*,*,#2947,.F.);
#1295=ORIENTED_EDGE('',*,*,#2949,.F.);
#1296=ORIENTED_EDGE('',*,*,#2951,.F.);
#1297=ORIENTED_EDGE('',*,*,#2953,.F.);
#1298=ORIENTED_EDGE('',*,*,#2955,.F.);
#1299=ORIENTED_EDGE('',*,*,#2957,.F.);
#1300=ORIENTED_EDGE('',*,*,#2959,.F.);
#1301=ORIENTED_EDGE('',*,*,#2961,.F.);
#1302=ORIENTED_EDGE('',*,*,#2962,.F.);
#1303=ORIENTED_EDGE('',*,*,#2604,.F.);
#1304=ORIENTED_EDGE('',*,*,#2963,.F.);
#1305=ORIENTED_EDGE('',*,*,#2964,.T.);
#1306=ORIENTED_EDGE('',*,*,#2965,.T.);
#1307=ORIENTED_EDGE('',*,*,#2615,.F.);
#1308=ORIENTED_EDGE('',*,*,#2966,.F.);
#1309=ORIENTED_EDGE('',*,*,#2967,.T.);
#1310=ORIENTED_EDGE('',*,*,#2963,.T.);
#1311=ORIENTED_EDGE('',*,*,#2614,.F.);
#1312=ORIENTED_EDGE('',*,*,#2968,.F.);
#1313=ORIENTED_EDGE('',*,*,#2969,.T.);
#1314=ORIENTED_EDGE('',*,*,#2966,.T.);
#1315=ORIENTED_EDGE('',*,*,#2613,.F.);
#1316=ORIENTED_EDGE('',*,*,#2970,.F.);
#1317=ORIENTED_EDGE('',*,*,#2971,.T.);
#1318=ORIENTED_EDGE('',*,*,#2968,.T.);
#1319=ORIENTED_EDGE('',*,*,#2612,.F.);
#1320=ORIENTED_EDGE('',*,*,#2972,.F.);
#1321=ORIENTED_EDGE('',*,*,#2973,.T.);
#1322=ORIENTED_EDGE('',*,*,#2970,.T.);
#1323=ORIENTED_EDGE('',*,*,#2611,.F.);
#1324=ORIENTED_EDGE('',*,*,#2974,.F.);
#1325=ORIENTED_EDGE('',*,*,#2975,.T.);
#1326=ORIENTED_EDGE('',*,*,#2972,.T.);
#1327=ORIENTED_EDGE('',*,*,#2610,.F.);
#1328=ORIENTED_EDGE('',*,*,#2976,.F.);
#1329=ORIENTED_EDGE('',*,*,#2977,.T.);
#1330=ORIENTED_EDGE('',*,*,#2974,.T.);
#1331=ORIENTED_EDGE('',*,*,#2609,.F.);
#1332=ORIENTED_EDGE('',*,*,#2978,.F.);
#1333=ORIENTED_EDGE('',*,*,#2979,.T.);
#1334=ORIENTED_EDGE('',*,*,#2976,.T.);
#1335=ORIENTED_EDGE('',*,*,#2608,.F.);
#1336=ORIENTED_EDGE('',*,*,#2980,.F.);
#1337=ORIENTED_EDGE('',*,*,#2981,.T.);
#1338=ORIENTED_EDGE('',*,*,#2978,.T.);
#1339=ORIENTED_EDGE('',*,*,#2607,.F.);
#1340=ORIENTED_EDGE('',*,*,#2982,.F.);
#1341=ORIENTED_EDGE('',*,*,#2983,.T.);
#1342=ORIENTED_EDGE('',*,*,#2980,.T.);
#1343=ORIENTED_EDGE('',*,*,#2606,.F.);
#1344=ORIENTED_EDGE('',*,*,#2984,.F.);
#1345=ORIENTED_EDGE('',*,*,#2985,.T.);
#1346=ORIENTED_EDGE('',*,*,#2982,.T.);
#1347=ORIENTED_EDGE('',*,*,#2605,.F.);
#1348=ORIENTED_EDGE('',*,*,#2965,.F.);
#1349=ORIENTED_EDGE('',*,*,#2986,.T.);
#1350=ORIENTED_EDGE('',*,*,#2984,.T.);
#1351=ORIENTED_EDGE('',*,*,#2964,.F.);
#1352=ORIENTED_EDGE('',*,*,#2967,.F.);
#1353=ORIENTED_EDGE('',*,*,#2969,.F.);
#1354=ORIENTED_EDGE('',*,*,#2971,.F.);
#1355=ORIENTED_EDGE('',*,*,#2973,.F.);
#1356=ORIENTED_EDGE('',*,*,#2975,.F.);
#1357=ORIENTED_EDGE('',*,*,#2977,.F.);
#1358=ORIENTED_EDGE('',*,*,#2979,.F.);
#1359=ORIENTED_EDGE('',*,*,#2981,.F.);
#1360=ORIENTED_EDGE('',*,*,#2983,.F.);
#1361=ORIENTED_EDGE('',*,*,#2985,.F.);
#1362=ORIENTED_EDGE('',*,*,#2986,.F.);
#1363=ORIENTED_EDGE('',*,*,#2686,.F.);
#1364=ORIENTED_EDGE('',*,*,#2987,.F.);
#1365=ORIENTED_EDGE('',*,*,#2988,.T.);
#1366=ORIENTED_EDGE('',*,*,#2989,.T.);
#1367=ORIENTED_EDGE('',*,*,#2700,.F.);
#1368=ORIENTED_EDGE('',*,*,#2990,.F.);
#1369=ORIENTED_EDGE('',*,*,#2991,.T.);
#1370=ORIENTED_EDGE('',*,*,#2987,.T.);
#1371=ORIENTED_EDGE('',*,*,#2699,.F.);
#1372=ORIENTED_EDGE('',*,*,#2992,.F.);
#1373=ORIENTED_EDGE('',*,*,#2993,.T.);
#1374=ORIENTED_EDGE('',*,*,#2990,.T.);
#1375=ORIENTED_EDGE('',*,*,#2698,.F.);
#1376=ORIENTED_EDGE('',*,*,#2994,.F.);
#1377=ORIENTED_EDGE('',*,*,#2995,.T.);
#1378=ORIENTED_EDGE('',*,*,#2992,.T.);
#1379=ORIENTED_EDGE('',*,*,#2697,.F.);
#1380=ORIENTED_EDGE('',*,*,#2996,.F.);
#1381=ORIENTED_EDGE('',*,*,#2997,.T.);
#1382=ORIENTED_EDGE('',*,*,#2994,.T.);
#1383=ORIENTED_EDGE('',*,*,#2696,.F.);
#1384=ORIENTED_EDGE('',*,*,#2998,.F.);
#1385=ORIENTED_EDGE('',*,*,#2999,.T.);
#1386=ORIENTED_EDGE('',*,*,#2996,.T.);
#1387=ORIENTED_EDGE('',*,*,#2695,.F.);
#1388=ORIENTED_EDGE('',*,*,#3000,.F.);
#1389=ORIENTED_EDGE('',*,*,#3001,.T.);
#1390=ORIENTED_EDGE('',*,*,#2998,.T.);
#1391=ORIENTED_EDGE('',*,*,#2694,.F.);
#1392=ORIENTED_EDGE('',*,*,#3002,.F.);
#1393=ORIENTED_EDGE('',*,*,#3003,.T.);
#1394=ORIENTED_EDGE('',*,*,#3000,.T.);
#1395=ORIENTED_EDGE('',*,*,#2693,.F.);
#1396=ORIENTED_EDGE('',*,*,#3004,.F.);
#1397=ORIENTED_EDGE('',*,*,#3005,.T.);
#1398=ORIENTED_EDGE('',*,*,#3002,.T.);
#1399=ORIENTED_EDGE('',*,*,#2692,.F.);
#1400=ORIENTED_EDGE('',*,*,#3006,.F.);
#1401=ORIENTED_EDGE('',*,*,#3007,.T.);
#1402=ORIENTED_EDGE('',*,*,#3004,.T.);
#1403=ORIENTED_EDGE('',*,*,#2691,.F.);
#1404=ORIENTED_EDGE('',*,*,#3008,.F.);
#1405=ORIENTED_EDGE('',*,*,#3009,.T.);
#1406=ORIENTED_EDGE('',*,*,#3006,.T.);
#1407=ORIENTED_EDGE('',*,*,#2690,.F.);
#1408=ORIENTED_EDGE('',*,*,#3010,.F.);
#1409=ORIENTED_EDGE('',*,*,#3011,.T.);
#1410=ORIENTED_EDGE('',*,*,#3008,.T.);
#1411=ORIENTED_EDGE('',*,*,#2689,.F.);
#1412=ORIENTED_EDGE('',*,*,#3012,.F.);
#1413=ORIENTED_EDGE('',*,*,#3013,.T.);
#1414=ORIENTED_EDGE('',*,*,#3010,.T.);
#1415=ORIENTED_EDGE('',*,*,#2688,.F.);
#1416=ORIENTED_EDGE('',*,*,#3014,.F.);
#1417=ORIENTED_EDGE('',*,*,#3015,.T.);
#1418=ORIENTED_EDGE('',*,*,#3012,.T.);
#1419=ORIENTED_EDGE('',*,*,#2687,.F.);
#1420=ORIENTED_EDGE('',*,*,#2989,.F.);
#1421=ORIENTED_EDGE('',*,*,#3016,.T.);
#1422=ORIENTED_EDGE('',*,*,#3014,.T.);
#1423=ORIENTED_EDGE('',*,*,#2988,.F.);
#1424=ORIENTED_EDGE('',*,*,#2991,.F.);
#1425=ORIENTED_EDGE('',*,*,#2993,.F.);
#1426=ORIENTED_EDGE('',*,*,#2995,.F.);
#1427=ORIENTED_EDGE('',*,*,#2997,.F.);
#1428=ORIENTED_EDGE('',*,*,#2999,.F.);
#1429=ORIENTED_EDGE('',*,*,#3001,.F.);
#1430=ORIENTED_EDGE('',*,*,#3003,.F.);
#1431=ORIENTED_EDGE('',*,*,#3005,.F.);
#1432=ORIENTED_EDGE('',*,*,#3007,.F.);
#1433=ORIENTED_EDGE('',*,*,#3009,.F.);
#1434=ORIENTED_EDGE('',*,*,#3011,.F.);
#1435=ORIENTED_EDGE('',*,*,#3013,.F.);
#1436=ORIENTED_EDGE('',*,*,#3015,.F.);
#1437=ORIENTED_EDGE('',*,*,#3016,.F.);
#1438=ORIENTED_EDGE('',*,*,#2589,.F.);
#1439=ORIENTED_EDGE('',*,*,#3017,.F.);
#1440=ORIENTED_EDGE('',*,*,#3018,.T.);
#1441=ORIENTED_EDGE('',*,*,#3019,.T.);
#1442=ORIENTED_EDGE('',*,*,#2603,.F.);
#1443=ORIENTED_EDGE('',*,*,#3020,.F.);
#1444=ORIENTED_EDGE('',*,*,#3021,.T.);
#1445=ORIENTED_EDGE('',*,*,#3017,.T.);
#1446=ORIENTED_EDGE('',*,*,#2602,.F.);
#1447=ORIENTED_EDGE('',*,*,#3022,.F.);
#1448=ORIENTED_EDGE('',*,*,#3023,.T.);
#1449=ORIENTED_EDGE('',*,*,#3020,.T.);
#1450=ORIENTED_EDGE('',*,*,#2601,.F.);
#1451=ORIENTED_EDGE('',*,*,#3024,.F.);
#1452=ORIENTED_EDGE('',*,*,#3025,.T.);
#1453=ORIENTED_EDGE('',*,*,#3022,.T.);
#1454=ORIENTED_EDGE('',*,*,#2600,.F.);
#1455=ORIENTED_EDGE('',*,*,#3026,.F.);
#1456=ORIENTED_EDGE('',*,*,#3027,.T.);
#1457=ORIENTED_EDGE('',*,*,#3024,.T.);
#1458=ORIENTED_EDGE('',*,*,#2599,.F.);
#1459=ORIENTED_EDGE('',*,*,#3028,.F.);
#1460=ORIENTED_EDGE('',*,*,#3029,.T.);
#1461=ORIENTED_EDGE('',*,*,#3026,.T.);
#1462=ORIENTED_EDGE('',*,*,#2598,.F.);
#1463=ORIENTED_EDGE('',*,*,#3030,.F.);
#1464=ORIENTED_EDGE('',*,*,#3031,.T.);
#1465=ORIENTED_EDGE('',*,*,#3028,.T.);
#1466=ORIENTED_EDGE('',*,*,#2597,.F.);
#1467=ORIENTED_EDGE('',*,*,#3032,.F.);
#1468=ORIENTED_EDGE('',*,*,#3033,.T.);
#1469=ORIENTED_EDGE('',*,*,#3030,.T.);
#1470=ORIENTED_EDGE('',*,*,#2596,.F.);
#1471=ORIENTED_EDGE('',*,*,#3034,.F.);
#1472=ORIENTED_EDGE('',*,*,#3035,.T.);
#1473=ORIENTED_EDGE('',*,*,#3032,.T.);
#1474=ORIENTED_EDGE('',*,*,#2595,.F.);
#1475=ORIENTED_EDGE('',*,*,#3036,.F.);
#1476=ORIENTED_EDGE('',*,*,#3037,.T.);
#1477=ORIENTED_EDGE('',*,*,#3034,.T.);
#1478=ORIENTED_EDGE('',*,*,#2594,.F.);
#1479=ORIENTED_EDGE('',*,*,#3038,.F.);
#1480=ORIENTED_EDGE('',*,*,#3039,.T.);
#1481=ORIENTED_EDGE('',*,*,#3036,.T.);
#1482=ORIENTED_EDGE('',*,*,#2593,.F.);
#1483=ORIENTED_EDGE('',*,*,#3040,.F.);
#1484=ORIENTED_EDGE('',*,*,#3041,.T.);
#1485=ORIENTED_EDGE('',*,*,#3038,.T.);
#1486=ORIENTED_EDGE('',*,*,#2592,.F.);
#1487=ORIENTED_EDGE('',*,*,#3042,.F.);
#1488=ORIENTED_EDGE('',*,*,#3043,.T.);
#1489=ORIENTED_EDGE('',*,*,#3040,.T.);
#1490=ORIENTED_EDGE('',*,*,#2591,.F.);
#1491=ORIENTED_EDGE('',*,*,#3044,.F.);
#1492=ORIENTED_EDGE('',*,*,#3045,.T.);
#1493=ORIENTED_EDGE('',*,*,#3042,.T.);
#1494=ORIENTED_EDGE('',*,*,#2590,.F.);
#1495=ORIENTED_EDGE('',*,*,#3019,.F.);
#1496=ORIENTED_EDGE('',*,*,#3046,.T.);
#1497=ORIENTED_EDGE('',*,*,#3044,.T.);
#1498=ORIENTED_EDGE('',*,*,#3018,.F.);
#1499=ORIENTED_EDGE('',*,*,#3021,.F.);
#1500=ORIENTED_EDGE('',*,*,#3023,.F.);
#1501=ORIENTED_EDGE('',*,*,#3025,.F.);
#1502=ORIENTED_EDGE('',*,*,#3027,.F.);
#1503=ORIENTED_EDGE('',*,*,#3029,.F.);
#1504=ORIENTED_EDGE('',*,*,#3031,.F.);
#1505=ORIENTED_EDGE('',*,*,#3033,.F.);
#1506=ORIENTED_EDGE('',*,*,#3035,.F.);
#1507=ORIENTED_EDGE('',*,*,#3037,.F.);
#1508=ORIENTED_EDGE('',*,*,#3039,.F.);
#1509=ORIENTED_EDGE('',*,*,#3041,.F.);
#1510=ORIENTED_EDGE('',*,*,#3043,.F.);
#1511=ORIENTED_EDGE('',*,*,#3045,.F.);
#1512=ORIENTED_EDGE('',*,*,#3046,.F.);
#1513=ORIENTED_EDGE('',*,*,#3047,.F.);
#1514=ORIENTED_EDGE('',*,*,#3048,.F.);
#1515=ORIENTED_EDGE('',*,*,#3049,.T.);
#1516=ORIENTED_EDGE('',*,*,#3050,.T.);
#1517=ORIENTED_EDGE('',*,*,#3051,.F.);
#1518=ORIENTED_EDGE('',*,*,#3052,.F.);
#1519=ORIENTED_EDGE('',*,*,#3053,.T.);
#1520=ORIENTED_EDGE('',*,*,#3048,.T.);
#1521=ORIENTED_EDGE('',*,*,#3054,.F.);
#1522=ORIENTED_EDGE('',*,*,#3055,.F.);
#1523=ORIENTED_EDGE('',*,*,#3056,.T.);
#1524=ORIENTED_EDGE('',*,*,#3052,.T.);
#1525=ORIENTED_EDGE('',*,*,#3057,.F.);
#1526=ORIENTED_EDGE('',*,*,#3058,.F.);
#1527=ORIENTED_EDGE('',*,*,#3059,.T.);
#1528=ORIENTED_EDGE('',*,*,#3055,.T.);
#1529=ORIENTED_EDGE('',*,*,#3060,.F.);
#1530=ORIENTED_EDGE('',*,*,#3061,.F.);
#1531=ORIENTED_EDGE('',*,*,#3062,.T.);
#1532=ORIENTED_EDGE('',*,*,#3058,.T.);
#1533=ORIENTED_EDGE('',*,*,#3063,.F.);
#1534=ORIENTED_EDGE('',*,*,#3064,.F.);
#1535=ORIENTED_EDGE('',*,*,#3065,.T.);
#1536=ORIENTED_EDGE('',*,*,#3061,.T.);
#1537=ORIENTED_EDGE('',*,*,#3066,.F.);
#1538=ORIENTED_EDGE('',*,*,#3067,.F.);
#1539=ORIENTED_EDGE('',*,*,#3068,.T.);
#1540=ORIENTED_EDGE('',*,*,#3064,.T.);
#1541=ORIENTED_EDGE('',*,*,#2701,.F.);
#1542=ORIENTED_EDGE('',*,*,#3069,.F.);
#1543=ORIENTED_EDGE('',*,*,#3070,.T.);
#1544=ORIENTED_EDGE('',*,*,#3071,.T.);
#1545=ORIENTED_EDGE('',*,*,#2719,.F.);
#1546=ORIENTED_EDGE('',*,*,#3072,.F.);
#1547=ORIENTED_EDGE('',*,*,#3073,.T.);
#1548=ORIENTED_EDGE('',*,*,#3069,.T.);
#1549=ORIENTED_EDGE('',*,*,#2718,.F.);
#1550=ORIENTED_EDGE('',*,*,#3074,.F.);
#1551=ORIENTED_EDGE('',*,*,#3075,.T.);
#1552=ORIENTED_EDGE('',*,*,#3072,.T.);
#1553=ORIENTED_EDGE('',*,*,#2717,.F.);
#1554=ORIENTED_EDGE('',*,*,#3076,.F.);
#1555=ORIENTED_EDGE('',*,*,#3077,.T.);
#1556=ORIENTED_EDGE('',*,*,#3074,.T.);
#1557=ORIENTED_EDGE('',*,*,#2716,.F.);
#1558=ORIENTED_EDGE('',*,*,#3078,.F.);
#1559=ORIENTED_EDGE('',*,*,#3079,.T.);
#1560=ORIENTED_EDGE('',*,*,#3076,.T.);
#1561=ORIENTED_EDGE('',*,*,#2715,.F.);
#1562=ORIENTED_EDGE('',*,*,#3080,.F.);
#1563=ORIENTED_EDGE('',*,*,#3081,.T.);
#1564=ORIENTED_EDGE('',*,*,#3078,.T.);
#1565=ORIENTED_EDGE('',*,*,#2714,.F.);
#1566=ORIENTED_EDGE('',*,*,#3082,.F.);
#1567=ORIENTED_EDGE('',*,*,#3083,.T.);
#1568=ORIENTED_EDGE('',*,*,#3080,.T.);
#1569=ORIENTED_EDGE('',*,*,#2713,.F.);
#1570=ORIENTED_EDGE('',*,*,#3084,.F.);
#1571=ORIENTED_EDGE('',*,*,#3085,.T.);
#1572=ORIENTED_EDGE('',*,*,#3082,.T.);
#1573=ORIENTED_EDGE('',*,*,#2712,.F.);
#1574=ORIENTED_EDGE('',*,*,#3086,.F.);
#1575=ORIENTED_EDGE('',*,*,#3087,.T.);
#1576=ORIENTED_EDGE('',*,*,#3084,.T.);
#1577=ORIENTED_EDGE('',*,*,#2711,.F.);
#1578=ORIENTED_EDGE('',*,*,#3088,.F.);
#1579=ORIENTED_EDGE('',*,*,#3089,.T.);
#1580=ORIENTED_EDGE('',*,*,#3086,.T.);
#1581=ORIENTED_EDGE('',*,*,#2710,.F.);
#1582=ORIENTED_EDGE('',*,*,#3090,.F.);
#1583=ORIENTED_EDGE('',*,*,#3091,.T.);
#1584=ORIENTED_EDGE('',*,*,#3088,.T.);
#1585=ORIENTED_EDGE('',*,*,#2709,.F.);
#1586=ORIENTED_EDGE('',*,*,#3092,.F.);
#1587=ORIENTED_EDGE('',*,*,#3093,.T.);
#1588=ORIENTED_EDGE('',*,*,#3090,.T.);
#1589=ORIENTED_EDGE('',*,*,#2708,.F.);
#1590=ORIENTED_EDGE('',*,*,#3094,.F.);
#1591=ORIENTED_EDGE('',*,*,#3095,.T.);
#1592=ORIENTED_EDGE('',*,*,#3092,.T.);
#1593=ORIENTED_EDGE('',*,*,#2707,.F.);
#1594=ORIENTED_EDGE('',*,*,#3096,.F.);
#1595=ORIENTED_EDGE('',*,*,#3097,.T.);
#1596=ORIENTED_EDGE('',*,*,#3094,.T.);
#1597=ORIENTED_EDGE('',*,*,#2706,.F.);
#1598=ORIENTED_EDGE('',*,*,#3098,.F.);
#1599=ORIENTED_EDGE('',*,*,#3099,.T.);
#1600=ORIENTED_EDGE('',*,*,#3096,.T.);
#1601=ORIENTED_EDGE('',*,*,#2705,.F.);
#1602=ORIENTED_EDGE('',*,*,#3100,.F.);
#1603=ORIENTED_EDGE('',*,*,#3101,.T.);
#1604=ORIENTED_EDGE('',*,*,#3098,.T.);
#1605=ORIENTED_EDGE('',*,*,#2704,.F.);
#1606=ORIENTED_EDGE('',*,*,#3102,.F.);
#1607=ORIENTED_EDGE('',*,*,#3103,.T.);
#1608=ORIENTED_EDGE('',*,*,#3100,.T.);
#1609=ORIENTED_EDGE('',*,*,#2703,.F.);
#1610=ORIENTED_EDGE('',*,*,#3104,.F.);
#1611=ORIENTED_EDGE('',*,*,#3105,.T.);
#1612=ORIENTED_EDGE('',*,*,#3102,.T.);
#1613=ORIENTED_EDGE('',*,*,#2702,.F.);
#1614=ORIENTED_EDGE('',*,*,#3071,.F.);
#1615=ORIENTED_EDGE('',*,*,#3106,.T.);
#1616=ORIENTED_EDGE('',*,*,#3104,.T.);
#1617=ORIENTED_EDGE('',*,*,#3107,.F.);
#1618=ORIENTED_EDGE('',*,*,#3050,.F.);
#1619=ORIENTED_EDGE('',*,*,#3108,.T.);
#1620=ORIENTED_EDGE('',*,*,#3067,.T.);
#1621=ORIENTED_EDGE('',*,*,#3070,.F.);
#1622=ORIENTED_EDGE('',*,*,#3073,.F.);
#1623=ORIENTED_EDGE('',*,*,#3075,.F.);
#1624=ORIENTED_EDGE('',*,*,#3077,.F.);
#1625=ORIENTED_EDGE('',*,*,#3079,.F.);
#1626=ORIENTED_EDGE('',*,*,#3081,.F.);
#1627=ORIENTED_EDGE('',*,*,#3083,.F.);
#1628=ORIENTED_EDGE('',*,*,#3085,.F.);
#1629=ORIENTED_EDGE('',*,*,#3087,.F.);
#1630=ORIENTED_EDGE('',*,*,#3089,.F.);
#1631=ORIENTED_EDGE('',*,*,#3091,.F.);
#1632=ORIENTED_EDGE('',*,*,#3093,.F.);
#1633=ORIENTED_EDGE('',*,*,#3095,.F.);
#1634=ORIENTED_EDGE('',*,*,#3097,.F.);
#1635=ORIENTED_EDGE('',*,*,#3099,.F.);
#1636=ORIENTED_EDGE('',*,*,#3101,.F.);
#1637=ORIENTED_EDGE('',*,*,#3103,.F.);
#1638=ORIENTED_EDGE('',*,*,#3105,.F.);
#1639=ORIENTED_EDGE('',*,*,#3106,.F.);
#1640=ORIENTED_EDGE('',*,*,#3049,.F.);
#1641=ORIENTED_EDGE('',*,*,#3053,.F.);
#1642=ORIENTED_EDGE('',*,*,#3056,.F.);
#1643=ORIENTED_EDGE('',*,*,#3059,.F.);
#1644=ORIENTED_EDGE('',*,*,#3062,.F.);
#1645=ORIENTED_EDGE('',*,*,#3065,.F.);
#1646=ORIENTED_EDGE('',*,*,#3068,.F.);
#1647=ORIENTED_EDGE('',*,*,#3108,.F.);
#1648=ORIENTED_EDGE('',*,*,#3109,.F.);
#1649=ORIENTED_EDGE('',*,*,#3110,.F.);
#1650=ORIENTED_EDGE('',*,*,#3111,.T.);
#1651=ORIENTED_EDGE('',*,*,#3112,.T.);
#1652=ORIENTED_EDGE('',*,*,#3113,.F.);
#1653=ORIENTED_EDGE('',*,*,#3114,.F.);
#1654=ORIENTED_EDGE('',*,*,#3115,.T.);
#1655=ORIENTED_EDGE('',*,*,#3110,.T.);
#1656=ORIENTED_EDGE('',*,*,#3116,.F.);
#1657=ORIENTED_EDGE('',*,*,#3117,.F.);
#1658=ORIENTED_EDGE('',*,*,#3118,.T.);
#1659=ORIENTED_EDGE('',*,*,#3114,.T.);
#1660=ORIENTED_EDGE('',*,*,#3119,.F.);
#1661=ORIENTED_EDGE('',*,*,#3120,.F.);
#1662=ORIENTED_EDGE('',*,*,#3121,.T.);
#1663=ORIENTED_EDGE('',*,*,#3117,.T.);
#1664=ORIENTED_EDGE('',*,*,#3122,.F.);
#1665=ORIENTED_EDGE('',*,*,#3123,.F.);
#1666=ORIENTED_EDGE('',*,*,#3124,.T.);
#1667=ORIENTED_EDGE('',*,*,#3120,.T.);
#1668=ORIENTED_EDGE('',*,*,#3125,.F.);
#1669=ORIENTED_EDGE('',*,*,#3126,.F.);
#1670=ORIENTED_EDGE('',*,*,#3127,.T.);
#1671=ORIENTED_EDGE('',*,*,#3123,.T.);
#1672=ORIENTED_EDGE('',*,*,#3128,.F.);
#1673=ORIENTED_EDGE('',*,*,#3129,.F.);
#1674=ORIENTED_EDGE('',*,*,#3130,.T.);
#1675=ORIENTED_EDGE('',*,*,#3126,.T.);
#1676=ORIENTED_EDGE('',*,*,#2574,.F.);
#1677=ORIENTED_EDGE('',*,*,#3131,.F.);
#1678=ORIENTED_EDGE('',*,*,#3132,.T.);
#1679=ORIENTED_EDGE('',*,*,#3133,.T.);
#1680=ORIENTED_EDGE('',*,*,#2588,.F.);
#1681=ORIENTED_EDGE('',*,*,#3134,.F.);
#1682=ORIENTED_EDGE('',*,*,#3135,.T.);
#1683=ORIENTED_EDGE('',*,*,#3131,.T.);
#1684=ORIENTED_EDGE('',*,*,#2587,.F.);
#1685=ORIENTED_EDGE('',*,*,#3136,.F.);
#1686=ORIENTED_EDGE('',*,*,#3137,.T.);
#1687=ORIENTED_EDGE('',*,*,#3134,.T.);
#1688=ORIENTED_EDGE('',*,*,#2586,.F.);
#1689=ORIENTED_EDGE('',*,*,#3138,.F.);
#1690=ORIENTED_EDGE('',*,*,#3139,.T.);
#1691=ORIENTED_EDGE('',*,*,#3136,.T.);
#1692=ORIENTED_EDGE('',*,*,#2585,.F.);
#1693=ORIENTED_EDGE('',*,*,#3140,.F.);
#1694=ORIENTED_EDGE('',*,*,#3141,.T.);
#1695=ORIENTED_EDGE('',*,*,#3138,.T.);
#1696=ORIENTED_EDGE('',*,*,#2584,.F.);
#1697=ORIENTED_EDGE('',*,*,#3142,.F.);
#1698=ORIENTED_EDGE('',*,*,#3143,.T.);
#1699=ORIENTED_EDGE('',*,*,#3140,.T.);
#1700=ORIENTED_EDGE('',*,*,#2583,.F.);
#1701=ORIENTED_EDGE('',*,*,#3144,.F.);
#1702=ORIENTED_EDGE('',*,*,#3145,.T.);
#1703=ORIENTED_EDGE('',*,*,#3142,.T.);
#1704=ORIENTED_EDGE('',*,*,#2582,.F.);
#1705=ORIENTED_EDGE('',*,*,#3146,.F.);
#1706=ORIENTED_EDGE('',*,*,#3147,.T.);
#1707=ORIENTED_EDGE('',*,*,#3144,.T.);
#1708=ORIENTED_EDGE('',*,*,#2581,.F.);
#1709=ORIENTED_EDGE('',*,*,#3148,.F.);
#1710=ORIENTED_EDGE('',*,*,#3149,.T.);
#1711=ORIENTED_EDGE('',*,*,#3146,.T.);
#1712=ORIENTED_EDGE('',*,*,#2580,.F.);
#1713=ORIENTED_EDGE('',*,*,#3150,.F.);
#1714=ORIENTED_EDGE('',*,*,#3151,.T.);
#1715=ORIENTED_EDGE('',*,*,#3148,.T.);
#1716=ORIENTED_EDGE('',*,*,#2579,.F.);
#1717=ORIENTED_EDGE('',*,*,#3152,.F.);
#1718=ORIENTED_EDGE('',*,*,#3153,.T.);
#1719=ORIENTED_EDGE('',*,*,#3150,.T.);
#1720=ORIENTED_EDGE('',*,*,#2578,.F.);
#1721=ORIENTED_EDGE('',*,*,#3154,.F.);
#1722=ORIENTED_EDGE('',*,*,#3155,.T.);
#1723=ORIENTED_EDGE('',*,*,#3152,.T.);
#1724=ORIENTED_EDGE('',*,*,#2577,.F.);
#1725=ORIENTED_EDGE('',*,*,#3156,.F.);
#1726=ORIENTED_EDGE('',*,*,#3157,.T.);
#1727=ORIENTED_EDGE('',*,*,#3154,.T.);
#1728=ORIENTED_EDGE('',*,*,#2576,.F.);
#1729=ORIENTED_EDGE('',*,*,#3158,.F.);
#1730=ORIENTED_EDGE('',*,*,#3159,.T.);
#1731=ORIENTED_EDGE('',*,*,#3156,.T.);
#1732=ORIENTED_EDGE('',*,*,#2575,.F.);
#1733=ORIENTED_EDGE('',*,*,#3133,.F.);
#1734=ORIENTED_EDGE('',*,*,#3160,.T.);
#1735=ORIENTED_EDGE('',*,*,#3158,.T.);
#1736=ORIENTED_EDGE('',*,*,#3161,.F.);
#1737=ORIENTED_EDGE('',*,*,#3112,.F.);
#1738=ORIENTED_EDGE('',*,*,#3162,.T.);
#1739=ORIENTED_EDGE('',*,*,#3129,.T.);
#1740=ORIENTED_EDGE('',*,*,#3132,.F.);
#1741=ORIENTED_EDGE('',*,*,#3135,.F.);
#1742=ORIENTED_EDGE('',*,*,#3137,.F.);
#1743=ORIENTED_EDGE('',*,*,#3139,.F.);
#1744=ORIENTED_EDGE('',*,*,#3141,.F.);
#1745=ORIENTED_EDGE('',*,*,#3143,.F.);
#1746=ORIENTED_EDGE('',*,*,#3145,.F.);
#1747=ORIENTED_EDGE('',*,*,#3147,.F.);
#1748=ORIENTED_EDGE('',*,*,#3149,.F.);
#1749=ORIENTED_EDGE('',*,*,#3151,.F.);
#1750=ORIENTED_EDGE('',*,*,#3153,.F.);
#1751=ORIENTED_EDGE('',*,*,#3155,.F.);
#1752=ORIENTED_EDGE('',*,*,#3157,.F.);
#1753=ORIENTED_EDGE('',*,*,#3159,.F.);
#1754=ORIENTED_EDGE('',*,*,#3160,.F.);
#1755=ORIENTED_EDGE('',*,*,#3111,.F.);
#1756=ORIENTED_EDGE('',*,*,#3115,.F.);
#1757=ORIENTED_EDGE('',*,*,#3118,.F.);
#1758=ORIENTED_EDGE('',*,*,#3121,.F.);
#1759=ORIENTED_EDGE('',*,*,#3124,.F.);
#1760=ORIENTED_EDGE('',*,*,#3127,.F.);
#1761=ORIENTED_EDGE('',*,*,#3130,.F.);
#1762=ORIENTED_EDGE('',*,*,#3162,.F.);
#1763=ORIENTED_EDGE('',*,*,#3163,.F.);
#1764=ORIENTED_EDGE('',*,*,#3164,.F.);
#1765=ORIENTED_EDGE('',*,*,#3165,.T.);
#1766=ORIENTED_EDGE('',*,*,#3166,.T.);
#1767=ORIENTED_EDGE('',*,*,#3167,.F.);
#1768=ORIENTED_EDGE('',*,*,#3168,.F.);
#1769=ORIENTED_EDGE('',*,*,#3169,.T.);
#1770=ORIENTED_EDGE('',*,*,#3164,.T.);
#1771=ORIENTED_EDGE('',*,*,#3170,.F.);
#1772=ORIENTED_EDGE('',*,*,#3171,.F.);
#1773=ORIENTED_EDGE('',*,*,#3172,.T.);
#1774=ORIENTED_EDGE('',*,*,#3168,.T.);
#1775=ORIENTED_EDGE('',*,*,#3173,.F.);
#1776=ORIENTED_EDGE('',*,*,#3174,.F.);
#1777=ORIENTED_EDGE('',*,*,#3175,.T.);
#1778=ORIENTED_EDGE('',*,*,#3171,.T.);
#1779=ORIENTED_EDGE('',*,*,#3176,.F.);
#1780=ORIENTED_EDGE('',*,*,#3177,.F.);
#1781=ORIENTED_EDGE('',*,*,#3178,.T.);
#1782=ORIENTED_EDGE('',*,*,#3174,.T.);
#1783=ORIENTED_EDGE('',*,*,#3179,.F.);
#1784=ORIENTED_EDGE('',*,*,#3180,.F.);
#1785=ORIENTED_EDGE('',*,*,#3181,.T.);
#1786=ORIENTED_EDGE('',*,*,#3177,.T.);
#1787=ORIENTED_EDGE('',*,*,#3182,.F.);
#1788=ORIENTED_EDGE('',*,*,#3183,.F.);
#1789=ORIENTED_EDGE('',*,*,#3184,.T.);
#1790=ORIENTED_EDGE('',*,*,#3180,.T.);
#1791=ORIENTED_EDGE('',*,*,#2720,.F.);
#1792=ORIENTED_EDGE('',*,*,#3185,.F.);
#1793=ORIENTED_EDGE('',*,*,#3186,.T.);
#1794=ORIENTED_EDGE('',*,*,#3187,.T.);
#1795=ORIENTED_EDGE('',*,*,#2738,.F.);
#1796=ORIENTED_EDGE('',*,*,#3188,.F.);
#1797=ORIENTED_EDGE('',*,*,#3189,.T.);
#1798=ORIENTED_EDGE('',*,*,#3185,.T.);
#1799=ORIENTED_EDGE('',*,*,#2737,.F.);
#1800=ORIENTED_EDGE('',*,*,#3190,.F.);
#1801=ORIENTED_EDGE('',*,*,#3191,.T.);
#1802=ORIENTED_EDGE('',*,*,#3188,.T.);
#1803=ORIENTED_EDGE('',*,*,#2736,.F.);
#1804=ORIENTED_EDGE('',*,*,#3192,.F.);
#1805=ORIENTED_EDGE('',*,*,#3193,.T.);
#1806=ORIENTED_EDGE('',*,*,#3190,.T.);
#1807=ORIENTED_EDGE('',*,*,#2735,.F.);
#1808=ORIENTED_EDGE('',*,*,#3194,.F.);
#1809=ORIENTED_EDGE('',*,*,#3195,.T.);
#1810=ORIENTED_EDGE('',*,*,#3192,.T.);
#1811=ORIENTED_EDGE('',*,*,#2734,.F.);
#1812=ORIENTED_EDGE('',*,*,#3196,.F.);
#1813=ORIENTED_EDGE('',*,*,#3197,.T.);
#1814=ORIENTED_EDGE('',*,*,#3194,.T.);
#1815=ORIENTED_EDGE('',*,*,#2733,.F.);
#1816=ORIENTED_EDGE('',*,*,#3198,.F.);
#1817=ORIENTED_EDGE('',*,*,#3199,.T.);
#1818=ORIENTED_EDGE('',*,*,#3196,.T.);
#1819=ORIENTED_EDGE('',*,*,#2732,.F.);
#1820=ORIENTED_EDGE('',*,*,#3200,.F.);
#1821=ORIENTED_EDGE('',*,*,#3201,.T.);
#1822=ORIENTED_EDGE('',*,*,#3198,.T.);
#1823=ORIENTED_EDGE('',*,*,#2731,.F.);
#1824=ORIENTED_EDGE('',*,*,#3202,.F.);
#1825=ORIENTED_EDGE('',*,*,#3203,.T.);
#1826=ORIENTED_EDGE('',*,*,#3200,.T.);
#1827=ORIENTED_EDGE('',*,*,#2730,.F.);
#1828=ORIENTED_EDGE('',*,*,#3204,.F.);
#1829=ORIENTED_EDGE('',*,*,#3205,.T.);
#1830=ORIENTED_EDGE('',*,*,#3202,.T.);
#1831=ORIENTED_EDGE('',*,*,#2729,.F.);
#1832=ORIENTED_EDGE('',*,*,#3206,.F.);
#1833=ORIENTED_EDGE('',*,*,#3207,.T.);
#1834=ORIENTED_EDGE('',*,*,#3204,.T.);
#1835=ORIENTED_EDGE('',*,*,#2728,.F.);
#1836=ORIENTED_EDGE('',*,*,#3208,.F.);
#1837=ORIENTED_EDGE('',*,*,#3209,.T.);
#1838=ORIENTED_EDGE('',*,*,#3206,.T.);
#1839=ORIENTED_EDGE('',*,*,#2727,.F.);
#1840=ORIENTED_EDGE('',*,*,#3210,.F.);
#1841=ORIENTED_EDGE('',*,*,#3211,.T.);
#1842=ORIENTED_EDGE('',*,*,#3208,.T.);
#1843=ORIENTED_EDGE('',*,*,#2726,.F.);
#1844=ORIENTED_EDGE('',*,*,#3212,.F.);
#1845=ORIENTED_EDGE('',*,*,#3213,.T.);
#1846=ORIENTED_EDGE('',*,*,#3210,.T.);
#1847=ORIENTED_EDGE('',*,*,#2725,.F.);
#1848=ORIENTED_EDGE('',*,*,#3214,.F.);
#1849=ORIENTED_EDGE('',*,*,#3215,.T.);
#1850=ORIENTED_EDGE('',*,*,#3212,.T.);
#1851=ORIENTED_EDGE('',*,*,#2724,.F.);
#1852=ORIENTED_EDGE('',*,*,#3216,.F.);
#1853=ORIENTED_EDGE('',*,*,#3217,.T.);
#1854=ORIENTED_EDGE('',*,*,#3214,.T.);
#1855=ORIENTED_EDGE('',*,*,#2723,.F.);
#1856=ORIENTED_EDGE('',*,*,#3218,.F.);
#1857=ORIENTED_EDGE('',*,*,#3219,.T.);
#1858=ORIENTED_EDGE('',*,*,#3216,.T.);
#1859=ORIENTED_EDGE('',*,*,#2722,.F.);
#1860=ORIENTED_EDGE('',*,*,#3220,.F.);
#1861=ORIENTED_EDGE('',*,*,#3221,.T.);
#1862=ORIENTED_EDGE('',*,*,#3218,.T.);
#1863=ORIENTED_EDGE('',*,*,#2721,.F.);
#1864=ORIENTED_EDGE('',*,*,#3187,.F.);
#1865=ORIENTED_EDGE('',*,*,#3222,.T.);
#1866=ORIENTED_EDGE('',*,*,#3220,.T.);
#1867=ORIENTED_EDGE('',*,*,#3223,.F.);
#1868=ORIENTED_EDGE('',*,*,#3166,.F.);
#1869=ORIENTED_EDGE('',*,*,#3224,.T.);
#1870=ORIENTED_EDGE('',*,*,#3183,.T.);
#1871=ORIENTED_EDGE('',*,*,#3186,.F.);
#1872=ORIENTED_EDGE('',*,*,#3189,.F.);
#1873=ORIENTED_EDGE('',*,*,#3191,.F.);
#1874=ORIENTED_EDGE('',*,*,#3193,.F.);
#1875=ORIENTED_EDGE('',*,*,#3195,.F.);
#1876=ORIENTED_EDGE('',*,*,#3197,.F.);
#1877=ORIENTED_EDGE('',*,*,#3199,.F.);
#1878=ORIENTED_EDGE('',*,*,#3201,.F.);
#1879=ORIENTED_EDGE('',*,*,#3203,.F.);
#1880=ORIENTED_EDGE('',*,*,#3205,.F.);
#1881=ORIENTED_EDGE('',*,*,#3207,.F.);
#1882=ORIENTED_EDGE('',*,*,#3209,.F.);
#1883=ORIENTED_EDGE('',*,*,#3211,.F.);
#1884=ORIENTED_EDGE('',*,*,#3213,.F.);
#1885=ORIENTED_EDGE('',*,*,#3215,.F.);
#1886=ORIENTED_EDGE('',*,*,#3217,.F.);
#1887=ORIENTED_EDGE('',*,*,#3219,.F.);
#1888=ORIENTED_EDGE('',*,*,#3221,.F.);
#1889=ORIENTED_EDGE('',*,*,#3222,.F.);
#1890=ORIENTED_EDGE('',*,*,#3165,.F.);
#1891=ORIENTED_EDGE('',*,*,#3169,.F.);
#1892=ORIENTED_EDGE('',*,*,#3172,.F.);
#1893=ORIENTED_EDGE('',*,*,#3175,.F.);
#1894=ORIENTED_EDGE('',*,*,#3178,.F.);
#1895=ORIENTED_EDGE('',*,*,#3181,.F.);
#1896=ORIENTED_EDGE('',*,*,#3184,.F.);
#1897=ORIENTED_EDGE('',*,*,#3224,.F.);
#1898=ORIENTED_EDGE('',*,*,#3225,.F.);
#1899=ORIENTED_EDGE('',*,*,#3226,.F.);
#1900=ORIENTED_EDGE('',*,*,#3227,.T.);
#1901=ORIENTED_EDGE('',*,*,#3228,.T.);
#1902=ORIENTED_EDGE('',*,*,#3229,.F.);
#1903=ORIENTED_EDGE('',*,*,#3230,.F.);
#1904=ORIENTED_EDGE('',*,*,#3231,.T.);
#1905=ORIENTED_EDGE('',*,*,#3226,.T.);
#1906=ORIENTED_EDGE('',*,*,#3232,.F.);
#1907=ORIENTED_EDGE('',*,*,#3233,.F.);
#1908=ORIENTED_EDGE('',*,*,#3234,.T.);
#1909=ORIENTED_EDGE('',*,*,#3230,.T.);
#1910=ORIENTED_EDGE('',*,*,#3235,.F.);
#1911=ORIENTED_EDGE('',*,*,#3236,.F.);
#1912=ORIENTED_EDGE('',*,*,#3237,.T.);
#1913=ORIENTED_EDGE('',*,*,#3233,.T.);
#1914=ORIENTED_EDGE('',*,*,#3238,.F.);
#1915=ORIENTED_EDGE('',*,*,#3239,.F.);
#1916=ORIENTED_EDGE('',*,*,#3240,.T.);
#1917=ORIENTED_EDGE('',*,*,#3236,.T.);
#1918=ORIENTED_EDGE('',*,*,#3241,.F.);
#1919=ORIENTED_EDGE('',*,*,#3242,.F.);
#1920=ORIENTED_EDGE('',*,*,#3243,.T.);
#1921=ORIENTED_EDGE('',*,*,#3239,.T.);
#1922=ORIENTED_EDGE('',*,*,#2566,.F.);
#1923=ORIENTED_EDGE('',*,*,#3244,.F.);
#1924=ORIENTED_EDGE('',*,*,#3245,.T.);
#1925=ORIENTED_EDGE('',*,*,#3246,.T.);
#1926=ORIENTED_EDGE('',*,*,#2573,.F.);
#1927=ORIENTED_EDGE('',*,*,#3247,.F.);
#1928=ORIENTED_EDGE('',*,*,#3248,.T.);
#1929=ORIENTED_EDGE('',*,*,#3244,.T.);
#1930=ORIENTED_EDGE('',*,*,#2572,.F.);
#1931=ORIENTED_EDGE('',*,*,#3249,.F.);
#1932=ORIENTED_EDGE('',*,*,#3250,.T.);
#1933=ORIENTED_EDGE('',*,*,#3247,.T.);
#1934=ORIENTED_EDGE('',*,*,#2571,.F.);
#1935=ORIENTED_EDGE('',*,*,#3251,.F.);
#1936=ORIENTED_EDGE('',*,*,#3252,.T.);
#1937=ORIENTED_EDGE('',*,*,#3249,.T.);
#1938=ORIENTED_EDGE('',*,*,#2570,.F.);
#1939=ORIENTED_EDGE('',*,*,#3253,.F.);
#1940=ORIENTED_EDGE('',*,*,#3254,.T.);
#1941=ORIENTED_EDGE('',*,*,#3251,.T.);
#1942=ORIENTED_EDGE('',*,*,#2569,.F.);
#1943=ORIENTED_EDGE('',*,*,#3255,.F.);
#1944=ORIENTED_EDGE('',*,*,#3256,.T.);
#1945=ORIENTED_EDGE('',*,*,#3253,.T.);
#1946=ORIENTED_EDGE('',*,*,#2568,.F.);
#1947=ORIENTED_EDGE('',*,*,#3257,.F.);
#1948=ORIENTED_EDGE('',*,*,#3258,.T.);
#1949=ORIENTED_EDGE('',*,*,#3255,.T.);
#1950=ORIENTED_EDGE('',*,*,#2567,.F.);
#1951=ORIENTED_EDGE('',*,*,#3246,.F.);
#1952=ORIENTED_EDGE('',*,*,#3259,.T.);
#1953=ORIENTED_EDGE('',*,*,#3257,.T.);
#1954=ORIENTED_EDGE('',*,*,#3260,.F.);
#1955=ORIENTED_EDGE('',*,*,#3228,.F.);
#1956=ORIENTED_EDGE('',*,*,#3261,.T.);
#1957=ORIENTED_EDGE('',*,*,#3242,.T.);
#1958=ORIENTED_EDGE('',*,*,#3245,.F.);
#1959=ORIENTED_EDGE('',*,*,#3248,.F.);
#1960=ORIENTED_EDGE('',*,*,#3250,.F.);
#1961=ORIENTED_EDGE('',*,*,#3252,.F.);
#1962=ORIENTED_EDGE('',*,*,#3254,.F.);
#1963=ORIENTED_EDGE('',*,*,#3256,.F.);
#1964=ORIENTED_EDGE('',*,*,#3258,.F.);
#1965=ORIENTED_EDGE('',*,*,#3259,.F.);
#1966=ORIENTED_EDGE('',*,*,#3227,.F.);
#1967=ORIENTED_EDGE('',*,*,#3231,.F.);
#1968=ORIENTED_EDGE('',*,*,#3234,.F.);
#1969=ORIENTED_EDGE('',*,*,#3237,.F.);
#1970=ORIENTED_EDGE('',*,*,#3240,.F.);
#1971=ORIENTED_EDGE('',*,*,#3243,.F.);
#1972=ORIENTED_EDGE('',*,*,#3261,.F.);
#1973=ORIENTED_EDGE('',*,*,#3262,.F.);
#1974=ORIENTED_EDGE('',*,*,#3263,.F.);
#1975=ORIENTED_EDGE('',*,*,#3264,.T.);
#1976=ORIENTED_EDGE('',*,*,#3265,.T.);
#1977=ORIENTED_EDGE('',*,*,#3266,.F.);
#1978=ORIENTED_EDGE('',*,*,#3267,.F.);
#1979=ORIENTED_EDGE('',*,*,#3268,.T.);
#1980=ORIENTED_EDGE('',*,*,#3263,.T.);
#1981=ORIENTED_EDGE('',*,*,#3269,.F.);
#1982=ORIENTED_EDGE('',*,*,#3270,.F.);
#1983=ORIENTED_EDGE('',*,*,#3271,.T.);
#1984=ORIENTED_EDGE('',*,*,#3267,.T.);
#1985=ORIENTED_EDGE('',*,*,#3272,.F.);
#1986=ORIENTED_EDGE('',*,*,#3273,.F.);
#1987=ORIENTED_EDGE('',*,*,#3274,.T.);
#1988=ORIENTED_EDGE('',*,*,#3270,.T.);
#1989=ORIENTED_EDGE('',*,*,#3275,.F.);
#1990=ORIENTED_EDGE('',*,*,#3276,.F.);
#1991=ORIENTED_EDGE('',*,*,#3277,.T.);
#1992=ORIENTED_EDGE('',*,*,#3273,.T.);
#1993=ORIENTED_EDGE('',*,*,#3278,.F.);
#1994=ORIENTED_EDGE('',*,*,#3279,.F.);
#1995=ORIENTED_EDGE('',*,*,#3280,.T.);
#1996=ORIENTED_EDGE('',*,*,#3276,.T.);
#1997=ORIENTED_EDGE('',*,*,#3281,.F.);
#1998=ORIENTED_EDGE('',*,*,#3282,.F.);
#1999=ORIENTED_EDGE('',*,*,#3283,.T.);
#2000=ORIENTED_EDGE('',*,*,#3279,.T.);
#2001=ORIENTED_EDGE('',*,*,#2739,.F.);
#2002=ORIENTED_EDGE('',*,*,#3284,.F.);
#2003=ORIENTED_EDGE('',*,*,#3285,.T.);
#2004=ORIENTED_EDGE('',*,*,#3286,.T.);
#2005=ORIENTED_EDGE('',*,*,#2757,.F.);
#2006=ORIENTED_EDGE('',*,*,#3287,.F.);
#2007=ORIENTED_EDGE('',*,*,#3288,.T.);
#2008=ORIENTED_EDGE('',*,*,#3284,.T.);
#2009=ORIENTED_EDGE('',*,*,#2756,.F.);
#2010=ORIENTED_EDGE('',*,*,#3289,.F.);
#2011=ORIENTED_EDGE('',*,*,#3290,.T.);
#2012=ORIENTED_EDGE('',*,*,#3287,.T.);
#2013=ORIENTED_EDGE('',*,*,#2755,.F.);
#2014=ORIENTED_EDGE('',*,*,#3291,.F.);
#2015=ORIENTED_EDGE('',*,*,#3292,.T.);
#2016=ORIENTED_EDGE('',*,*,#3289,.T.);
#2017=ORIENTED_EDGE('',*,*,#2754,.F.);
#2018=ORIENTED_EDGE('',*,*,#3293,.F.);
#2019=ORIENTED_EDGE('',*,*,#3294,.T.);
#2020=ORIENTED_EDGE('',*,*,#3291,.T.);
#2021=ORIENTED_EDGE('',*,*,#2753,.F.);
#2022=ORIENTED_EDGE('',*,*,#3295,.F.);
#2023=ORIENTED_EDGE('',*,*,#3296,.T.);
#2024=ORIENTED_EDGE('',*,*,#3293,.T.);
#2025=ORIENTED_EDGE('',*,*,#2752,.F.);
#2026=ORIENTED_EDGE('',*,*,#3297,.F.);
#2027=ORIENTED_EDGE('',*,*,#3298,.T.);
#2028=ORIENTED_EDGE('',*,*,#3295,.T.);
#2029=ORIENTED_EDGE('',*,*,#2751,.F.);
#2030=ORIENTED_EDGE('',*,*,#3299,.F.);
#2031=ORIENTED_EDGE('',*,*,#3300,.T.);
#2032=ORIENTED_EDGE('',*,*,#3297,.T.);
#2033=ORIENTED_EDGE('',*,*,#2750,.F.);
#2034=ORIENTED_EDGE('',*,*,#3301,.F.);
#2035=ORIENTED_EDGE('',*,*,#3302,.T.);
#2036=ORIENTED_EDGE('',*,*,#3299,.T.);
#2037=ORIENTED_EDGE('',*,*,#2749,.F.);
#2038=ORIENTED_EDGE('',*,*,#3303,.F.);
#2039=ORIENTED_EDGE('',*,*,#3304,.T.);
#2040=ORIENTED_EDGE('',*,*,#3301,.T.);
#2041=ORIENTED_EDGE('',*,*,#2748,.F.);
#2042=ORIENTED_EDGE('',*,*,#3305,.F.);
#2043=ORIENTED_EDGE('',*,*,#3306,.T.);
#2044=ORIENTED_EDGE('',*,*,#3303,.T.);
#2045=ORIENTED_EDGE('',*,*,#2747,.F.);
#2046=ORIENTED_EDGE('',*,*,#3307,.F.);
#2047=ORIENTED_EDGE('',*,*,#3308,.T.);
#2048=ORIENTED_EDGE('',*,*,#3305,.T.);
#2049=ORIENTED_EDGE('',*,*,#2746,.F.);
#2050=ORIENTED_EDGE('',*,*,#3309,.F.);
#2051=ORIENTED_EDGE('',*,*,#3310,.T.);
#2052=ORIENTED_EDGE('',*,*,#3307,.T.);
#2053=ORIENTED_EDGE('',*,*,#2745,.F.);
#2054=ORIENTED_EDGE('',*,*,#3311,.F.);
#2055=ORIENTED_EDGE('',*,*,#3312,.T.);
#2056=ORIENTED_EDGE('',*,*,#3309,.T.);
#2057=ORIENTED_EDGE('',*,*,#2744,.F.);
#2058=ORIENTED_EDGE('',*,*,#3313,.F.);
#2059=ORIENTED_EDGE('',*,*,#3314,.T.);
#2060=ORIENTED_EDGE('',*,*,#3311,.T.);
#2061=ORIENTED_EDGE('',*,*,#2743,.F.);
#2062=ORIENTED_EDGE('',*,*,#3315,.F.);
#2063=ORIENTED_EDGE('',*,*,#3316,.T.);
#2064=ORIENTED_EDGE('',*,*,#3313,.T.);
#2065=ORIENTED_EDGE('',*,*,#2742,.F.);
#2066=ORIENTED_EDGE('',*,*,#3317,.F.);
#2067=ORIENTED_EDGE('',*,*,#3318,.T.);
#2068=ORIENTED_EDGE('',*,*,#3315,.T.);
#2069=ORIENTED_EDGE('',*,*,#2741,.F.);
#2070=ORIENTED_EDGE('',*,*,#3319,.F.);
#2071=ORIENTED_EDGE('',*,*,#3320,.T.);
#2072=ORIENTED_EDGE('',*,*,#3317,.T.);
#2073=ORIENTED_EDGE('',*,*,#2740,.F.);
#2074=ORIENTED_EDGE('',*,*,#3286,.F.);
#2075=ORIENTED_EDGE('',*,*,#3321,.T.);
#2076=ORIENTED_EDGE('',*,*,#3319,.T.);
#2077=ORIENTED_EDGE('',*,*,#3322,.F.);
#2078=ORIENTED_EDGE('',*,*,#3265,.F.);
#2079=ORIENTED_EDGE('',*,*,#3323,.T.);
#2080=ORIENTED_EDGE('',*,*,#3282,.T.);
#2081=ORIENTED_EDGE('',*,*,#3285,.F.);
#2082=ORIENTED_EDGE('',*,*,#3288,.F.);
#2083=ORIENTED_EDGE('',*,*,#3290,.F.);
#2084=ORIENTED_EDGE('',*,*,#3292,.F.);
#2085=ORIENTED_EDGE('',*,*,#3294,.F.);
#2086=ORIENTED_EDGE('',*,*,#3296,.F.);
#2087=ORIENTED_EDGE('',*,*,#3298,.F.);
#2088=ORIENTED_EDGE('',*,*,#3300,.F.);
#2089=ORIENTED_EDGE('',*,*,#3302,.F.);
#2090=ORIENTED_EDGE('',*,*,#3304,.F.);
#2091=ORIENTED_EDGE('',*,*,#3306,.F.);
#2092=ORIENTED_EDGE('',*,*,#3308,.F.);
#2093=ORIENTED_EDGE('',*,*,#3310,.F.);
#2094=ORIENTED_EDGE('',*,*,#3312,.F.);
#2095=ORIENTED_EDGE('',*,*,#3314,.F.);
#2096=ORIENTED_EDGE('',*,*,#3316,.F.);
#2097=ORIENTED_EDGE('',*,*,#3318,.F.);
#2098=ORIENTED_EDGE('',*,*,#3320,.F.);
#2099=ORIENTED_EDGE('',*,*,#3321,.F.);
#2100=ORIENTED_EDGE('',*,*,#3264,.F.);
#2101=ORIENTED_EDGE('',*,*,#3268,.F.);
#2102=ORIENTED_EDGE('',*,*,#3271,.F.);
#2103=ORIENTED_EDGE('',*,*,#3274,.F.);
#2104=ORIENTED_EDGE('',*,*,#3277,.F.);
#2105=ORIENTED_EDGE('',*,*,#3280,.F.);
#2106=ORIENTED_EDGE('',*,*,#3283,.F.);
#2107=ORIENTED_EDGE('',*,*,#3323,.F.);
#2108=ORIENTED_EDGE('',*,*,#3324,.F.);
#2109=ORIENTED_EDGE('',*,*,#3325,.F.);
#2110=ORIENTED_EDGE('',*,*,#3326,.T.);
#2111=ORIENTED_EDGE('',*,*,#3327,.T.);
#2112=ORIENTED_EDGE('',*,*,#3328,.F.);
#2113=ORIENTED_EDGE('',*,*,#3329,.F.);
#2114=ORIENTED_EDGE('',*,*,#3330,.T.);
#2115=ORIENTED_EDGE('',*,*,#3325,.T.);
#2116=ORIENTED_EDGE('',*,*,#3331,.F.);
#2117=ORIENTED_EDGE('',*,*,#3332,.F.);
#2118=ORIENTED_EDGE('',*,*,#3333,.T.);
#2119=ORIENTED_EDGE('',*,*,#3329,.T.);
#2120=ORIENTED_EDGE('',*,*,#3334,.F.);
#2121=ORIENTED_EDGE('',*,*,#3335,.F.);
#2122=ORIENTED_EDGE('',*,*,#3336,.T.);
#2123=ORIENTED_EDGE('',*,*,#3332,.T.);
#2124=ORIENTED_EDGE('',*,*,#3337,.F.);
#2125=ORIENTED_EDGE('',*,*,#3338,.F.);
#2126=ORIENTED_EDGE('',*,*,#3339,.T.);
#2127=ORIENTED_EDGE('',*,*,#3335,.T.);
#2128=ORIENTED_EDGE('',*,*,#3340,.F.);
#2129=ORIENTED_EDGE('',*,*,#3341,.F.);
#2130=ORIENTED_EDGE('',*,*,#3342,.T.);
#2131=ORIENTED_EDGE('',*,*,#3338,.T.);
#2132=ORIENTED_EDGE('',*,*,#3343,.F.);
#2133=ORIENTED_EDGE('',*,*,#3344,.F.);
#2134=ORIENTED_EDGE('',*,*,#3345,.T.);
#2135=ORIENTED_EDGE('',*,*,#3341,.T.);
#2136=ORIENTED_EDGE('',*,*,#3346,.F.);
#2137=ORIENTED_EDGE('',*,*,#3347,.F.);
#2138=ORIENTED_EDGE('',*,*,#3348,.T.);
#2139=ORIENTED_EDGE('',*,*,#3344,.T.);
#2140=ORIENTED_EDGE('',*,*,#2551,.F.);
#2141=ORIENTED_EDGE('',*,*,#3349,.F.);
#2142=ORIENTED_EDGE('',*,*,#3350,.T.);
#2143=ORIENTED_EDGE('',*,*,#3351,.T.);
#2144=ORIENTED_EDGE('',*,*,#2565,.F.);
#2145=ORIENTED_EDGE('',*,*,#3352,.F.);
#2146=ORIENTED_EDGE('',*,*,#3353,.T.);
#2147=ORIENTED_EDGE('',*,*,#3349,.T.);
#2148=ORIENTED_EDGE('',*,*,#2564,.F.);
#2149=ORIENTED_EDGE('',*,*,#3354,.F.);
#2150=ORIENTED_EDGE('',*,*,#3355,.T.);
#2151=ORIENTED_EDGE('',*,*,#3352,.T.);
#2152=ORIENTED_EDGE('',*,*,#2563,.F.);
#2153=ORIENTED_EDGE('',*,*,#3356,.F.);
#2154=ORIENTED_EDGE('',*,*,#3357,.T.);
#2155=ORIENTED_EDGE('',*,*,#3354,.T.);
#2156=ORIENTED_EDGE('',*,*,#2562,.F.);
#2157=ORIENTED_EDGE('',*,*,#3358,.F.);
#2158=ORIENTED_EDGE('',*,*,#3359,.T.);
#2159=ORIENTED_EDGE('',*,*,#3356,.T.);
#2160=ORIENTED_EDGE('',*,*,#2561,.F.);
#2161=ORIENTED_EDGE('',*,*,#3360,.F.);
#2162=ORIENTED_EDGE('',*,*,#3361,.T.);
#2163=ORIENTED_EDGE('',*,*,#3358,.T.);
#2164=ORIENTED_EDGE('',*,*,#2560,.F.);
#2165=ORIENTED_EDGE('',*,*,#3362,.F.);
#2166=ORIENTED_EDGE('',*,*,#3363,.T.);
#2167=ORIENTED_EDGE('',*,*,#3360,.T.);
#2168=ORIENTED_EDGE('',*,*,#2559,.F.);
#2169=ORIENTED_EDGE('',*,*,#3364,.F.);
#2170=ORIENTED_EDGE('',*,*,#3365,.T.);
#2171=ORIENTED_EDGE('',*,*,#3362,.T.);
#2172=ORIENTED_EDGE('',*,*,#2558,.F.);
#2173=ORIENTED_EDGE('',*,*,#3366,.F.);
#2174=ORIENTED_EDGE('',*,*,#3367,.T.);
#2175=ORIENTED_EDGE('',*,*,#3364,.T.);
#2176=ORIENTED_EDGE('',*,*,#2557,.F.);
#2177=ORIENTED_EDGE('',*,*,#3368,.F.);
#2178=ORIENTED_EDGE('',*,*,#3369,.T.);
#2179=ORIENTED_EDGE('',*,*,#3366,.T.);
#2180=ORIENTED_EDGE('',*,*,#2556,.F.);
#2181=ORIENTED_EDGE('',*,*,#3370,.F.);
#2182=ORIENTED_EDGE('',*,*,#3371,.T.);
#2183=ORIENTED_EDGE('',*,*,#3368,.T.);
#2184=ORIENTED_EDGE('',*,*,#2555,.F.);
#2185=ORIENTED_EDGE('',*,*,#3372,.F.);
#2186=ORIENTED_EDGE('',*,*,#3373,.T.);
#2187=ORIENTED_EDGE('',*,*,#3370,.T.);
#2188=ORIENTED_EDGE('',*,*,#2554,.F.);
#2189=ORIENTED_EDGE('',*,*,#3374,.F.);
#2190=ORIENTED_EDGE('',*,*,#3375,.T.);
#2191=ORIENTED_EDGE('',*,*,#3372,.T.);
#2192=ORIENTED_EDGE('',*,*,#2553,.F.);
#2193=ORIENTED_EDGE('',*,*,#3376,.F.);
#2194=ORIENTED_EDGE('',*,*,#3377,.T.);
#2195=ORIENTED_EDGE('',*,*,#3374,.T.);
#2196=ORIENTED_EDGE('',*,*,#2552,.F.);
#2197=ORIENTED_EDGE('',*,*,#3351,.F.);
#2198=ORIENTED_EDGE('',*,*,#3378,.T.);
#2199=ORIENTED_EDGE('',*,*,#3376,.T.);
#2200=ORIENTED_EDGE('',*,*,#3379,.F.);
#2201=ORIENTED_EDGE('',*,*,#3327,.F.);
#2202=ORIENTED_EDGE('',*,*,#3380,.T.);
#2203=ORIENTED_EDGE('',*,*,#3347,.T.);
#2204=ORIENTED_EDGE('',*,*,#3350,.F.);
#2205=ORIENTED_EDGE('',*,*,#3353,.F.);
#2206=ORIENTED_EDGE('',*,*,#3355,.F.);
#2207=ORIENTED_EDGE('',*,*,#3357,.F.);
#2208=ORIENTED_EDGE('',*,*,#3359,.F.);
#2209=ORIENTED_EDGE('',*,*,#3361,.F.);
#2210=ORIENTED_EDGE('',*,*,#3363,.F.);
#2211=ORIENTED_EDGE('',*,*,#3365,.F.);
#2212=ORIENTED_EDGE('',*,*,#3367,.F.);
#2213=ORIENTED_EDGE('',*,*,#3369,.F.);
#2214=ORIENTED_EDGE('',*,*,#3371,.F.);
#2215=ORIENTED_EDGE('',*,*,#3373,.F.);
#2216=ORIENTED_EDGE('',*,*,#3375,.F.);
#2217=ORIENTED_EDGE('',*,*,#3377,.F.);
#2218=ORIENTED_EDGE('',*,*,#3378,.F.);
#2219=ORIENTED_EDGE('',*,*,#3326,.F.);
#2220=ORIENTED_EDGE('',*,*,#3330,.F.);
#2221=ORIENTED_EDGE('',*,*,#3333,.F.);
#2222=ORIENTED_EDGE('',*,*,#3336,.F.);
#2223=ORIENTED_EDGE('',*,*,#3339,.F.);
#2224=ORIENTED_EDGE('',*,*,#3342,.F.);
#2225=ORIENTED_EDGE('',*,*,#3345,.F.);
#2226=ORIENTED_EDGE('',*,*,#3348,.F.);
#2227=ORIENTED_EDGE('',*,*,#3380,.F.);
#2228=ORIENTED_EDGE('',*,*,#2758,.F.);
#2229=ORIENTED_EDGE('',*,*,#3381,.F.);
#2230=ORIENTED_EDGE('',*,*,#3382,.T.);
#2231=ORIENTED_EDGE('',*,*,#3383,.T.);
#2232=ORIENTED_EDGE('',*,*,#2769,.F.);
#2233=ORIENTED_EDGE('',*,*,#3384,.F.);
#2234=ORIENTED_EDGE('',*,*,#3385,.T.);
#2235=ORIENTED_EDGE('',*,*,#3381,.T.);
#2236=ORIENTED_EDGE('',*,*,#2768,.F.);
#2237=ORIENTED_EDGE('',*,*,#3386,.F.);
#2238=ORIENTED_EDGE('',*,*,#3387,.T.);
#2239=ORIENTED_EDGE('',*,*,#3384,.T.);
#2240=ORIENTED_EDGE('',*,*,#2767,.F.);
#2241=ORIENTED_EDGE('',*,*,#3388,.F.);
#2242=ORIENTED_EDGE('',*,*,#3389,.T.);
#2243=ORIENTED_EDGE('',*,*,#3386,.T.);
#2244=ORIENTED_EDGE('',*,*,#2766,.F.);
#2245=ORIENTED_EDGE('',*,*,#3390,.F.);
#2246=ORIENTED_EDGE('',*,*,#3391,.T.);
#2247=ORIENTED_EDGE('',*,*,#3388,.T.);
#2248=ORIENTED_EDGE('',*,*,#2765,.F.);
#2249=ORIENTED_EDGE('',*,*,#3392,.F.);
#2250=ORIENTED_EDGE('',*,*,#3393,.T.);
#2251=ORIENTED_EDGE('',*,*,#3390,.T.);
#2252=ORIENTED_EDGE('',*,*,#2764,.F.);
#2253=ORIENTED_EDGE('',*,*,#3394,.F.);
#2254=ORIENTED_EDGE('',*,*,#3395,.T.);
#2255=ORIENTED_EDGE('',*,*,#3392,.T.);
#2256=ORIENTED_EDGE('',*,*,#2763,.F.);
#2257=ORIENTED_EDGE('',*,*,#3396,.F.);
#2258=ORIENTED_EDGE('',*,*,#3397,.T.);
#2259=ORIENTED_EDGE('',*,*,#3394,.T.);
#2260=ORIENTED_EDGE('',*,*,#2762,.F.);
#2261=ORIENTED_EDGE('',*,*,#3398,.F.);
#2262=ORIENTED_EDGE('',*,*,#3399,.T.);
#2263=ORIENTED_EDGE('',*,*,#3396,.T.);
#2264=ORIENTED_EDGE('',*,*,#2761,.F.);
#2265=ORIENTED_EDGE('',*,*,#3400,.F.);
#2266=ORIENTED_EDGE('',*,*,#3401,.T.);
#2267=ORIENTED_EDGE('',*,*,#3398,.T.);
#2268=ORIENTED_EDGE('',*,*,#2760,.F.);
#2269=ORIENTED_EDGE('',*,*,#3402,.F.);
#2270=ORIENTED_EDGE('',*,*,#3403,.T.);
#2271=ORIENTED_EDGE('',*,*,#3400,.T.);
#2272=ORIENTED_EDGE('',*,*,#2759,.F.);
#2273=ORIENTED_EDGE('',*,*,#3383,.F.);
#2274=ORIENTED_EDGE('',*,*,#3404,.T.);
#2275=ORIENTED_EDGE('',*,*,#3402,.T.);
#2276=ORIENTED_EDGE('',*,*,#3382,.F.);
#2277=ORIENTED_EDGE('',*,*,#3385,.F.);
#2278=ORIENTED_EDGE('',*,*,#3387,.F.);
#2279=ORIENTED_EDGE('',*,*,#3389,.F.);
#2280=ORIENTED_EDGE('',*,*,#3391,.F.);
#2281=ORIENTED_EDGE('',*,*,#3393,.F.);
#2282=ORIENTED_EDGE('',*,*,#3395,.F.);
#2283=ORIENTED_EDGE('',*,*,#3397,.F.);
#2284=ORIENTED_EDGE('',*,*,#3399,.F.);
#2285=ORIENTED_EDGE('',*,*,#3401,.F.);
#2286=ORIENTED_EDGE('',*,*,#3403,.F.);
#2287=ORIENTED_EDGE('',*,*,#3404,.F.);
#2288=ORIENTED_EDGE('',*,*,#3047,.T.);
#2289=ORIENTED_EDGE('',*,*,#3107,.T.);
#2290=ORIENTED_EDGE('',*,*,#3066,.T.);
#2291=ORIENTED_EDGE('',*,*,#3063,.T.);
#2292=ORIENTED_EDGE('',*,*,#3060,.T.);
#2293=ORIENTED_EDGE('',*,*,#3057,.T.);
#2294=ORIENTED_EDGE('',*,*,#3054,.T.);
#2295=ORIENTED_EDGE('',*,*,#3051,.T.);
#2296=ORIENTED_EDGE('',*,*,#3109,.T.);
#2297=ORIENTED_EDGE('',*,*,#3161,.T.);
#2298=ORIENTED_EDGE('',*,*,#3128,.T.);
#2299=ORIENTED_EDGE('',*,*,#3125,.T.);
#2300=ORIENTED_EDGE('',*,*,#3122,.T.);
#2301=ORIENTED_EDGE('',*,*,#3119,.T.);
#2302=ORIENTED_EDGE('',*,*,#3116,.T.);
#2303=ORIENTED_EDGE('',*,*,#3113,.T.);
#2304=ORIENTED_EDGE('',*,*,#3163,.T.);
#2305=ORIENTED_EDGE('',*,*,#3223,.T.);
#2306=ORIENTED_EDGE('',*,*,#3182,.T.);
#2307=ORIENTED_EDGE('',*,*,#3179,.T.);
#2308=ORIENTED_EDGE('',*,*,#3176,.T.);
#2309=ORIENTED_EDGE('',*,*,#3173,.T.);
#2310=ORIENTED_EDGE('',*,*,#3170,.T.);
#2311=ORIENTED_EDGE('',*,*,#3167,.T.);
#2312=ORIENTED_EDGE('',*,*,#3225,.T.);
#2313=ORIENTED_EDGE('',*,*,#3260,.T.);
#2314=ORIENTED_EDGE('',*,*,#3241,.T.);
#2315=ORIENTED_EDGE('',*,*,#3238,.T.);
#2316=ORIENTED_EDGE('',*,*,#3235,.T.);
#2317=ORIENTED_EDGE('',*,*,#3232,.T.);
#2318=ORIENTED_EDGE('',*,*,#3229,.T.);
#2319=ORIENTED_EDGE('',*,*,#3262,.T.);
#2320=ORIENTED_EDGE('',*,*,#3322,.T.);
#2321=ORIENTED_EDGE('',*,*,#3281,.T.);
#2322=ORIENTED_EDGE('',*,*,#3278,.T.);
#2323=ORIENTED_EDGE('',*,*,#3275,.T.);
#2324=ORIENTED_EDGE('',*,*,#3272,.T.);
#2325=ORIENTED_EDGE('',*,*,#3269,.T.);
#2326=ORIENTED_EDGE('',*,*,#3266,.T.);
#2327=ORIENTED_EDGE('',*,*,#3324,.T.);
#2328=ORIENTED_EDGE('',*,*,#3379,.T.);
#2329=ORIENTED_EDGE('',*,*,#3346,.T.);
#2330=ORIENTED_EDGE('',*,*,#3343,.T.);
#2331=ORIENTED_EDGE('',*,*,#3340,.T.);
#2332=ORIENTED_EDGE('',*,*,#3337,.T.);
#2333=ORIENTED_EDGE('',*,*,#3334,.T.);
#2334=ORIENTED_EDGE('',*,*,#3331,.T.);
#2335=ORIENTED_EDGE('',*,*,#3328,.T.);
#2336=ORIENTED_EDGE('',*,*,#3405,.T.);
#2337=ORIENTED_EDGE('',*,*,#3406,.T.);
#2338=ORIENTED_EDGE('',*,*,#3407,.T.);
#2339=ORIENTED_EDGE('',*,*,#3408,.T.);
#2340=ORIENTED_EDGE('',*,*,#3409,.T.);
#2341=ORIENTED_EDGE('',*,*,#3410,.T.);
#2342=ORIENTED_EDGE('',*,*,#3411,.T.);
#2343=ORIENTED_EDGE('',*,*,#3412,.T.);
#2344=ORIENTED_EDGE('',*,*,#3413,.T.);
#2345=ORIENTED_EDGE('',*,*,#3414,.T.);
#2346=ORIENTED_EDGE('',*,*,#3415,.T.);
#2347=ORIENTED_EDGE('',*,*,#3416,.T.);
#2348=ORIENTED_EDGE('',*,*,#3417,.T.);
#2349=ORIENTED_EDGE('',*,*,#3418,.T.);
#2350=ORIENTED_EDGE('',*,*,#3419,.F.);
#2351=ORIENTED_EDGE('',*,*,#2530,.F.);
#2352=ORIENTED_EDGE('',*,*,#3420,.F.);
#2353=ORIENTED_EDGE('',*,*,#3418,.F.);
#2354=ORIENTED_EDGE('',*,*,#2529,.F.);
#2355=ORIENTED_EDGE('',*,*,#3421,.T.);
#2356=ORIENTED_EDGE('',*,*,#3422,.F.);
#2357=ORIENTED_EDGE('',*,*,#3420,.T.);
#2358=ORIENTED_EDGE('',*,*,#3423,.F.);
#2359=ORIENTED_EDGE('',*,*,#3424,.T.);
#2360=ORIENTED_EDGE('',*,*,#2531,.F.);
#2361=ORIENTED_EDGE('',*,*,#3419,.T.);
#2362=ORIENTED_EDGE('',*,*,#3405,.F.);
#2363=ORIENTED_EDGE('',*,*,#3425,.T.);
#2364=ORIENTED_EDGE('',*,*,#3426,.T.);
#2365=ORIENTED_EDGE('',*,*,#3427,.F.);
#2366=ORIENTED_EDGE('',*,*,#3415,.F.);
#2367=ORIENTED_EDGE('',*,*,#3422,.T.);
#2368=ORIENTED_EDGE('',*,*,#3428,.F.);
#2369=ORIENTED_EDGE('',*,*,#3429,.T.);
#2370=ORIENTED_EDGE('',*,*,#3430,.T.);
#2371=ORIENTED_EDGE('',*,*,#3413,.F.);
#2372=ORIENTED_EDGE('',*,*,#3423,.T.);
#2373=ORIENTED_EDGE('',*,*,#3417,.F.);
#2374=ORIENTED_EDGE('',*,*,#3427,.T.);
#2375=ORIENTED_EDGE('',*,*,#3431,.T.);
#2376=ORIENTED_EDGE('',*,*,#3428,.T.);
#2377=ORIENTED_EDGE('',*,*,#3416,.F.);
#2378=ORIENTED_EDGE('',*,*,#2796,.F.);
#2379=ORIENTED_EDGE('',*,*,#3432,.T.);
#2380=ORIENTED_EDGE('',*,*,#3410,.F.);
#2381=ORIENTED_EDGE('',*,*,#3433,.F.);
#2382=ORIENTED_EDGE('',*,*,#3408,.F.);
#2383=ORIENTED_EDGE('',*,*,#3434,.T.);
#2384=ORIENTED_EDGE('',*,*,#2536,.F.);
#2385=ORIENTED_EDGE('',*,*,#3435,.F.);
#2386=ORIENTED_EDGE('',*,*,#3433,.T.);
#2387=ORIENTED_EDGE('',*,*,#3414,.F.);
#2388=ORIENTED_EDGE('',*,*,#3436,.F.);
#2389=ORIENTED_EDGE('',*,*,#2800,.F.);
#2390=ORIENTED_EDGE('',*,*,#3435,.T.);
#2391=ORIENTED_EDGE('',*,*,#2549,.F.);
#2392=ORIENTED_EDGE('',*,*,#3437,.F.);
#2393=ORIENTED_EDGE('',*,*,#3409,.F.);
#2394=ORIENTED_EDGE('',*,*,#3436,.T.);
#2395=ORIENTED_EDGE('',*,*,#3430,.F.);
#2396=ORIENTED_EDGE('',*,*,#3438,.F.);
#2397=ORIENTED_EDGE('',*,*,#2801,.F.);
#2398=ORIENTED_EDGE('',*,*,#3437,.T.);
#2399=ORIENTED_EDGE('',*,*,#2548,.F.);
#2400=ORIENTED_EDGE('',*,*,#3439,.F.);
#2401=ORIENTED_EDGE('',*,*,#3425,.F.);
#2402=ORIENTED_EDGE('',*,*,#3438,.T.);
#2403=ORIENTED_EDGE('',*,*,#3429,.F.);
#2404=ORIENTED_EDGE('',*,*,#3440,.F.);
#2405=ORIENTED_EDGE('',*,*,#2541,.F.);
#2406=ORIENTED_EDGE('',*,*,#3439,.T.);
#2407=ORIENTED_EDGE('',*,*,#2543,.F.);
#2408=ORIENTED_EDGE('',*,*,#3441,.F.);
#2409=ORIENTED_EDGE('',*,*,#3426,.F.);
#2410=ORIENTED_EDGE('',*,*,#3440,.T.);
#2411=ORIENTED_EDGE('',*,*,#3431,.F.);
#2412=ORIENTED_EDGE('',*,*,#3441,.T.);
#2413=ORIENTED_EDGE('',*,*,#2542,.F.);
#2414=ORIENTED_EDGE('',*,*,#3412,.F.);
#2415=ORIENTED_EDGE('',*,*,#3442,.T.);
#2416=ORIENTED_EDGE('',*,*,#2532,.F.);
#2417=ORIENTED_EDGE('',*,*,#3424,.F.);
#2418=ORIENTED_EDGE('',*,*,#2514,.F.);
#2419=ORIENTED_EDGE('',*,*,#3443,.T.);
#2420=ORIENTED_EDGE('',*,*,#3411,.F.);
#2421=ORIENTED_EDGE('',*,*,#3444,.F.);
#2422=ORIENTED_EDGE('',*,*,#3444,.T.);
#2423=ORIENTED_EDGE('',*,*,#3432,.F.);
#2424=ORIENTED_EDGE('',*,*,#3445,.F.);
#2425=ORIENTED_EDGE('',*,*,#3445,.T.);
#2426=ORIENTED_EDGE('',*,*,#2795,.F.);
#2427=ORIENTED_EDGE('',*,*,#3446,.F.);
#2428=ORIENTED_EDGE('',*,*,#2515,.F.);
#2429=ORIENTED_EDGE('',*,*,#3446,.T.);
#2430=ORIENTED_EDGE('',*,*,#2819,.F.);
#2431=ORIENTED_EDGE('',*,*,#3447,.F.);
#2432=ORIENTED_EDGE('',*,*,#2516,.F.);
#2433=ORIENTED_EDGE('',*,*,#3447,.T.);
#2434=ORIENTED_EDGE('',*,*,#2791,.F.);
#2435=ORIENTED_EDGE('',*,*,#3448,.F.);
#2436=ORIENTED_EDGE('',*,*,#2517,.F.);
#2437=ORIENTED_EDGE('',*,*,#3448,.T.);
#2438=ORIENTED_EDGE('',*,*,#2815,.F.);
#2439=ORIENTED_EDGE('',*,*,#3449,.F.);
#2440=ORIENTED_EDGE('',*,*,#2518,.F.);
#2441=ORIENTED_EDGE('',*,*,#3449,.T.);
#2442=ORIENTED_EDGE('',*,*,#2787,.F.);
#2443=ORIENTED_EDGE('',*,*,#3450,.F.);
#2444=ORIENTED_EDGE('',*,*,#2519,.F.);
#2445=ORIENTED_EDGE('',*,*,#3450,.T.);
#2446=ORIENTED_EDGE('',*,*,#2817,.F.);
#2447=ORIENTED_EDGE('',*,*,#3451,.F.);
#2448=ORIENTED_EDGE('',*,*,#2520,.F.);
#2449=ORIENTED_EDGE('',*,*,#3451,.T.);
#2450=ORIENTED_EDGE('',*,*,#2783,.F.);
#2451=ORIENTED_EDGE('',*,*,#3452,.F.);
#2452=ORIENTED_EDGE('',*,*,#2521,.F.);
#2453=ORIENTED_EDGE('',*,*,#3452,.T.);
#2454=ORIENTED_EDGE('',*,*,#2821,.F.);
#2455=ORIENTED_EDGE('',*,*,#3453,.F.);
#2456=ORIENTED_EDGE('',*,*,#2522,.F.);
#2457=ORIENTED_EDGE('',*,*,#3453,.T.);
#2458=ORIENTED_EDGE('',*,*,#2537,.F.);
#2459=ORIENTED_EDGE('',*,*,#3454,.F.);
#2460=ORIENTED_EDGE('',*,*,#2523,.F.);
#2461=ORIENTED_EDGE('',*,*,#3454,.T.);
#2462=ORIENTED_EDGE('',*,*,#3434,.F.);
#2463=ORIENTED_EDGE('',*,*,#3455,.F.);
#2464=ORIENTED_EDGE('',*,*,#3407,.F.);
#2465=ORIENTED_EDGE('',*,*,#3456,.T.);
#2466=ORIENTED_EDGE('',*,*,#2524,.F.);
#2467=ORIENTED_EDGE('',*,*,#3455,.T.);
#2468=ORIENTED_EDGE('',*,*,#2528,.F.);
#2469=ORIENTED_EDGE('',*,*,#3457,.T.);
#2470=ORIENTED_EDGE('',*,*,#3406,.F.);
#2471=ORIENTED_EDGE('',*,*,#3421,.F.);
#2472=ORIENTED_EDGE('',*,*,#3442,.F.);
#2473=ORIENTED_EDGE('',*,*,#3443,.F.);
#2474=ORIENTED_EDGE('',*,*,#3458,.F.);
#2475=ORIENTED_EDGE('',*,*,#3459,.F.);
#2476=ORIENTED_EDGE('',*,*,#2533,.F.);
#2477=ORIENTED_EDGE('',*,*,#3458,.T.);
#2478=ORIENTED_EDGE('',*,*,#2513,.F.);
#2479=ORIENTED_EDGE('',*,*,#2811,.F.);
#2480=ORIENTED_EDGE('',*,*,#3459,.T.);
#2481=ORIENTED_EDGE('',*,*,#3460,.F.);
#2482=ORIENTED_EDGE('',*,*,#3461,.F.);
#2483=ORIENTED_EDGE('',*,*,#2775,.F.);
#2484=ORIENTED_EDGE('',*,*,#3460,.T.);
#2485=ORIENTED_EDGE('',*,*,#2512,.F.);
#2486=ORIENTED_EDGE('',*,*,#2813,.F.);
#2487=ORIENTED_EDGE('',*,*,#3461,.T.);
#2488=ORIENTED_EDGE('',*,*,#3462,.F.);
#2489=ORIENTED_EDGE('',*,*,#3463,.F.);
#2490=ORIENTED_EDGE('',*,*,#2636,.F.);
#2491=ORIENTED_EDGE('',*,*,#3462,.T.);
#2492=ORIENTED_EDGE('',*,*,#2511,.F.);
#2493=ORIENTED_EDGE('',*,*,#2809,.F.);
#2494=ORIENTED_EDGE('',*,*,#3463,.T.);
#2495=ORIENTED_EDGE('',*,*,#3464,.F.);
#2496=ORIENTED_EDGE('',*,*,#3465,.F.);
#2497=ORIENTED_EDGE('',*,*,#2771,.F.);
#2498=ORIENTED_EDGE('',*,*,#3464,.T.);
#2499=ORIENTED_EDGE('',*,*,#2510,.F.);
#2500=ORIENTED_EDGE('',*,*,#2807,.F.);
#2501=ORIENTED_EDGE('',*,*,#3465,.T.);
#2502=ORIENTED_EDGE('',*,*,#3466,.F.);
#2503=ORIENTED_EDGE('',*,*,#3466,.T.);
#2504=ORIENTED_EDGE('',*,*,#2525,.F.);
#2505=ORIENTED_EDGE('',*,*,#3467,.F.);
#2506=ORIENTED_EDGE('',*,*,#2527,.F.);
#2507=ORIENTED_EDGE('',*,*,#3467,.T.);
#2508=ORIENTED_EDGE('',*,*,#3456,.F.);
#2509=ORIENTED_EDGE('',*,*,#3457,.F.);
#2510=EDGE_CURVE('',#3468,#3469,#4084,.F.);
#2511=EDGE_CURVE('',#3469,#3470,#4085,.T.);
#2512=EDGE_CURVE('',#3470,#3471,#4086,.F.);
#2513=EDGE_CURVE('',#3471,#3472,#4087,.F.);
#2514=EDGE_CURVE('',#3472,#3473,#4088,.F.);
#2515=EDGE_CURVE('',#3473,#3474,#4089,.T.);
#2516=EDGE_CURVE('',#3474,#3475,#478,.F.);
#2517=EDGE_CURVE('',#3475,#3476,#4090,.T.);
#2518=EDGE_CURVE('',#3476,#3477,#479,.F.);
#2519=EDGE_CURVE('',#3477,#3478,#4091,.F.);
#2520=EDGE_CURVE('',#3478,#3479,#480,.F.);
#2521=EDGE_CURVE('',#3479,#3480,#4092,.T.);
#2522=EDGE_CURVE('',#3480,#3481,#481,.F.);
#2523=EDGE_CURVE('',#3481,#3482,#4093,.T.);
#2524=EDGE_CURVE('',#3482,#3483,#4094,.T.);
#2525=EDGE_CURVE('',#3483,#3468,#4095,.F.);
#2526=EDGE_CURVE('',#3484,#3485,#4096,.F.);
#2527=EDGE_CURVE('',#3485,#3486,#4097,.T.);
#2528=EDGE_CURVE('',#3486,#3487,#4098,.T.);
#2529=EDGE_CURVE('',#3487,#3488,#482,.F.);
#2530=EDGE_CURVE('',#3488,#3489,#4099,.T.);
#2531=EDGE_CURVE('',#3489,#3490,#483,.F.);
#2532=EDGE_CURVE('',#3490,#3491,#4100,.F.);
#2533=EDGE_CURVE('',#3491,#3492,#4101,.T.);
#2534=EDGE_CURVE('',#3492,#3493,#4102,.T.);
#2535=EDGE_CURVE('',#3493,#3484,#4103,.F.);
#2536=EDGE_CURVE('',#3494,#3495,#4104,.F.);
#2537=EDGE_CURVE('',#3495,#3496,#4105,.F.);
#2538=EDGE_CURVE('',#3496,#3497,#4106,.T.);
#2539=EDGE_CURVE('',#3497,#3494,#4107,.T.);
#2540=EDGE_CURVE('',#3498,#3499,#4108,.F.);
#2541=EDGE_CURVE('',#3499,#3500,#4109,.T.);
#2542=EDGE_CURVE('',#3500,#3501,#4110,.F.);
#2543=EDGE_CURVE('',#3501,#3502,#4111,.T.);
#2544=EDGE_CURVE('',#3502,#3503,#4112,.F.);
#2545=EDGE_CURVE('',#3503,#3504,#4113,.F.);
#2546=EDGE_CURVE('',#3504,#3505,#4114,.T.);
#2547=EDGE_CURVE('',#3505,#3498,#4115,.F.);
#2548=EDGE_CURVE('',#3502,#3506,#167,.T.);
#2549=EDGE_CURVE('',#3506,#3494,#484,.T.);
#2550=EDGE_CURVE('',#3497,#3503,#485,.F.);
#2551=EDGE_CURVE('',#3507,#3508,#4116,.T.);
#2552=EDGE_CURVE('',#3508,#3509,#168,.T.);
#2553=EDGE_CURVE('',#3509,#3510,#169,.T.);
#2554=EDGE_CURVE('',#3510,#3511,#170,.T.);
#2555=EDGE_CURVE('',#3511,#3512,#171,.T.);
#2556=EDGE_CURVE('',#3512,#3513,#172,.T.);
#2557=EDGE_CURVE('',#3513,#3514,#173,.T.);
#2558=EDGE_CURVE('',#3514,#3515,#4117,.T.);
#2559=EDGE_CURVE('',#3515,#3516,#4118,.T.);
#2560=EDGE_CURVE('',#3516,#3517,#4119,.T.);
#2561=EDGE_CURVE('',#3517,#3518,#4120,.T.);
#2562=EDGE_CURVE('',#3518,#3519,#4121,.T.);
#2563=EDGE_CURVE('',#3519,#3520,#4122,.T.);
#2564=EDGE_CURVE('',#3520,#3521,#4123,.T.);
#2565=EDGE_CURVE('',#3521,#3507,#4124,.T.);
#2566=EDGE_CURVE('',#3522,#3523,#174,.T.);
#2567=EDGE_CURVE('',#3523,#3524,#175,.T.);
#2568=EDGE_CURVE('',#3524,#3525,#4125,.T.);
#2569=EDGE_CURVE('',#3525,#3526,#4126,.T.);
#2570=EDGE_CURVE('',#3526,#3527,#4127,.T.);
#2571=EDGE_CURVE('',#3527,#3528,#4128,.T.);
#2572=EDGE_CURVE('',#3528,#3529,#4129,.T.);
#2573=EDGE_CURVE('',#3529,#3522,#176,.T.);
#2574=EDGE_CURVE('',#3530,#3531,#177,.T.);
#2575=EDGE_CURVE('',#3531,#3532,#178,.T.);
#2576=EDGE_CURVE('',#3532,#3533,#179,.T.);
#2577=EDGE_CURVE('',#3533,#3534,#180,.T.);
#2578=EDGE_CURVE('',#3534,#3535,#181,.T.);
#2579=EDGE_CURVE('',#3535,#3536,#486,.F.);
#2580=EDGE_CURVE('',#3536,#3537,#4130,.T.);
#2581=EDGE_CURVE('',#3537,#3538,#4131,.T.);
#2582=EDGE_CURVE('',#3538,#3539,#4132,.T.);
#2583=EDGE_CURVE('',#3539,#3540,#4133,.T.);
#2584=EDGE_CURVE('',#3540,#3541,#4134,.T.);
#2585=EDGE_CURVE('',#3541,#3542,#4135,.T.);
#2586=EDGE_CURVE('',#3542,#3543,#487,.F.);
#2587=EDGE_CURVE('',#3543,#3544,#4136,.T.);
#2588=EDGE_CURVE('',#3544,#3530,#182,.T.);
#2589=EDGE_CURVE('',#3545,#3546,#183,.T.);
#2590=EDGE_CURVE('',#3546,#3547,#4137,.T.);
#2591=EDGE_CURVE('',#3547,#3548,#4138,.T.);
#2592=EDGE_CURVE('',#3548,#3549,#4139,.T.);
#2593=EDGE_CURVE('',#3549,#3550,#4140,.T.);
#2594=EDGE_CURVE('',#3550,#3551,#4141,.T.);
#2595=EDGE_CURVE('',#3551,#3552,#4142,.T.);
#2596=EDGE_CURVE('',#3552,#3553,#4143,.T.);
#2597=EDGE_CURVE('',#3553,#3554,#4144,.T.);
#2598=EDGE_CURVE('',#3554,#3555,#4145,.T.);
#2599=EDGE_CURVE('',#3555,#3556,#4146,.T.);
#2600=EDGE_CURVE('',#3556,#3557,#4147,.T.);
#2601=EDGE_CURVE('',#3557,#3558,#4148,.T.);
#2602=EDGE_CURVE('',#3558,#3559,#488,.F.);
#2603=EDGE_CURVE('',#3559,#3545,#4149,.T.);
#2604=EDGE_CURVE('',#3560,#3561,#4150,.T.);
#2605=EDGE_CURVE('',#3561,#3562,#4151,.T.);
#2606=EDGE_CURVE('',#3562,#3563,#4152,.T.);
#2607=EDGE_CURVE('',#3563,#3564,#4153,.T.);
#2608=EDGE_CURVE('',#3564,#3565,#4154,.T.);
#2609=EDGE_CURVE('',#3565,#3566,#4155,.T.);
#2610=EDGE_CURVE('',#3566,#3567,#4156,.T.);
#2611=EDGE_CURVE('',#3567,#3568,#4157,.T.);
#2612=EDGE_CURVE('',#3568,#3569,#4158,.T.);
#2613=EDGE_CURVE('',#3569,#3570,#4159,.T.);
#2614=EDGE_CURVE('',#3570,#3571,#4160,.T.);
#2615=EDGE_CURVE('',#3571,#3560,#4161,.T.);
#2616=EDGE_CURVE('',#3572,#3573,#4162,.T.);
#2617=EDGE_CURVE('',#3573,#3574,#4163,.T.);
#2618=EDGE_CURVE('',#3574,#3575,#4164,.T.);
#2619=EDGE_CURVE('',#3575,#3572,#4165,.T.);
#2620=EDGE_CURVE('',#3576,#3577,#184,.T.);
#2621=EDGE_CURVE('',#3577,#3578,#4166,.T.);
#2622=EDGE_CURVE('',#3578,#3579,#4167,.T.);
#2623=EDGE_CURVE('',#3579,#3580,#4168,.T.);
#2624=EDGE_CURVE('',#3580,#3581,#4169,.T.);
#2625=EDGE_CURVE('',#3581,#3582,#4170,.T.);
#2626=EDGE_CURVE('',#3582,#3583,#4171,.T.);
#2627=EDGE_CURVE('',#3583,#3584,#4172,.T.);
#2628=EDGE_CURVE('',#3584,#3585,#4173,.T.);
#2629=EDGE_CURVE('',#3585,#3586,#4174,.T.);
#2630=EDGE_CURVE('',#3586,#3587,#4175,.T.);
#2631=EDGE_CURVE('',#3587,#3588,#4176,.T.);
#2632=EDGE_CURVE('',#3588,#3589,#4177,.T.);
#2633=EDGE_CURVE('',#3589,#3590,#489,.F.);
#2634=EDGE_CURVE('',#3590,#3576,#4178,.T.);
#2635=EDGE_CURVE('',#3591,#3592,#4179,.F.);
#2636=EDGE_CURVE('',#3592,#3593,#4180,.F.);
#2637=EDGE_CURVE('',#3593,#3594,#4181,.T.);
#2638=EDGE_CURVE('',#3594,#3591,#4182,.T.);
#2639=EDGE_CURVE('',#3595,#3596,#185,.T.);
#2640=EDGE_CURVE('',#3596,#3597,#186,.T.);
#2641=EDGE_CURVE('',#3597,#3598,#187,.T.);
#2642=EDGE_CURVE('',#3598,#3599,#188,.T.);
#2643=EDGE_CURVE('',#3599,#3600,#490,.F.);
#2644=EDGE_CURVE('',#3600,#3601,#189,.T.);
#2645=EDGE_CURVE('',#3601,#3602,#4183,.T.);
#2646=EDGE_CURVE('',#3602,#3603,#491,.T.);
#2647=EDGE_CURVE('',#3603,#3604,#492,.T.);
#2648=EDGE_CURVE('',#3604,#3605,#190,.T.);
#2649=EDGE_CURVE('',#3605,#3606,#191,.T.);
#2650=EDGE_CURVE('',#3606,#3607,#192,.T.);
#2651=EDGE_CURVE('',#3607,#3608,#193,.T.);
#2652=EDGE_CURVE('',#3608,#3609,#4184,.T.);
#2653=EDGE_CURVE('',#3609,#3595,#194,.T.);
#2654=EDGE_CURVE('',#3610,#3611,#195,.T.);
#2655=EDGE_CURVE('',#3611,#3612,#196,.T.);
#2656=EDGE_CURVE('',#3612,#3613,#197,.T.);
#2657=EDGE_CURVE('',#3613,#3614,#198,.T.);
#2658=EDGE_CURVE('',#3614,#3615,#199,.T.);
#2659=EDGE_CURVE('',#3615,#3616,#4185,.T.);
#2660=EDGE_CURVE('',#3616,#3617,#200,.T.);
#2661=EDGE_CURVE('',#3617,#3618,#201,.T.);
#2662=EDGE_CURVE('',#3618,#3619,#202,.T.);
#2663=EDGE_CURVE('',#3619,#3620,#203,.T.);
#2664=EDGE_CURVE('',#3620,#3621,#204,.T.);
#2665=EDGE_CURVE('',#3621,#3622,#205,.T.);
#2666=EDGE_CURVE('',#3622,#3623,#206,.T.);
#2667=EDGE_CURVE('',#3623,#3624,#4186,.T.);
#2668=EDGE_CURVE('',#3624,#3610,#207,.T.);
#2669=EDGE_CURVE('',#3625,#3626,#4187,.T.);
#2670=EDGE_CURVE('',#3626,#3627,#208,.T.);
#2671=EDGE_CURVE('',#3627,#3628,#209,.T.);
#2672=EDGE_CURVE('',#3628,#3629,#210,.T.);
#2673=EDGE_CURVE('',#3629,#3630,#211,.T.);
#2674=EDGE_CURVE('',#3630,#3631,#4188,.T.);
#2675=EDGE_CURVE('',#3631,#3632,#4189,.T.);
#2676=EDGE_CURVE('',#3632,#3633,#4190,.T.);
#2677=EDGE_CURVE('',#3633,#3634,#4191,.T.);
#2678=EDGE_CURVE('',#3634,#3635,#4192,.T.);
#2679=EDGE_CURVE('',#3635,#3636,#4193,.T.);
#2680=EDGE_CURVE('',#3636,#3637,#493,.F.);
#2681=EDGE_CURVE('',#3637,#3638,#212,.T.);
#2682=EDGE_CURVE('',#3638,#3639,#213,.T.);
#2683=EDGE_CURVE('',#3639,#3640,#214,.T.);
#2684=EDGE_CURVE('',#3640,#3641,#4194,.T.);
#2685=EDGE_CURVE('',#3641,#3625,#4195,.T.);
#2686=EDGE_CURVE('',#3642,#3643,#215,.T.);
#2687=EDGE_CURVE('',#3643,#3644,#216,.T.);
#2688=EDGE_CURVE('',#3644,#3645,#217,.T.);
#2689=EDGE_CURVE('',#3645,#3646,#218,.T.);
#2690=EDGE_CURVE('',#3646,#3647,#494,.F.);
#2691=EDGE_CURVE('',#3647,#3648,#219,.T.);
#2692=EDGE_CURVE('',#3648,#3649,#4196,.T.);
#2693=EDGE_CURVE('',#3649,#3650,#495,.T.);
#2694=EDGE_CURVE('',#3650,#3651,#496,.T.);
#2695=EDGE_CURVE('',#3651,#3652,#220,.T.);
#2696=EDGE_CURVE('',#3652,#3653,#221,.T.);
#2697=EDGE_CURVE('',#3653,#3654,#222,.T.);
#2698=EDGE_CURVE('',#3654,#3655,#223,.T.);
#2699=EDGE_CURVE('',#3655,#3656,#4197,.T.);
#2700=EDGE_CURVE('',#3656,#3642,#224,.T.);
#2701=EDGE_CURVE('',#3657,#3658,#4198,.T.);
#2702=EDGE_CURVE('',#3658,#3659,#4199,.T.);
#2703=EDGE_CURVE('',#3659,#3660,#225,.T.);
#2704=EDGE_CURVE('',#3660,#3661,#226,.T.);
#2705=EDGE_CURVE('',#3661,#3662,#227,.T.);
#2706=EDGE_CURVE('',#3662,#3663,#228,.T.);
#2707=EDGE_CURVE('',#3663,#3664,#229,.T.);
#2708=EDGE_CURVE('',#3664,#3665,#4200,.T.);
#2709=EDGE_CURVE('',#3665,#3666,#4201,.T.);
#2710=EDGE_CURVE('',#3666,#3667,#230,.T.);
#2711=EDGE_CURVE('',#3667,#3668,#231,.T.);
#2712=EDGE_CURVE('',#3668,#3669,#232,.T.);
#2713=EDGE_CURVE('',#3669,#3670,#4202,.T.);
#2714=EDGE_CURVE('',#3670,#3671,#497,.F.);
#2715=EDGE_CURVE('',#3671,#3672,#498,.F.);
#2716=EDGE_CURVE('',#3672,#3673,#233,.T.);
#2717=EDGE_CURVE('',#3673,#3674,#234,.T.);
#2718=EDGE_CURVE('',#3674,#3675,#4203,.T.);
#2719=EDGE_CURVE('',#3675,#3657,#4204,.T.);
#2720=EDGE_CURVE('',#3676,#3677,#4205,.T.);
#2721=EDGE_CURVE('',#3677,#3678,#4206,.T.);
#2722=EDGE_CURVE('',#3678,#3679,#235,.T.);
#2723=EDGE_CURVE('',#3679,#3680,#236,.T.);
#2724=EDGE_CURVE('',#3680,#3681,#237,.T.);
#2725=EDGE_CURVE('',#3681,#3682,#238,.T.);
#2726=EDGE_CURVE('',#3682,#3683,#239,.T.);
#2727=EDGE_CURVE('',#3683,#3684,#4207,.T.);
#2728=EDGE_CURVE('',#3684,#3685,#4208,.T.);
#2729=EDGE_CURVE('',#3685,#3686,#240,.T.);
#2730=EDGE_CURVE('',#3686,#3687,#241,.T.);
#2731=EDGE_CURVE('',#3687,#3688,#242,.T.);
#2732=EDGE_CURVE('',#3688,#3689,#4209,.T.);
#2733=EDGE_CURVE('',#3689,#3690,#499,.F.);
#2734=EDGE_CURVE('',#3690,#3691,#500,.F.);
#2735=EDGE_CURVE('',#3691,#3692,#243,.T.);
#2736=EDGE_CURVE('',#3692,#3693,#244,.T.);
#2737=EDGE_CURVE('',#3693,#3694,#4210,.T.);
#2738=EDGE_CURVE('',#3694,#3676,#4211,.T.);
#2739=EDGE_CURVE('',#3695,#3696,#4212,.T.);
#2740=EDGE_CURVE('',#3696,#3697,#4213,.T.);
#2741=EDGE_CURVE('',#3697,#3698,#245,.T.);
#2742=EDGE_CURVE('',#3698,#3699,#246,.T.);
#2743=EDGE_CURVE('',#3699,#3700,#247,.T.);
#2744=EDGE_CURVE('',#3700,#3701,#248,.T.);
#2745=EDGE_CURVE('',#3701,#3702,#249,.T.);
#2746=EDGE_CURVE('',#3702,#3703,#4214,.T.);
#2747=EDGE_CURVE('',#3703,#3704,#4215,.T.);
#2748=EDGE_CURVE('',#3704,#3705,#250,.T.);
#2749=EDGE_CURVE('',#3705,#3706,#251,.T.);
#2750=EDGE_CURVE('',#3706,#3707,#252,.T.);
#2751=EDGE_CURVE('',#3707,#3708,#4216,.T.);
#2752=EDGE_CURVE('',#3708,#3709,#501,.F.);
#2753=EDGE_CURVE('',#3709,#3710,#502,.F.);
#2754=EDGE_CURVE('',#3710,#3711,#253,.T.);
#2755=EDGE_CURVE('',#3711,#3712,#254,.T.);
#2756=EDGE_CURVE('',#3712,#3713,#4217,.T.);
#2757=EDGE_CURVE('',#3713,#3695,#4218,.T.);
#2758=EDGE_CURVE('',#3714,#3715,#4219,.T.);
#2759=EDGE_CURVE('',#3715,#3716,#4220,.T.);
#2760=EDGE_CURVE('',#3716,#3717,#4221,.T.);
#2761=EDGE_CURVE('',#3717,#3718,#4222,.T.);
#2762=EDGE_CURVE('',#3718,#3719,#4223,.T.);
#2763=EDGE_CURVE('',#3719,#3720,#4224,.T.);
#2764=EDGE_CURVE('',#3720,#3721,#4225,.T.);
#2765=EDGE_CURVE('',#3721,#3722,#4226,.T.);
#2766=EDGE_CURVE('',#3722,#3723,#4227,.T.);
#2767=EDGE_CURVE('',#3723,#3724,#4228,.T.);
#2768=EDGE_CURVE('',#3724,#3725,#4229,.T.);
#2769=EDGE_CURVE('',#3725,#3714,#4230,.T.);
#2770=EDGE_CURVE('',#3726,#3727,#4231,.F.);
#2771=EDGE_CURVE('',#3727,#3728,#4232,.T.);
#2772=EDGE_CURVE('',#3728,#3729,#4233,.T.);
#2773=EDGE_CURVE('',#3729,#3726,#4234,.F.);
#2774=EDGE_CURVE('',#3730,#3731,#4235,.F.);
#2775=EDGE_CURVE('',#3731,#3732,#4236,.T.);
#2776=EDGE_CURVE('',#3732,#3733,#4237,.T.);
#2777=EDGE_CURVE('',#3733,#3730,#4238,.F.);
#2778=EDGE_CURVE('',#3734,#3735,#4239,.F.);
#2779=EDGE_CURVE('',#3735,#3736,#4240,.T.);
#2780=EDGE_CURVE('',#3736,#3737,#4241,.T.);
#2781=EDGE_CURVE('',#3737,#3734,#4242,.T.);
#2782=EDGE_CURVE('',#3738,#3739,#4243,.F.);
#2783=EDGE_CURVE('',#3739,#3740,#4244,.F.);
#2784=EDGE_CURVE('',#3740,#3741,#4245,.T.);
#2785=EDGE_CURVE('',#3741,#3738,#4246,.T.);
#2786=EDGE_CURVE('',#3742,#3743,#4247,.F.);
#2787=EDGE_CURVE('',#3743,#3744,#4248,.T.);
#2788=EDGE_CURVE('',#3744,#3745,#4249,.T.);
#2789=EDGE_CURVE('',#3745,#3742,#4250,.F.);
#2790=EDGE_CURVE('',#3746,#3747,#4251,.F.);
#2791=EDGE_CURVE('',#3747,#3748,#4252,.F.);
#2792=EDGE_CURVE('',#3748,#3749,#4253,.T.);
#2793=EDGE_CURVE('',#3749,#3746,#4254,.T.);
#2794=EDGE_CURVE('',#3750,#3751,#4255,.F.);
#2795=EDGE_CURVE('',#3751,#3752,#4256,.F.);
#2796=EDGE_CURVE('',#3752,#3753,#4257,.T.);
#2797=EDGE_CURVE('',#3753,#3750,#4258,.T.);
#2798=EDGE_CURVE('',#3741,#3504,#503,.F.);
#2799=EDGE_CURVE('',#3503,#3738,#504,.T.);
#2800=EDGE_CURVE('',#3753,#3754,#505,.F.);
#2801=EDGE_CURVE('',#3754,#3499,#255,.T.);
#2802=EDGE_CURVE('',#3498,#3750,#506,.T.);
#2803=EDGE_CURVE('',#3745,#3505,#507,.F.);
#2804=EDGE_CURVE('',#3504,#3742,#508,.T.);
#2805=EDGE_CURVE('',#3505,#3746,#509,.T.);
#2806=EDGE_CURVE('',#3749,#3498,#510,.F.);
#2807=EDGE_CURVE('',#3728,#3485,#511,.T.);
#2808=EDGE_CURVE('',#3484,#3729,#512,.F.);
#2809=EDGE_CURVE('',#3593,#3727,#513,.F.);
#2810=EDGE_CURVE('',#3726,#3594,#514,.T.);
#2811=EDGE_CURVE('',#3492,#3731,#515,.T.);
#2812=EDGE_CURVE('',#3730,#3493,#516,.F.);
#2813=EDGE_CURVE('',#3732,#3592,#517,.F.);
#2814=EDGE_CURVE('',#3591,#3733,#518,.T.);
#2815=EDGE_CURVE('',#3744,#3747,#519,.T.);
#2816=EDGE_CURVE('',#3745,#3746,#520,.T.);
#2817=EDGE_CURVE('',#3740,#3743,#521,.T.);
#2818=EDGE_CURVE('',#3741,#3742,#522,.T.);
#2819=EDGE_CURVE('',#3748,#3751,#523,.T.);
#2820=EDGE_CURVE('',#3749,#3750,#524,.T.);
#2821=EDGE_CURVE('',#3496,#3739,#525,.T.);
#2822=EDGE_CURVE('',#3497,#3738,#526,.T.);
#2823=EDGE_CURVE('',#3730,#3737,#527,.T.);
#2824=EDGE_CURVE('',#3734,#3733,#528,.T.);
#2825=EDGE_CURVE('',#3734,#3591,#529,.T.);
#2826=EDGE_CURVE('',#3493,#3737,#530,.T.);
#2827=EDGE_CURVE('',#3735,#3594,#531,.T.);
#2828=EDGE_CURVE('',#3484,#3736,#532,.T.);
#2829=EDGE_CURVE('',#3735,#3726,#533,.T.);
#2830=EDGE_CURVE('',#3729,#3736,#534,.T.);
#2831=EDGE_CURVE('',#3755,#3595,#4259,.T.);
#2832=EDGE_CURVE('',#3755,#3756,#256,.T.);
#2833=EDGE_CURVE('',#3756,#3596,#4260,.T.);
#2834=EDGE_CURVE('',#3757,#3609,#4261,.T.);
#2835=EDGE_CURVE('',#3757,#3755,#257,.T.);
#2836=EDGE_CURVE('',#3758,#3608,#4262,.T.);
#2837=EDGE_CURVE('',#3758,#3757,#4263,.T.);
#2838=EDGE_CURVE('',#3759,#3607,#4264,.T.);
#2839=EDGE_CURVE('',#3759,#3758,#258,.T.);
#2840=EDGE_CURVE('',#3760,#3606,#4265,.T.);
#2841=EDGE_CURVE('',#3760,#3759,#259,.T.);
#2842=EDGE_CURVE('',#3761,#3605,#4266,.T.);
#2843=EDGE_CURVE('',#3761,#3760,#260,.T.);
#2844=EDGE_CURVE('',#3762,#3604,#4267,.T.);
#2845=EDGE_CURVE('',#3762,#3761,#261,.T.);
#2846=EDGE_CURVE('',#3763,#3603,#4268,.T.);
#2847=EDGE_CURVE('',#3763,#3762,#535,.T.);
#2848=EDGE_CURVE('',#3764,#3602,#4269,.T.);
#2849=EDGE_CURVE('',#3764,#3763,#536,.T.);
#2850=EDGE_CURVE('',#3765,#3601,#4270,.T.);
#2851=EDGE_CURVE('',#3765,#3764,#4271,.T.);
#2852=EDGE_CURVE('',#3766,#3600,#4272,.T.);
#2853=EDGE_CURVE('',#3766,#3765,#262,.T.);
#2854=EDGE_CURVE('',#3767,#3599,#4273,.T.);
#2855=EDGE_CURVE('',#3767,#3766,#537,.F.);
#2856=EDGE_CURVE('',#3768,#3598,#4274,.T.);
#2857=EDGE_CURVE('',#3768,#3767,#263,.T.);
#2858=EDGE_CURVE('',#3769,#3597,#4275,.T.);
#2859=EDGE_CURVE('',#3769,#3768,#264,.T.);
#2860=EDGE_CURVE('',#3756,#3769,#265,.T.);
#2861=EDGE_CURVE('',#3770,#3576,#4276,.T.);
#2862=EDGE_CURVE('',#3770,#3771,#266,.T.);
#2863=EDGE_CURVE('',#3771,#3577,#4277,.T.);
#2864=EDGE_CURVE('',#3772,#3590,#4278,.T.);
#2865=EDGE_CURVE('',#3772,#3770,#4279,.T.);
#2866=EDGE_CURVE('',#3773,#3589,#4280,.T.);
#2867=EDGE_CURVE('',#3773,#3772,#538,.F.);
#2868=EDGE_CURVE('',#3774,#3588,#4281,.T.);
#2869=EDGE_CURVE('',#3774,#3773,#4282,.T.);
#2870=EDGE_CURVE('',#3775,#3587,#4283,.T.);
#2871=EDGE_CURVE('',#3775,#3774,#4284,.T.);
#2872=EDGE_CURVE('',#3776,#3586,#4285,.T.);
#2873=EDGE_CURVE('',#3776,#3775,#4286,.T.);
#2874=EDGE_CURVE('',#3777,#3585,#4287,.T.);
#2875=EDGE_CURVE('',#3777,#3776,#4288,.T.);
#2876=EDGE_CURVE('',#3778,#3584,#4289,.T.);
#2877=EDGE_CURVE('',#3778,#3777,#4290,.T.);
#2878=EDGE_CURVE('',#3779,#3583,#4291,.T.);
#2879=EDGE_CURVE('',#3779,#3778,#4292,.T.);
#2880=EDGE_CURVE('',#3780,#3582,#4293,.T.);
#2881=EDGE_CURVE('',#3780,#3779,#4294,.T.);
#2882=EDGE_CURVE('',#3781,#3581,#4295,.T.);
#2883=EDGE_CURVE('',#3781,#3780,#4296,.T.);
#2884=EDGE_CURVE('',#3782,#3580,#4297,.T.);
#2885=EDGE_CURVE('',#3782,#3781,#4298,.T.);
#2886=EDGE_CURVE('',#3783,#3579,#4299,.T.);
#2887=EDGE_CURVE('',#3783,#3782,#4300,.T.);
#2888=EDGE_CURVE('',#3784,#3578,#4301,.T.);
#2889=EDGE_CURVE('',#3784,#3783,#4302,.T.);
#2890=EDGE_CURVE('',#3771,#3784,#4303,.T.);
#2891=EDGE_CURVE('',#3785,#3610,#4304,.T.);
#2892=EDGE_CURVE('',#3785,#3786,#267,.T.);
#2893=EDGE_CURVE('',#3786,#3611,#4305,.T.);
#2894=EDGE_CURVE('',#3787,#3624,#4306,.T.);
#2895=EDGE_CURVE('',#3787,#3785,#268,.T.);
#2896=EDGE_CURVE('',#3788,#3623,#4307,.T.);
#2897=EDGE_CURVE('',#3788,#3787,#4308,.T.);
#2898=EDGE_CURVE('',#3789,#3622,#4309,.T.);
#2899=EDGE_CURVE('',#3789,#3788,#269,.T.);
#2900=EDGE_CURVE('',#3790,#3621,#4310,.T.);
#2901=EDGE_CURVE('',#3790,#3789,#270,.T.);
#2902=EDGE_CURVE('',#3791,#3620,#4311,.T.);
#2903=EDGE_CURVE('',#3791,#3790,#271,.T.);
#2904=EDGE_CURVE('',#3792,#3619,#4312,.T.);
#2905=EDGE_CURVE('',#3792,#3791,#272,.T.);
#2906=EDGE_CURVE('',#3793,#3618,#4313,.T.);
#2907=EDGE_CURVE('',#3793,#3792,#273,.T.);
#2908=EDGE_CURVE('',#3794,#3617,#4314,.T.);
#2909=EDGE_CURVE('',#3794,#3793,#274,.T.);
#2910=EDGE_CURVE('',#3795,#3616,#4315,.T.);
#2911=EDGE_CURVE('',#3795,#3794,#275,.T.);
#2912=EDGE_CURVE('',#3796,#3615,#4316,.T.);
#2913=EDGE_CURVE('',#3796,#3795,#4317,.T.);
#2914=EDGE_CURVE('',#3797,#3614,#4318,.T.);
#2915=EDGE_CURVE('',#3797,#3796,#276,.T.);
#2916=EDGE_CURVE('',#3798,#3613,#4319,.T.);
#2917=EDGE_CURVE('',#3798,#3797,#277,.T.);
#2918=EDGE_CURVE('',#3799,#3612,#4320,.T.);
#2919=EDGE_CURVE('',#3799,#3798,#278,.T.);
#2920=EDGE_CURVE('',#3786,#3799,#279,.T.);
#2921=EDGE_CURVE('',#3800,#3572,#4321,.T.);
#2922=EDGE_CURVE('',#3800,#3801,#4322,.T.);
#2923=EDGE_CURVE('',#3801,#3573,#4323,.T.);
#2924=EDGE_CURVE('',#3802,#3575,#4324,.T.);
#2925=EDGE_CURVE('',#3802,#3800,#4325,.T.);
#2926=EDGE_CURVE('',#3803,#3574,#4326,.T.);
#2927=EDGE_CURVE('',#3803,#3802,#4327,.T.);
#2928=EDGE_CURVE('',#3801,#3803,#4328,.T.);
#2929=EDGE_CURVE('',#3804,#3625,#4329,.T.);
#2930=EDGE_CURVE('',#3804,#3805,#4330,.T.);
#2931=EDGE_CURVE('',#3805,#3626,#4331,.T.);
#2932=EDGE_CURVE('',#3806,#3641,#4332,.T.);
#2933=EDGE_CURVE('',#3806,#3804,#4333,.T.);
#2934=EDGE_CURVE('',#3807,#3640,#4334,.T.);
#2935=EDGE_CURVE('',#3807,#3806,#4335,.T.);
#2936=EDGE_CURVE('',#3808,#3639,#4336,.T.);
#2937=EDGE_CURVE('',#3808,#3807,#280,.T.);
#2938=EDGE_CURVE('',#3809,#3638,#4337,.T.);
#2939=EDGE_CURVE('',#3809,#3808,#281,.T.);
#2940=EDGE_CURVE('',#3810,#3637,#4338,.T.);
#2941=EDGE_CURVE('',#3810,#3809,#282,.T.);
#2942=EDGE_CURVE('',#3811,#3636,#4339,.T.);
#2943=EDGE_CURVE('',#3811,#3810,#539,.F.);
#2944=EDGE_CURVE('',#3812,#3635,#4340,.T.);
#2945=EDGE_CURVE('',#3812,#3811,#4341,.T.);
#2946=EDGE_CURVE('',#3813,#3634,#4342,.T.);
#2947=EDGE_CURVE('',#3813,#3812,#4343,.T.);
#2948=EDGE_CURVE('',#3814,#3633,#4344,.T.);
#2949=EDGE_CURVE('',#3814,#3813,#4345,.T.);
#2950=EDGE_CURVE('',#3815,#3632,#4346,.T.);
#2951=EDGE_CURVE('',#3815,#3814,#4347,.T.);
#2952=EDGE_CURVE('',#3816,#3631,#4348,.T.);
#2953=EDGE_CURVE('',#3816,#3815,#4349,.T.);
#2954=EDGE_CURVE('',#3817,#3630,#4350,.T.);
#2955=EDGE_CURVE('',#3817,#3816,#4351,.T.);
#2956=EDGE_CURVE('',#3818,#3629,#4352,.T.);
#2957=EDGE_CURVE('',#3818,#3817,#283,.T.);
#2958=EDGE_CURVE('',#3819,#3628,#4353,.T.);
#2959=EDGE_CURVE('',#3819,#3818,#284,.T.);
#2960=EDGE_CURVE('',#3820,#3627,#4354,.T.);
#2961=EDGE_CURVE('',#3820,#3819,#285,.T.);
#2962=EDGE_CURVE('',#3805,#3820,#286,.T.);
#2963=EDGE_CURVE('',#3821,#3560,#4355,.T.);
#2964=EDGE_CURVE('',#3821,#3822,#4356,.T.);
#2965=EDGE_CURVE('',#3822,#3561,#4357,.T.);
#2966=EDGE_CURVE('',#3823,#3571,#4358,.T.);
#2967=EDGE_CURVE('',#3823,#3821,#4359,.T.);
#2968=EDGE_CURVE('',#3824,#3570,#4360,.T.);
#2969=EDGE_CURVE('',#3824,#3823,#4361,.T.);
#2970=EDGE_CURVE('',#3825,#3569,#4362,.T.);
#2971=EDGE_CURVE('',#3825,#3824,#4363,.T.);
#2972=EDGE_CURVE('',#3826,#3568,#4364,.T.);
#2973=EDGE_CURVE('',#3826,#3825,#4365,.T.);
#2974=EDGE_CURVE('',#3827,#3567,#4366,.T.);
#2975=EDGE_CURVE('',#3827,#3826,#4367,.T.);
#2976=EDGE_CURVE('',#3828,#3566,#4368,.T.);
#2977=EDGE_CURVE('',#3828,#3827,#4369,.T.);
#2978=EDGE_CURVE('',#3829,#3565,#4370,.T.);
#2979=EDGE_CURVE('',#3829,#3828,#4371,.T.);
#2980=EDGE_CURVE('',#3830,#3564,#4372,.T.);
#2981=EDGE_CURVE('',#3830,#3829,#4373,.T.);
#2982=EDGE_CURVE('',#3831,#3563,#4374,.T.);
#2983=EDGE_CURVE('',#3831,#3830,#4375,.T.);
#2984=EDGE_CURVE('',#3832,#3562,#4376,.T.);
#2985=EDGE_CURVE('',#3832,#3831,#4377,.T.);
#2986=EDGE_CURVE('',#3822,#3832,#4378,.T.);
#2987=EDGE_CURVE('',#3833,#3642,#4379,.T.);
#2988=EDGE_CURVE('',#3833,#3834,#287,.T.);
#2989=EDGE_CURVE('',#3834,#3643,#4380,.T.);
#2990=EDGE_CURVE('',#3835,#3656,#4381,.T.);
#2991=EDGE_CURVE('',#3835,#3833,#288,.T.);
#2992=EDGE_CURVE('',#3836,#3655,#4382,.T.);
#2993=EDGE_CURVE('',#3836,#3835,#4383,.T.);
#2994=EDGE_CURVE('',#3837,#3654,#4384,.T.);
#2995=EDGE_CURVE('',#3837,#3836,#289,.T.);
#2996=EDGE_CURVE('',#3838,#3653,#4385,.T.);
#2997=EDGE_CURVE('',#3838,#3837,#290,.T.);
#2998=EDGE_CURVE('',#3839,#3652,#4386,.T.);
#2999=EDGE_CURVE('',#3839,#3838,#291,.T.);
#3000=EDGE_CURVE('',#3840,#3651,#4387,.T.);
#3001=EDGE_CURVE('',#3840,#3839,#292,.T.);
#3002=EDGE_CURVE('',#3841,#3650,#4388,.T.);
#3003=EDGE_CURVE('',#3841,#3840,#540,.T.);
#3004=EDGE_CURVE('',#3842,#3649,#4389,.T.);
#3005=EDGE_CURVE('',#3842,#3841,#541,.T.);
#3006=EDGE_CURVE('',#3843,#3648,#4390,.T.);
#3007=EDGE_CURVE('',#3843,#3842,#4391,.T.);
#3008=EDGE_CURVE('',#3844,#3647,#4392,.T.);
#3009=EDGE_CURVE('',#3844,#3843,#293,.T.);
#3010=EDGE_CURVE('',#3845,#3646,#4393,.T.);
#3011=EDGE_CURVE('',#3845,#3844,#542,.F.);
#3012=EDGE_CURVE('',#3846,#3645,#4394,.T.);
#3013=EDGE_CURVE('',#3846,#3845,#294,.T.);
#3014=EDGE_CURVE('',#3847,#3644,#4395,.T.);
#3015=EDGE_CURVE('',#3847,#3846,#295,.T.);
#3016=EDGE_CURVE('',#3834,#3847,#296,.T.);
#3017=EDGE_CURVE('',#3848,#3545,#4396,.T.);
#3018=EDGE_CURVE('',#3848,#3849,#297,.T.);
#3019=EDGE_CURVE('',#3849,#3546,#4397,.T.);
#3020=EDGE_CURVE('',#3850,#3559,#4398,.T.);
#3021=EDGE_CURVE('',#3850,#3848,#4399,.T.);
#3022=EDGE_CURVE('',#3851,#3558,#4400,.T.);
#3023=EDGE_CURVE('',#3851,#3850,#543,.F.);
#3024=EDGE_CURVE('',#3852,#3557,#4401,.T.);
#3025=EDGE_CURVE('',#3852,#3851,#4402,.T.);
#3026=EDGE_CURVE('',#3853,#3556,#4403,.T.);
#3027=EDGE_CURVE('',#3853,#3852,#4404,.T.);
#3028=EDGE_CURVE('',#3854,#3555,#4405,.T.);
#3029=EDGE_CURVE('',#3854,#3853,#4406,.T.);
#3030=EDGE_CURVE('',#3855,#3554,#4407,.T.);
#3031=EDGE_CURVE('',#3855,#3854,#4408,.T.);
#3032=EDGE_CURVE('',#3856,#3553,#4409,.T.);
#3033=EDGE_CURVE('',#3856,#3855,#4410,.T.);
#3034=EDGE_CURVE('',#3857,#3552,#4411,.T.);
#3035=EDGE_CURVE('',#3857,#3856,#4412,.T.);
#3036=EDGE_CURVE('',#3858,#3551,#4413,.T.);
#3037=EDGE_CURVE('',#3858,#3857,#4414,.T.);
#3038=EDGE_CURVE('',#3859,#3550,#4415,.T.);
#3039=EDGE_CURVE('',#3859,#3858,#4416,.T.);
#3040=EDGE_CURVE('',#3860,#3549,#4417,.T.);
#3041=EDGE_CURVE('',#3860,#3859,#4418,.T.);
#3042=EDGE_CURVE('',#3861,#3548,#4419,.T.);
#3043=EDGE_CURVE('',#3861,#3860,#4420,.T.);
#3044=EDGE_CURVE('',#3862,#3547,#4421,.T.);
#3045=EDGE_CURVE('',#3862,#3861,#4422,.T.);
#3046=EDGE_CURVE('',#3849,#3862,#4423,.T.);
#3047=EDGE_CURVE('',#3863,#3864,#298,.T.);
#3048=EDGE_CURVE('',#3865,#3863,#4424,.T.);
#3049=EDGE_CURVE('',#3865,#3866,#299,.T.);
#3050=EDGE_CURVE('',#3866,#3864,#4425,.T.);
#3051=EDGE_CURVE('',#3867,#3863,#300,.T.);
#3052=EDGE_CURVE('',#3868,#3867,#4426,.T.);
#3053=EDGE_CURVE('',#3868,#3865,#301,.T.);
#3054=EDGE_CURVE('',#3869,#3867,#302,.T.);
#3055=EDGE_CURVE('',#3870,#3869,#4427,.T.);
#3056=EDGE_CURVE('',#3870,#3868,#303,.T.);
#3057=EDGE_CURVE('',#3871,#3869,#304,.T.);
#3058=EDGE_CURVE('',#3872,#3871,#4428,.T.);
#3059=EDGE_CURVE('',#3872,#3870,#305,.T.);
#3060=EDGE_CURVE('',#3873,#3871,#306,.T.);
#3061=EDGE_CURVE('',#3874,#3873,#4429,.T.);
#3062=EDGE_CURVE('',#3874,#3872,#307,.T.);
#3063=EDGE_CURVE('',#3875,#3873,#4430,.T.);
#3064=EDGE_CURVE('',#3876,#3875,#4431,.T.);
#3065=EDGE_CURVE('',#3876,#3874,#4432,.T.);
#3066=EDGE_CURVE('',#3877,#3875,#4433,.T.);
#3067=EDGE_CURVE('',#3878,#3877,#4434,.T.);
#3068=EDGE_CURVE('',#3878,#3876,#4435,.T.);
#3069=EDGE_CURVE('',#3879,#3657,#4436,.T.);
#3070=EDGE_CURVE('',#3879,#3880,#4437,.T.);
#3071=EDGE_CURVE('',#3880,#3658,#4438,.T.);
#3072=EDGE_CURVE('',#3881,#3675,#4439,.T.);
#3073=EDGE_CURVE('',#3881,#3879,#4440,.T.);
#3074=EDGE_CURVE('',#3882,#3674,#4441,.T.);
#3075=EDGE_CURVE('',#3882,#3881,#4442,.T.);
#3076=EDGE_CURVE('',#3883,#3673,#4443,.T.);
#3077=EDGE_CURVE('',#3883,#3882,#308,.T.);
#3078=EDGE_CURVE('',#3884,#3672,#4444,.T.);
#3079=EDGE_CURVE('',#3884,#3883,#309,.T.);
#3080=EDGE_CURVE('',#3885,#3671,#4445,.T.);
#3081=EDGE_CURVE('',#3885,#3884,#544,.F.);
#3082=EDGE_CURVE('',#3886,#3670,#4446,.T.);
#3083=EDGE_CURVE('',#3886,#3885,#545,.F.);
#3084=EDGE_CURVE('',#3887,#3669,#4447,.T.);
#3085=EDGE_CURVE('',#3887,#3886,#4448,.T.);
#3086=EDGE_CURVE('',#3888,#3668,#4449,.T.);
#3087=EDGE_CURVE('',#3888,#3887,#310,.T.);
#3088=EDGE_CURVE('',#3889,#3667,#4450,.T.);
#3089=EDGE_CURVE('',#3889,#3888,#311,.T.);
#3090=EDGE_CURVE('',#3890,#3666,#4451,.T.);
#3091=EDGE_CURVE('',#3890,#3889,#312,.T.);
#3092=EDGE_CURVE('',#3891,#3665,#4452,.T.);
#3093=EDGE_CURVE('',#3891,#3890,#4453,.T.);
#3094=EDGE_CURVE('',#3892,#3664,#4454,.T.);
#3095=EDGE_CURVE('',#3892,#3891,#4455,.T.);
#3096=EDGE_CURVE('',#3893,#3663,#4456,.T.);
#3097=EDGE_CURVE('',#3893,#3892,#313,.T.);
#3098=EDGE_CURVE('',#3894,#3662,#4457,.T.);
#3099=EDGE_CURVE('',#3894,#3893,#314,.T.);
#3100=EDGE_CURVE('',#3895,#3661,#4458,.T.);
#3101=EDGE_CURVE('',#3895,#3894,#315,.T.);
#3102=EDGE_CURVE('',#3896,#3660,#4459,.T.);
#3103=EDGE_CURVE('',#3896,#3895,#316,.T.);
#3104=EDGE_CURVE('',#3897,#3659,#4460,.T.);
#3105=EDGE_CURVE('',#3897,#3896,#317,.T.);
#3106=EDGE_CURVE('',#3880,#3897,#4461,.T.);
#3107=EDGE_CURVE('',#3864,#3877,#318,.T.);
#3108=EDGE_CURVE('',#3866,#3878,#319,.T.);
#3109=EDGE_CURVE('',#3898,#3899,#320,.T.);
#3110=EDGE_CURVE('',#3900,#3898,#4462,.T.);
#3111=EDGE_CURVE('',#3900,#3901,#321,.T.);
#3112=EDGE_CURVE('',#3901,#3899,#4463,.T.);
#3113=EDGE_CURVE('',#3902,#3898,#322,.T.);
#3114=EDGE_CURVE('',#3903,#3902,#4464,.T.);
#3115=EDGE_CURVE('',#3903,#3900,#323,.T.);
#3116=EDGE_CURVE('',#3904,#3902,#324,.T.);
#3117=EDGE_CURVE('',#3905,#3904,#4465,.T.);
#3118=EDGE_CURVE('',#3905,#3903,#325,.T.);
#3119=EDGE_CURVE('',#3906,#3904,#326,.T.);
#3120=EDGE_CURVE('',#3907,#3906,#4466,.T.);
#3121=EDGE_CURVE('',#3907,#3905,#327,.T.);
#3122=EDGE_CURVE('',#3908,#3906,#328,.T.);
#3123=EDGE_CURVE('',#3909,#3908,#4467,.T.);
#3124=EDGE_CURVE('',#3909,#3907,#329,.T.);
#3125=EDGE_CURVE('',#3910,#3908,#330,.T.);
#3126=EDGE_CURVE('',#3911,#3910,#4468,.T.);
#3127=EDGE_CURVE('',#3911,#3909,#331,.T.);
#3128=EDGE_CURVE('',#3912,#3910,#332,.T.);
#3129=EDGE_CURVE('',#3913,#3912,#4469,.T.);
#3130=EDGE_CURVE('',#3913,#3911,#333,.T.);
#3131=EDGE_CURVE('',#3914,#3530,#4470,.T.);
#3132=EDGE_CURVE('',#3914,#3915,#334,.T.);
#3133=EDGE_CURVE('',#3915,#3531,#4471,.T.);
#3134=EDGE_CURVE('',#3916,#3544,#4472,.T.);
#3135=EDGE_CURVE('',#3916,#3914,#335,.T.);
#3136=EDGE_CURVE('',#3917,#3543,#4473,.T.);
#3137=EDGE_CURVE('',#3917,#3916,#4474,.T.);
#3138=EDGE_CURVE('',#3918,#3542,#4475,.T.);
#3139=EDGE_CURVE('',#3918,#3917,#546,.F.);
#3140=EDGE_CURVE('',#3919,#3541,#4476,.T.);
#3141=EDGE_CURVE('',#3919,#3918,#4477,.T.);
#3142=EDGE_CURVE('',#3920,#3540,#4478,.T.);
#3143=EDGE_CURVE('',#3920,#3919,#4479,.T.);
#3144=EDGE_CURVE('',#3921,#3539,#4480,.T.);
#3145=EDGE_CURVE('',#3921,#3920,#4481,.T.);
#3146=EDGE_CURVE('',#3922,#3538,#4482,.T.);
#3147=EDGE_CURVE('',#3922,#3921,#4483,.T.);
#3148=EDGE_CURVE('',#3923,#3537,#4484,.T.);
#3149=EDGE_CURVE('',#3923,#3922,#4485,.T.);
#3150=EDGE_CURVE('',#3924,#3536,#4486,.T.);
#3151=EDGE_CURVE('',#3924,#3923,#4487,.T.);
#3152=EDGE_CURVE('',#3925,#3535,#4488,.T.);
#3153=EDGE_CURVE('',#3925,#3924,#547,.F.);
#3154=EDGE_CURVE('',#3926,#3534,#4489,.T.);
#3155=EDGE_CURVE('',#3926,#3925,#336,.T.);
#3156=EDGE_CURVE('',#3927,#3533,#4490,.T.);
#3157=EDGE_CURVE('',#3927,#3926,#337,.T.);
#3158=EDGE_CURVE('',#3928,#3532,#4491,.T.);
#3159=EDGE_CURVE('',#3928,#3927,#338,.T.);
#3160=EDGE_CURVE('',#3915,#3928,#339,.T.);
#3161=EDGE_CURVE('',#3899,#3912,#340,.T.);
#3162=EDGE_CURVE('',#3901,#3913,#341,.T.);
#3163=EDGE_CURVE('',#3929,#3930,#342,.T.);
#3164=EDGE_CURVE('',#3931,#3929,#4492,.T.);
#3165=EDGE_CURVE('',#3931,#3932,#343,.T.);
#3166=EDGE_CURVE('',#3932,#3930,#4493,.T.);
#3167=EDGE_CURVE('',#3933,#3929,#344,.T.);
#3168=EDGE_CURVE('',#3934,#3933,#4494,.T.);
#3169=EDGE_CURVE('',#3934,#3931,#345,.T.);
#3170=EDGE_CURVE('',#3935,#3933,#346,.T.);
#3171=EDGE_CURVE('',#3936,#3935,#4495,.T.);
#3172=EDGE_CURVE('',#3936,#3934,#347,.T.);
#3173=EDGE_CURVE('',#3937,#3935,#348,.T.);
#3174=EDGE_CURVE('',#3938,#3937,#4496,.T.);
#3175=EDGE_CURVE('',#3938,#3936,#349,.T.);
#3176=EDGE_CURVE('',#3939,#3937,#350,.T.);
#3177=EDGE_CURVE('',#3940,#3939,#4497,.T.);
#3178=EDGE_CURVE('',#3940,#3938,#351,.T.);
#3179=EDGE_CURVE('',#3941,#3939,#4498,.T.);
#3180=EDGE_CURVE('',#3942,#3941,#4499,.T.);
#3181=EDGE_CURVE('',#3942,#3940,#4500,.T.);
#3182=EDGE_CURVE('',#3943,#3941,#4501,.T.);
#3183=EDGE_CURVE('',#3944,#3943,#4502,.T.);
#3184=EDGE_CURVE('',#3944,#3942,#4503,.T.);
#3185=EDGE_CURVE('',#3945,#3676,#4504,.T.);
#3186=EDGE_CURVE('',#3945,#3946,#4505,.T.);
#3187=EDGE_CURVE('',#3946,#3677,#4506,.T.);
#3188=EDGE_CURVE('',#3947,#3694,#4507,.T.);
#3189=EDGE_CURVE('',#3947,#3945,#4508,.T.);
#3190=EDGE_CURVE('',#3948,#3693,#4509,.T.);
#3191=EDGE_CURVE('',#3948,#3947,#4510,.T.);
#3192=EDGE_CURVE('',#3949,#3692,#4511,.T.);
#3193=EDGE_CURVE('',#3949,#3948,#352,.T.);
#3194=EDGE_CURVE('',#3950,#3691,#4512,.T.);
#3195=EDGE_CURVE('',#3950,#3949,#353,.T.);
#3196=EDGE_CURVE('',#3951,#3690,#4513,.T.);
#3197=EDGE_CURVE('',#3951,#3950,#548,.F.);
#3198=EDGE_CURVE('',#3952,#3689,#4514,.T.);
#3199=EDGE_CURVE('',#3952,#3951,#549,.F.);
#3200=EDGE_CURVE('',#3953,#3688,#4515,.T.);
#3201=EDGE_CURVE('',#3953,#3952,#4516,.T.);
#3202=EDGE_CURVE('',#3954,#3687,#4517,.T.);
#3203=EDGE_CURVE('',#3954,#3953,#354,.T.);
#3204=EDGE_CURVE('',#3955,#3686,#4518,.T.);
#3205=EDGE_CURVE('',#3955,#3954,#355,.T.);
#3206=EDGE_CURVE('',#3956,#3685,#4519,.T.);
#3207=EDGE_CURVE('',#3956,#3955,#356,.T.);
#3208=EDGE_CURVE('',#3957,#3684,#4520,.T.);
#3209=EDGE_CURVE('',#3957,#3956,#4521,.T.);
#3210=EDGE_CURVE('',#3958,#3683,#4522,.T.);
#3211=EDGE_CURVE('',#3958,#3957,#4523,.T.);
#3212=EDGE_CURVE('',#3959,#3682,#4524,.T.);
#3213=EDGE_CURVE('',#3959,#3958,#357,.T.);
#3214=EDGE_CURVE('',#3960,#3681,#4525,.T.);
#3215=EDGE_CURVE('',#3960,#3959,#358,.T.);
#3216=EDGE_CURVE('',#3961,#3680,#4526,.T.);
#3217=EDGE_CURVE('',#3961,#3960,#359,.T.);
#3218=EDGE_CURVE('',#3962,#3679,#4527,.T.);
#3219=EDGE_CURVE('',#3962,#3961,#360,.T.);
#3220=EDGE_CURVE('',#3963,#3678,#4528,.T.);
#3221=EDGE_CURVE('',#3963,#3962,#361,.T.);
#3222=EDGE_CURVE('',#3946,#3963,#4529,.T.);
#3223=EDGE_CURVE('',#3930,#3943,#362,.T.);
#3224=EDGE_CURVE('',#3932,#3944,#363,.T.);
#3225=EDGE_CURVE('',#3964,#3965,#4530,.T.);
#3226=EDGE_CURVE('',#3966,#3964,#4531,.T.);
#3227=EDGE_CURVE('',#3966,#3967,#4532,.T.);
#3228=EDGE_CURVE('',#3967,#3965,#4533,.T.);
#3229=EDGE_CURVE('',#3968,#3964,#4534,.T.);
#3230=EDGE_CURVE('',#3969,#3968,#4535,.T.);
#3231=EDGE_CURVE('',#3969,#3966,#4536,.T.);
#3232=EDGE_CURVE('',#3970,#3968,#4537,.T.);
#3233=EDGE_CURVE('',#3971,#3970,#4538,.T.);
#3234=EDGE_CURVE('',#3971,#3969,#4539,.T.);
#3235=EDGE_CURVE('',#3972,#3970,#364,.T.);
#3236=EDGE_CURVE('',#3973,#3972,#4540,.T.);
#3237=EDGE_CURVE('',#3973,#3971,#365,.T.);
#3238=EDGE_CURVE('',#3974,#3972,#366,.T.);
#3239=EDGE_CURVE('',#3975,#3974,#4541,.T.);
#3240=EDGE_CURVE('',#3975,#3973,#367,.T.);
#3241=EDGE_CURVE('',#3976,#3974,#368,.T.);
#3242=EDGE_CURVE('',#3977,#3976,#4542,.T.);
#3243=EDGE_CURVE('',#3977,#3975,#369,.T.);
#3244=EDGE_CURVE('',#3978,#3522,#4543,.T.);
#3245=EDGE_CURVE('',#3978,#3979,#370,.T.);
#3246=EDGE_CURVE('',#3979,#3523,#4544,.T.);
#3247=EDGE_CURVE('',#3980,#3529,#4545,.T.);
#3248=EDGE_CURVE('',#3980,#3978,#371,.T.);
#3249=EDGE_CURVE('',#3981,#3528,#4546,.T.);
#3250=EDGE_CURVE('',#3981,#3980,#4547,.T.);
#3251=EDGE_CURVE('',#3982,#3527,#4548,.T.);
#3252=EDGE_CURVE('',#3982,#3981,#4549,.T.);
#3253=EDGE_CURVE('',#3983,#3526,#4550,.T.);
#3254=EDGE_CURVE('',#3983,#3982,#4551,.T.);
#3255=EDGE_CURVE('',#3984,#3525,#4552,.T.);
#3256=EDGE_CURVE('',#3984,#3983,#4553,.T.);
#3257=EDGE_CURVE('',#3985,#3524,#4554,.T.);
#3258=EDGE_CURVE('',#3985,#3984,#4555,.T.);
#3259=EDGE_CURVE('',#3979,#3985,#372,.T.);
#3260=EDGE_CURVE('',#3965,#3976,#373,.T.);
#3261=EDGE_CURVE('',#3967,#3977,#374,.T.);
#3262=EDGE_CURVE('',#3986,#3987,#375,.T.);
#3263=EDGE_CURVE('',#3988,#3986,#4556,.T.);
#3264=EDGE_CURVE('',#3988,#3989,#376,.T.);
#3265=EDGE_CURVE('',#3989,#3987,#4557,.T.);
#3266=EDGE_CURVE('',#3990,#3986,#377,.T.);
#3267=EDGE_CURVE('',#3991,#3990,#4558,.T.);
#3268=EDGE_CURVE('',#3991,#3988,#378,.T.);
#3269=EDGE_CURVE('',#3992,#3990,#379,.T.);
#3270=EDGE_CURVE('',#3993,#3992,#4559,.T.);
#3271=EDGE_CURVE('',#3993,#3991,#380,.T.);
#3272=EDGE_CURVE('',#3994,#3992,#381,.T.);
#3273=EDGE_CURVE('',#3995,#3994,#4560,.T.);
#3274=EDGE_CURVE('',#3995,#3993,#382,.T.);
#3275=EDGE_CURVE('',#3996,#3994,#383,.T.);
#3276=EDGE_CURVE('',#3997,#3996,#4561,.T.);
#3277=EDGE_CURVE('',#3997,#3995,#384,.T.);
#3278=EDGE_CURVE('',#3998,#3996,#4562,.T.);
#3279=EDGE_CURVE('',#3999,#3998,#4563,.T.);
#3280=EDGE_CURVE('',#3999,#3997,#4564,.T.);
#3281=EDGE_CURVE('',#4000,#3998,#4565,.T.);
#3282=EDGE_CURVE('',#4001,#4000,#4566,.T.);
#3283=EDGE_CURVE('',#4001,#3999,#4567,.T.);
#3284=EDGE_CURVE('',#4002,#3695,#4568,.T.);
#3285=EDGE_CURVE('',#4002,#4003,#4569,.T.);
#3286=EDGE_CURVE('',#4003,#3696,#4570,.T.);
#3287=EDGE_CURVE('',#4004,#3713,#4571,.T.);
#3288=EDGE_CURVE('',#4004,#4002,#4572,.T.);
#3289=EDGE_CURVE('',#4005,#3712,#4573,.T.);
#3290=EDGE_CURVE('',#4005,#4004,#4574,.T.);
#3291=EDGE_CURVE('',#4006,#3711,#4575,.T.);
#3292=EDGE_CURVE('',#4006,#4005,#385,.T.);
#3293=EDGE_CURVE('',#4007,#3710,#4576,.T.);
#3294=EDGE_CURVE('',#4007,#4006,#386,.T.);
#3295=EDGE_CURVE('',#4008,#3709,#4577,.T.);
#3296=EDGE_CURVE('',#4008,#4007,#550,.F.);
#3297=EDGE_CURVE('',#4009,#3708,#4578,.T.);
#3298=EDGE_CURVE('',#4009,#4008,#551,.F.);
#3299=EDGE_CURVE('',#4010,#3707,#4579,.T.);
#3300=EDGE_CURVE('',#4010,#4009,#4580,.T.);
#3301=EDGE_CURVE('',#4011,#3706,#4581,.T.);
#3302=EDGE_CURVE('',#4011,#4010,#387,.T.);
#3303=EDGE_CURVE('',#4012,#3705,#4582,.T.);
#3304=EDGE_CURVE('',#4012,#4011,#388,.T.);
#3305=EDGE_CURVE('',#4013,#3704,#4583,.T.);
#3306=EDGE_CURVE('',#4013,#4012,#389,.T.);
#3307=EDGE_CURVE('',#4014,#3703,#4584,.T.);
#3308=EDGE_CURVE('',#4014,#4013,#4585,.T.);
#3309=EDGE_CURVE('',#4015,#3702,#4586,.T.);
#3310=EDGE_CURVE('',#4015,#4014,#4587,.T.);
#3311=EDGE_CURVE('',#4016,#3701,#4588,.T.);
#3312=EDGE_CURVE('',#4016,#4015,#390,.T.);
#3313=EDGE_CURVE('',#4017,#3700,#4589,.T.);
#3314=EDGE_CURVE('',#4017,#4016,#391,.T.);
#3315=EDGE_CURVE('',#4018,#3699,#4590,.T.);
#3316=EDGE_CURVE('',#4018,#4017,#392,.T.);
#3317=EDGE_CURVE('',#4019,#3698,#4591,.T.);
#3318=EDGE_CURVE('',#4019,#4018,#393,.T.);
#3319=EDGE_CURVE('',#4020,#3697,#4592,.T.);
#3320=EDGE_CURVE('',#4020,#4019,#394,.T.);
#3321=EDGE_CURVE('',#4003,#4020,#4593,.T.);
#3322=EDGE_CURVE('',#3987,#4000,#395,.T.);
#3323=EDGE_CURVE('',#3989,#4001,#396,.T.);
#3324=EDGE_CURVE('',#4021,#4022,#397,.T.);
#3325=EDGE_CURVE('',#4023,#4021,#4594,.T.);
#3326=EDGE_CURVE('',#4023,#4024,#398,.T.);
#3327=EDGE_CURVE('',#4024,#4022,#4595,.T.);
#3328=EDGE_CURVE('',#4025,#4021,#399,.T.);
#3329=EDGE_CURVE('',#4026,#4025,#4596,.T.);
#3330=EDGE_CURVE('',#4026,#4023,#400,.T.);
#3331=EDGE_CURVE('',#4027,#4025,#401,.T.);
#3332=EDGE_CURVE('',#4028,#4027,#4597,.T.);
#3333=EDGE_CURVE('',#4028,#4026,#402,.T.);
#3334=EDGE_CURVE('',#4029,#4027,#403,.T.);
#3335=EDGE_CURVE('',#4030,#4029,#4598,.T.);
#3336=EDGE_CURVE('',#4030,#4028,#404,.T.);
#3337=EDGE_CURVE('',#4031,#4029,#405,.T.);
#3338=EDGE_CURVE('',#4032,#4031,#4599,.T.);
#3339=EDGE_CURVE('',#4032,#4030,#406,.T.);
#3340=EDGE_CURVE('',#4033,#4031,#407,.T.);
#3341=EDGE_CURVE('',#4034,#4033,#4600,.T.);
#3342=EDGE_CURVE('',#4034,#4032,#408,.T.);
#3343=EDGE_CURVE('',#4035,#4033,#409,.T.);
#3344=EDGE_CURVE('',#4036,#4035,#4601,.T.);
#3345=EDGE_CURVE('',#4036,#4034,#410,.T.);
#3346=EDGE_CURVE('',#4037,#4035,#4602,.T.);
#3347=EDGE_CURVE('',#4038,#4037,#4603,.T.);
#3348=EDGE_CURVE('',#4038,#4036,#4604,.T.);
#3349=EDGE_CURVE('',#4039,#3507,#4605,.T.);
#3350=EDGE_CURVE('',#4039,#4040,#4606,.T.);
#3351=EDGE_CURVE('',#4040,#3508,#4607,.T.);
#3352=EDGE_CURVE('',#4041,#3521,#4608,.T.);
#3353=EDGE_CURVE('',#4041,#4039,#4609,.T.);
#3354=EDGE_CURVE('',#4042,#3520,#4610,.T.);
#3355=EDGE_CURVE('',#4042,#4041,#4611,.T.);
#3356=EDGE_CURVE('',#4043,#3519,#4612,.T.);
#3357=EDGE_CURVE('',#4043,#4042,#4613,.T.);
#3358=EDGE_CURVE('',#4044,#3518,#4614,.T.);
#3359=EDGE_CURVE('',#4044,#4043,#4615,.T.);
#3360=EDGE_CURVE('',#4045,#3517,#4616,.T.);
#3361=EDGE_CURVE('',#4045,#4044,#4617,.T.);
#3362=EDGE_CURVE('',#4046,#3516,#4618,.T.);
#3363=EDGE_CURVE('',#4046,#4045,#4619,.T.);
#3364=EDGE_CURVE('',#4047,#3515,#4620,.T.);
#3365=EDGE_CURVE('',#4047,#4046,#4621,.T.);
#3366=EDGE_CURVE('',#4048,#3514,#4622,.T.);
#3367=EDGE_CURVE('',#4048,#4047,#4623,.T.);
#3368=EDGE_CURVE('',#4049,#3513,#4624,.T.);
#3369=EDGE_CURVE('',#4049,#4048,#411,.T.);
#3370=EDGE_CURVE('',#4050,#3512,#4625,.T.);
#3371=EDGE_CURVE('',#4050,#4049,#412,.T.);
#3372=EDGE_CURVE('',#4051,#3511,#4626,.T.);
#3373=EDGE_CURVE('',#4051,#4050,#413,.T.);
#3374=EDGE_CURVE('',#4052,#3510,#4627,.T.);
#3375=EDGE_CURVE('',#4052,#4051,#414,.T.);
#3376=EDGE_CURVE('',#4053,#3509,#4628,.T.);
#3377=EDGE_CURVE('',#4053,#4052,#415,.T.);
#3378=EDGE_CURVE('',#4040,#4053,#416,.T.);
#3379=EDGE_CURVE('',#4022,#4037,#417,.T.);
#3380=EDGE_CURVE('',#4024,#4038,#418,.T.);
#3381=EDGE_CURVE('',#4054,#3714,#4629,.T.);
#3382=EDGE_CURVE('',#4054,#4055,#4630,.T.);
#3383=EDGE_CURVE('',#4055,#3715,#4631,.T.);
#3384=EDGE_CURVE('',#4056,#3725,#4632,.T.);
#3385=EDGE_CURVE('',#4056,#4054,#4633,.T.);
#3386=EDGE_CURVE('',#4057,#3724,#4634,.T.);
#3387=EDGE_CURVE('',#4057,#4056,#4635,.T.);
#3388=EDGE_CURVE('',#4058,#3723,#4636,.T.);
#3389=EDGE_CURVE('',#4058,#4057,#4637,.T.);
#3390=EDGE_CURVE('',#4059,#3722,#4638,.T.);
#3391=EDGE_CURVE('',#4059,#4058,#4639,.T.);
#3392=EDGE_CURVE('',#4060,#3721,#4640,.T.);
#3393=EDGE_CURVE('',#4060,#4059,#4641,.T.);
#3394=EDGE_CURVE('',#4061,#3720,#4642,.T.);
#3395=EDGE_CURVE('',#4061,#4060,#4643,.T.);
#3396=EDGE_CURVE('',#4062,#3719,#4644,.T.);
#3397=EDGE_CURVE('',#4062,#4061,#4645,.T.);
#3398=EDGE_CURVE('',#4063,#3718,#4646,.T.);
#3399=EDGE_CURVE('',#4063,#4062,#4647,.T.);
#3400=EDGE_CURVE('',#4064,#3717,#4648,.T.);
#3401=EDGE_CURVE('',#4064,#4063,#4649,.T.);
#3402=EDGE_CURVE('',#4065,#3716,#4650,.T.);
#3403=EDGE_CURVE('',#4065,#4064,#4651,.T.);
#3404=EDGE_CURVE('',#4055,#4065,#4652,.T.);
#3405=EDGE_CURVE('',#4066,#4067,#4653,.T.);
#3406=EDGE_CURVE('',#4067,#4068,#4654,.F.);
#3407=EDGE_CURVE('',#4068,#4069,#4655,.F.);
#3408=EDGE_CURVE('',#4069,#4070,#4656,.T.);
#3409=EDGE_CURVE('',#4070,#4066,#552,.F.);
#3410=EDGE_CURVE('',#4071,#4072,#4657,.F.);
#3411=EDGE_CURVE('',#4072,#4073,#4658,.T.);
#3412=EDGE_CURVE('',#4073,#4074,#4659,.T.);
#3413=EDGE_CURVE('',#4074,#4075,#4660,.F.);
#3414=EDGE_CURVE('',#4075,#4071,#553,.T.);
#3415=EDGE_CURVE('',#4076,#4077,#4661,.F.);
#3416=EDGE_CURVE('',#4077,#4078,#4662,.T.);
#3417=EDGE_CURVE('',#4078,#4079,#4663,.T.);
#3418=EDGE_CURVE('',#4079,#4076,#4664,.F.);
#3419=EDGE_CURVE('',#3489,#4079,#554,.T.);
#3420=EDGE_CURVE('',#4076,#3488,#555,.T.);
#3421=EDGE_CURVE('',#3487,#4067,#556,.F.);
#3422=EDGE_CURVE('',#4076,#4067,#557,.T.);
#3423=EDGE_CURVE('',#4074,#4079,#558,.T.);
#3424=EDGE_CURVE('',#4074,#3490,#559,.T.);
#3425=EDGE_CURVE('',#4066,#4080,#419,.T.);
#3426=EDGE_CURVE('',#4080,#4081,#4665,.T.);
#3427=EDGE_CURVE('',#4077,#4081,#14,.T.);
#3428=EDGE_CURVE('',#4082,#4078,#15,.F.);
#3429=EDGE_CURVE('',#4082,#4083,#4666,.T.);
#3430=EDGE_CURVE('',#4083,#4075,#420,.T.);
#3431=EDGE_CURVE('',#4081,#4082,#4667,.F.);
#3432=EDGE_CURVE('',#3752,#4072,#560,.T.);
#3433=EDGE_CURVE('',#3753,#4071,#561,.T.);
#3434=EDGE_CURVE('',#4069,#3495,#562,.F.);
#3435=EDGE_CURVE('',#4070,#3494,#563,.T.);
#3436=EDGE_CURVE('',#3754,#4075,#564,.T.);
#3437=EDGE_CURVE('',#4066,#3506,#565,.T.);
#3438=EDGE_CURVE('',#3499,#4083,#566,.T.);
#3439=EDGE_CURVE('',#4080,#3502,#567,.T.);
#3440=EDGE_CURVE('',#3500,#4082,#16,.T.);
#3441=EDGE_CURVE('',#4081,#3501,#17,.F.);
#3442=EDGE_CURVE('',#4073,#3491,#568,.F.);
#3443=EDGE_CURVE('',#3472,#4073,#569,.T.);
#3444=EDGE_CURVE('',#3473,#4072,#570,.T.);
#3445=EDGE_CURVE('',#3473,#3752,#571,.F.);
#3446=EDGE_CURVE('',#3474,#3751,#572,.F.);
#3447=EDGE_CURVE('',#3475,#3748,#573,.F.);
#3448=EDGE_CURVE('',#3476,#3747,#574,.F.);
#3449=EDGE_CURVE('',#3477,#3744,#575,.F.);
#3450=EDGE_CURVE('',#3478,#3743,#576,.F.);
#3451=EDGE_CURVE('',#3479,#3740,#577,.F.);
#3452=EDGE_CURVE('',#3480,#3739,#578,.F.);
#3453=EDGE_CURVE('',#3481,#3496,#579,.F.);
#3454=EDGE_CURVE('',#3482,#3495,#580,.F.);
#3455=EDGE_CURVE('',#3482,#4069,#581,.T.);
#3456=EDGE_CURVE('',#4068,#3483,#582,.F.);
#3457=EDGE_CURVE('',#3486,#4068,#583,.T.);
#3458=EDGE_CURVE('',#3491,#3472,#584,.T.);
#3459=EDGE_CURVE('',#3492,#3471,#585,.T.);
#3460=EDGE_CURVE('',#3731,#3471,#586,.T.);
#3461=EDGE_CURVE('',#3732,#3470,#587,.T.);
#3462=EDGE_CURVE('',#3592,#3470,#588,.T.);
#3463=EDGE_CURVE('',#3593,#3469,#589,.T.);
#3464=EDGE_CURVE('',#3727,#3469,#590,.T.);
#3465=EDGE_CURVE('',#3728,#3468,#591,.T.);
#3466=EDGE_CURVE('',#3485,#3468,#592,.T.);
#3467=EDGE_CURVE('',#3486,#3483,#593,.T.);
#3468=VERTEX_POINT('',#8222);
#3469=VERTEX_POINT('',#8223);
#3470=VERTEX_POINT('',#8225);
#3471=VERTEX_POINT('',#8227);
#3472=VERTEX_POINT('',#8229);
#3473=VERTEX_POINT('',#8231);
#3474=VERTEX_POINT('',#8233);
#3475=VERTEX_POINT('',#8235);
#3476=VERTEX_POINT('',#8237);
#3477=VERTEX_POINT('',#8239);
#3478=VERTEX_POINT('',#8241);
#3479=VERTEX_POINT('',#8243);
#3480=VERTEX_POINT('',#8245);
#3481=VERTEX_POINT('',#8247);
#3482=VERTEX_POINT('',#8249);
#3483=VERTEX_POINT('',#8251);
#3484=VERTEX_POINT('',#8255);
#3485=VERTEX_POINT('',#8256);
#3486=VERTEX_POINT('',#8258);
#3487=VERTEX_POINT('',#8260);
#3488=VERTEX_POINT('',#8262);
#3489=VERTEX_POINT('',#8264);
#3490=VERTEX_POINT('',#8266);
#3491=VERTEX_POINT('',#8268);
#3492=VERTEX_POINT('',#8270);
#3493=VERTEX_POINT('',#8272);
#3494=VERTEX_POINT('',#8276);
#3495=VERTEX_POINT('',#8277);
#3496=VERTEX_POINT('',#8279);
#3497=VERTEX_POINT('',#8281);
#3498=VERTEX_POINT('',#8285);
#3499=VERTEX_POINT('',#8286);
#3500=VERTEX_POINT('',#8288);
#3501=VERTEX_POINT('',#8290);
#3502=VERTEX_POINT('',#8292);
#3503=VERTEX_POINT('',#8294);
#3504=VERTEX_POINT('',#8296);
#3505=VERTEX_POINT('',#8298);
#3506=VERTEX_POINT('',#8305);
#3507=VERTEX_POINT('',#8310);
#3508=VERTEX_POINT('',#8311);
#3509=VERTEX_POINT('',#8315);
#3510=VERTEX_POINT('',#8319);
#3511=VERTEX_POINT('',#8323);
#3512=VERTEX_POINT('',#8327);
#3513=VERTEX_POINT('',#8331);
#3514=VERTEX_POINT('',#8335);
#3515=VERTEX_POINT('',#8337);
#3516=VERTEX_POINT('',#8339);
#3517=VERTEX_POINT('',#8341);
#3518=VERTEX_POINT('',#8343);
#3519=VERTEX_POINT('',#8345);
#3520=VERTEX_POINT('',#8347);
#3521=VERTEX_POINT('',#8349);
#3522=VERTEX_POINT('',#8354);
#3523=VERTEX_POINT('',#8355);
#3524=VERTEX_POINT('',#8359);
#3525=VERTEX_POINT('',#8361);
#3526=VERTEX_POINT('',#8363);
#3527=VERTEX_POINT('',#8365);
#3528=VERTEX_POINT('',#8367);
#3529=VERTEX_POINT('',#8369);
#3530=VERTEX_POINT('',#8376);
#3531=VERTEX_POINT('',#8377);
#3532=VERTEX_POINT('',#8381);
#3533=VERTEX_POINT('',#8385);
#3534=VERTEX_POINT('',#8389);
#3535=VERTEX_POINT('',#8393);
#3536=VERTEX_POINT('',#8395);
#3537=VERTEX_POINT('',#8397);
#3538=VERTEX_POINT('',#8399);
#3539=VERTEX_POINT('',#8401);
#3540=VERTEX_POINT('',#8403);
#3541=VERTEX_POINT('',#8405);
#3542=VERTEX_POINT('',#8407);
#3543=VERTEX_POINT('',#8409);
#3544=VERTEX_POINT('',#8411);
#3545=VERTEX_POINT('',#8418);
#3546=VERTEX_POINT('',#8419);
#3547=VERTEX_POINT('',#8421);
#3548=VERTEX_POINT('',#8423);
#3549=VERTEX_POINT('',#8425);
#3550=VERTEX_POINT('',#8427);
#3551=VERTEX_POINT('',#8429);
#3552=VERTEX_POINT('',#8431);
#3553=VERTEX_POINT('',#8433);
#3554=VERTEX_POINT('',#8435);
#3555=VERTEX_POINT('',#8437);
#3556=VERTEX_POINT('',#8439);
#3557=VERTEX_POINT('',#8441);
#3558=VERTEX_POINT('',#8443);
#3559=VERTEX_POINT('',#8445);
#3560=VERTEX_POINT('',#8448);
#3561=VERTEX_POINT('',#8449);
#3562=VERTEX_POINT('',#8451);
#3563=VERTEX_POINT('',#8453);
#3564=VERTEX_POINT('',#8455);
#3565=VERTEX_POINT('',#8457);
#3566=VERTEX_POINT('',#8459);
#3567=VERTEX_POINT('',#8461);
#3568=VERTEX_POINT('',#8463);
#3569=VERTEX_POINT('',#8465);
#3570=VERTEX_POINT('',#8467);
#3571=VERTEX_POINT('',#8469);
#3572=VERTEX_POINT('',#8472);
#3573=VERTEX_POINT('',#8473);
#3574=VERTEX_POINT('',#8475);
#3575=VERTEX_POINT('',#8477);
#3576=VERTEX_POINT('',#8482);
#3577=VERTEX_POINT('',#8483);
#3578=VERTEX_POINT('',#8485);
#3579=VERTEX_POINT('',#8487);
#3580=VERTEX_POINT('',#8489);
#3581=VERTEX_POINT('',#8491);
#3582=VERTEX_POINT('',#8493);
#3583=VERTEX_POINT('',#8495);
#3584=VERTEX_POINT('',#8497);
#3585=VERTEX_POINT('',#8499);
#3586=VERTEX_POINT('',#8501);
#3587=VERTEX_POINT('',#8503);
#3588=VERTEX_POINT('',#8505);
#3589=VERTEX_POINT('',#8507);
#3590=VERTEX_POINT('',#8509);
#3591=VERTEX_POINT('',#8512);
#3592=VERTEX_POINT('',#8513);
#3593=VERTEX_POINT('',#8515);
#3594=VERTEX_POINT('',#8517);
#3595=VERTEX_POINT('',#8522);
#3596=VERTEX_POINT('',#8523);
#3597=VERTEX_POINT('',#8527);
#3598=VERTEX_POINT('',#8531);
#3599=VERTEX_POINT('',#8535);
#3600=VERTEX_POINT('',#8537);
#3601=VERTEX_POINT('',#8541);
#3602=VERTEX_POINT('',#8543);
#3603=VERTEX_POINT('',#8545);
#3604=VERTEX_POINT('',#8547);
#3605=VERTEX_POINT('',#8551);
#3606=VERTEX_POINT('',#8555);
#3607=VERTEX_POINT('',#8559);
#3608=VERTEX_POINT('',#8563);
#3609=VERTEX_POINT('',#8565);
#3610=VERTEX_POINT('',#8572);
#3611=VERTEX_POINT('',#8573);
#3612=VERTEX_POINT('',#8577);
#3613=VERTEX_POINT('',#8581);
#3614=VERTEX_POINT('',#8585);
#3615=VERTEX_POINT('',#8589);
#3616=VERTEX_POINT('',#8591);
#3617=VERTEX_POINT('',#8595);
#3618=VERTEX_POINT('',#8599);
#3619=VERTEX_POINT('',#8603);
#3620=VERTEX_POINT('',#8607);
#3621=VERTEX_POINT('',#8611);
#3622=VERTEX_POINT('',#8615);
#3623=VERTEX_POINT('',#8619);
#3624=VERTEX_POINT('',#8621);
#3625=VERTEX_POINT('',#8626);
#3626=VERTEX_POINT('',#8627);
#3627=VERTEX_POINT('',#8631);
#3628=VERTEX_POINT('',#8635);
#3629=VERTEX_POINT('',#8639);
#3630=VERTEX_POINT('',#8643);
#3631=VERTEX_POINT('',#8645);
#3632=VERTEX_POINT('',#8647);
#3633=VERTEX_POINT('',#8649);
#3634=VERTEX_POINT('',#8651);
#3635=VERTEX_POINT('',#8653);
#3636=VERTEX_POINT('',#8655);
#3637=VERTEX_POINT('',#8657);
#3638=VERTEX_POINT('',#8661);
#3639=VERTEX_POINT('',#8665);
#3640=VERTEX_POINT('',#8669);
#3641=VERTEX_POINT('',#8671);
#3642=VERTEX_POINT('',#8676);
#3643=VERTEX_POINT('',#8677);
#3644=VERTEX_POINT('',#8681);
#3645=VERTEX_POINT('',#8685);
#3646=VERTEX_POINT('',#8689);
#3647=VERTEX_POINT('',#8691);
#3648=VERTEX_POINT('',#8695);
#3649=VERTEX_POINT('',#8697);
#3650=VERTEX_POINT('',#8699);
#3651=VERTEX_POINT('',#8701);
#3652=VERTEX_POINT('',#8705);
#3653=VERTEX_POINT('',#8709);
#3654=VERTEX_POINT('',#8713);
#3655=VERTEX_POINT('',#8717);
#3656=VERTEX_POINT('',#8719);
#3657=VERTEX_POINT('',#8724);
#3658=VERTEX_POINT('',#8725);
#3659=VERTEX_POINT('',#8727);
#3660=VERTEX_POINT('',#8731);
#3661=VERTEX_POINT('',#8735);
#3662=VERTEX_POINT('',#8739);
#3663=VERTEX_POINT('',#8743);
#3664=VERTEX_POINT('',#8747);
#3665=VERTEX_POINT('',#8749);
#3666=VERTEX_POINT('',#8751);
#3667=VERTEX_POINT('',#8755);
#3668=VERTEX_POINT('',#8759);
#3669=VERTEX_POINT('',#8763);
#3670=VERTEX_POINT('',#8765);
#3671=VERTEX_POINT('',#8767);
#3672=VERTEX_POINT('',#8769);
#3673=VERTEX_POINT('',#8773);
#3674=VERTEX_POINT('',#8777);
#3675=VERTEX_POINT('',#8779);
#3676=VERTEX_POINT('',#8782);
#3677=VERTEX_POINT('',#8783);
#3678=VERTEX_POINT('',#8785);
#3679=VERTEX_POINT('',#8789);
#3680=VERTEX_POINT('',#8793);
#3681=VERTEX_POINT('',#8797);
#3682=VERTEX_POINT('',#8801);
#3683=VERTEX_POINT('',#8805);
#3684=VERTEX_POINT('',#8807);
#3685=VERTEX_POINT('',#8809);
#3686=VERTEX_POINT('',#8813);
#3687=VERTEX_POINT('',#8817);
#3688=VERTEX_POINT('',#8821);
#3689=VERTEX_POINT('',#8823);
#3690=VERTEX_POINT('',#8825);
#3691=VERTEX_POINT('',#8827);
#3692=VERTEX_POINT('',#8831);
#3693=VERTEX_POINT('',#8835);
#3694=VERTEX_POINT('',#8837);
#3695=VERTEX_POINT('',#8840);
#3696=VERTEX_POINT('',#8841);
#3697=VERTEX_POINT('',#8843);
#3698=VERTEX_POINT('',#8847);
#3699=VERTEX_POINT('',#8851);
#3700=VERTEX_POINT('',#8855);
#3701=VERTEX_POINT('',#8859);
#3702=VERTEX_POINT('',#8863);
#3703=VERTEX_POINT('',#8865);
#3704=VERTEX_POINT('',#8867);
#3705=VERTEX_POINT('',#8871);
#3706=VERTEX_POINT('',#8875);
#3707=VERTEX_POINT('',#8879);
#3708=VERTEX_POINT('',#8881);
#3709=VERTEX_POINT('',#8883);
#3710=VERTEX_POINT('',#8885);
#3711=VERTEX_POINT('',#8889);
#3712=VERTEX_POINT('',#8893);
#3713=VERTEX_POINT('',#8895);
#3714=VERTEX_POINT('',#8898);
#3715=VERTEX_POINT('',#8899);
#3716=VERTEX_POINT('',#8901);
#3717=VERTEX_POINT('',#8903);
#3718=VERTEX_POINT('',#8905);
#3719=VERTEX_POINT('',#8907);
#3720=VERTEX_POINT('',#8909);
#3721=VERTEX_POINT('',#8911);
#3722=VERTEX_POINT('',#8913);
#3723=VERTEX_POINT('',#8915);
#3724=VERTEX_POINT('',#8917);
#3725=VERTEX_POINT('',#8919);
#3726=VERTEX_POINT('',#8923);
#3727=VERTEX_POINT('',#8924);
#3728=VERTEX_POINT('',#8926);
#3729=VERTEX_POINT('',#8928);
#3730=VERTEX_POINT('',#8932);
#3731=VERTEX_POINT('',#8933);
#3732=VERTEX_POINT('',#8935);
#3733=VERTEX_POINT('',#8937);
#3734=VERTEX_POINT('',#8941);
#3735=VERTEX_POINT('',#8942);
#3736=VERTEX_POINT('',#8944);
#3737=VERTEX_POINT('',#8946);
#3738=VERTEX_POINT('',#8950);
#3739=VERTEX_POINT('',#8951);
#3740=VERTEX_POINT('',#8953);
#3741=VERTEX_POINT('',#8955);
#3742=VERTEX_POINT('',#8959);
#3743=VERTEX_POINT('',#8960);
#3744=VERTEX_POINT('',#8962);
#3745=VERTEX_POINT('',#8964);
#3746=VERTEX_POINT('',#8968);
#3747=VERTEX_POINT('',#8969);
#3748=VERTEX_POINT('',#8971);
#3749=VERTEX_POINT('',#8973);
#3750=VERTEX_POINT('',#8977);
#3751=VERTEX_POINT('',#8978);
#3752=VERTEX_POINT('',#8980);
#3753=VERTEX_POINT('',#8982);
#3754=VERTEX_POINT('',#8989);
#3755=VERTEX_POINT('',#9054);
#3756=VERTEX_POINT('',#9058);
#3757=VERTEX_POINT('',#9069);
#3758=VERTEX_POINT('',#9075);
#3759=VERTEX_POINT('',#9086);
#3760=VERTEX_POINT('',#9099);
#3761=VERTEX_POINT('',#9112);
#3762=VERTEX_POINT('',#9125);
#3763=VERTEX_POINT('',#9131);
#3764=VERTEX_POINT('',#9135);
#3765=VERTEX_POINT('',#9139);
#3766=VERTEX_POINT('',#9150);
#3767=VERTEX_POINT('',#9156);
#3768=VERTEX_POINT('',#9167);
#3769=VERTEX_POINT('',#9180);
#3770=VERTEX_POINT('',#9205);
#3771=VERTEX_POINT('',#9209);
#3772=VERTEX_POINT('',#9213);
#3773=VERTEX_POINT('',#9217);
#3774=VERTEX_POINT('',#9221);
#3775=VERTEX_POINT('',#9225);
#3776=VERTEX_POINT('',#9229);
#3777=VERTEX_POINT('',#9233);
#3778=VERTEX_POINT('',#9237);
#3779=VERTEX_POINT('',#9241);
#3780=VERTEX_POINT('',#9245);
#3781=VERTEX_POINT('',#9249);
#3782=VERTEX_POINT('',#9253);
#3783=VERTEX_POINT('',#9257);
#3784=VERTEX_POINT('',#9261);
#3785=VERTEX_POINT('',#9275);
#3786=VERTEX_POINT('',#9279);
#3787=VERTEX_POINT('',#9290);
#3788=VERTEX_POINT('',#9296);
#3789=VERTEX_POINT('',#9307);
#3790=VERTEX_POINT('',#9320);
#3791=VERTEX_POINT('',#9333);
#3792=VERTEX_POINT('',#9346);
#3793=VERTEX_POINT('',#9359);
#3794=VERTEX_POINT('',#9372);
#3795=VERTEX_POINT('',#9385);
#3796=VERTEX_POINT('',#9391);
#3797=VERTEX_POINT('',#9402);
#3798=VERTEX_POINT('',#9415);
#3799=VERTEX_POINT('',#9428);
#3800=VERTEX_POINT('',#9446);
#3801=VERTEX_POINT('',#9448);
#3802=VERTEX_POINT('',#9452);
#3803=VERTEX_POINT('',#9456);
#3804=VERTEX_POINT('',#9463);
#3805=VERTEX_POINT('',#9465);
#3806=VERTEX_POINT('',#9469);
#3807=VERTEX_POINT('',#9473);
#3808=VERTEX_POINT('',#9484);
#3809=VERTEX_POINT('',#9497);
#3810=VERTEX_POINT('',#9510);
#3811=VERTEX_POINT('',#9516);
#3812=VERTEX_POINT('',#9520);
#3813=VERTEX_POINT('',#9524);
#3814=VERTEX_POINT('',#9528);
#3815=VERTEX_POINT('',#9532);
#3816=VERTEX_POINT('',#9536);
#3817=VERTEX_POINT('',#9540);
#3818=VERTEX_POINT('',#9551);
#3819=VERTEX_POINT('',#9564);
#3820=VERTEX_POINT('',#9577);
#3821=VERTEX_POINT('',#9595);
#3822=VERTEX_POINT('',#9597);
#3823=VERTEX_POINT('',#9601);
#3824=VERTEX_POINT('',#9605);
#3825=VERTEX_POINT('',#9609);
#3826=VERTEX_POINT('',#9613);
#3827=VERTEX_POINT('',#9617);
#3828=VERTEX_POINT('',#9621);
#3829=VERTEX_POINT('',#9625);
#3830=VERTEX_POINT('',#9629);
#3831=VERTEX_POINT('',#9633);
#3832=VERTEX_POINT('',#9637);
#3833=VERTEX_POINT('',#9651);
#3834=VERTEX_POINT('',#9655);
#3835=VERTEX_POINT('',#9666);
#3836=VERTEX_POINT('',#9672);
#3837=VERTEX_POINT('',#9683);
#3838=VERTEX_POINT('',#9696);
#3839=VERTEX_POINT('',#9709);
#3840=VERTEX_POINT('',#9722);
#3841=VERTEX_POINT('',#9728);
#3842=VERTEX_POINT('',#9732);
#3843=VERTEX_POINT('',#9736);
#3844=VERTEX_POINT('',#9747);
#3845=VERTEX_POINT('',#9753);
#3846=VERTEX_POINT('',#9764);
#3847=VERTEX_POINT('',#9777);
#3848=VERTEX_POINT('',#9802);
#3849=VERTEX_POINT('',#9806);
#3850=VERTEX_POINT('',#9810);
#3851=VERTEX_POINT('',#9814);
#3852=VERTEX_POINT('',#9818);
#3853=VERTEX_POINT('',#9822);
#3854=VERTEX_POINT('',#9826);
#3855=VERTEX_POINT('',#9830);
#3856=VERTEX_POINT('',#9834);
#3857=VERTEX_POINT('',#9838);
#3858=VERTEX_POINT('',#9842);
#3859=VERTEX_POINT('',#9846);
#3860=VERTEX_POINT('',#9850);
#3861=VERTEX_POINT('',#9854);
#3862=VERTEX_POINT('',#9858);
#3863=VERTEX_POINT('',#9874);
#3864=VERTEX_POINT('',#9875);
#3865=VERTEX_POINT('',#9877);
#3866=VERTEX_POINT('',#9881);
#3867=VERTEX_POINT('',#9894);
#3868=VERTEX_POINT('',#9896);
#3869=VERTEX_POINT('',#9911);
#3870=VERTEX_POINT('',#9913);
#3871=VERTEX_POINT('',#9928);
#3872=VERTEX_POINT('',#9930);
#3873=VERTEX_POINT('',#9945);
#3874=VERTEX_POINT('',#9947);
#3875=VERTEX_POINT('',#9953);
#3876=VERTEX_POINT('',#9955);
#3877=VERTEX_POINT('',#9959);
#3878=VERTEX_POINT('',#9961);
#3879=VERTEX_POINT('',#9965);
#3880=VERTEX_POINT('',#9967);
#3881=VERTEX_POINT('',#9971);
#3882=VERTEX_POINT('',#9975);
#3883=VERTEX_POINT('',#9986);
#3884=VERTEX_POINT('',#9999);
#3885=VERTEX_POINT('',#10005);
#3886=VERTEX_POINT('',#10009);
#3887=VERTEX_POINT('',#10013);
#3888=VERTEX_POINT('',#10024);
#3889=VERTEX_POINT('',#10037);
#3890=VERTEX_POINT('',#10050);
#3891=VERTEX_POINT('',#10056);
#3892=VERTEX_POINT('',#10060);
#3893=VERTEX_POINT('',#10071);
#3894=VERTEX_POINT('',#10084);
#3895=VERTEX_POINT('',#10097);
#3896=VERTEX_POINT('',#10110);
#3897=VERTEX_POINT('',#10123);
#3898=VERTEX_POINT('',#10155);
#3899=VERTEX_POINT('',#10156);
#3900=VERTEX_POINT('',#10158);
#3901=VERTEX_POINT('',#10162);
#3902=VERTEX_POINT('',#10175);
#3903=VERTEX_POINT('',#10177);
#3904=VERTEX_POINT('',#10192);
#3905=VERTEX_POINT('',#10194);
#3906=VERTEX_POINT('',#10209);
#3907=VERTEX_POINT('',#10211);
#3908=VERTEX_POINT('',#10226);
#3909=VERTEX_POINT('',#10228);
#3910=VERTEX_POINT('',#10243);
#3911=VERTEX_POINT('',#10245);
#3912=VERTEX_POINT('',#10260);
#3913=VERTEX_POINT('',#10262);
#3914=VERTEX_POINT('',#10275);
#3915=VERTEX_POINT('',#10279);
#3916=VERTEX_POINT('',#10290);
#3917=VERTEX_POINT('',#10296);
#3918=VERTEX_POINT('',#10300);
#3919=VERTEX_POINT('',#10304);
#3920=VERTEX_POINT('',#10308);
#3921=VERTEX_POINT('',#10312);
#3922=VERTEX_POINT('',#10316);
#3923=VERTEX_POINT('',#10320);
#3924=VERTEX_POINT('',#10324);
#3925=VERTEX_POINT('',#10328);
#3926=VERTEX_POINT('',#10339);
#3927=VERTEX_POINT('',#10352);
#3928=VERTEX_POINT('',#10365);
#3929=VERTEX_POINT('',#10406);
#3930=VERTEX_POINT('',#10407);
#3931=VERTEX_POINT('',#10409);
#3932=VERTEX_POINT('',#10413);
#3933=VERTEX_POINT('',#10426);
#3934=VERTEX_POINT('',#10428);
#3935=VERTEX_POINT('',#10443);
#3936=VERTEX_POINT('',#10445);
#3937=VERTEX_POINT('',#10460);
#3938=VERTEX_POINT('',#10462);
#3939=VERTEX_POINT('',#10477);
#3940=VERTEX_POINT('',#10479);
#3941=VERTEX_POINT('',#10485);
#3942=VERTEX_POINT('',#10487);
#3943=VERTEX_POINT('',#10491);
#3944=VERTEX_POINT('',#10493);
#3945=VERTEX_POINT('',#10497);
#3946=VERTEX_POINT('',#10499);
#3947=VERTEX_POINT('',#10503);
#3948=VERTEX_POINT('',#10507);
#3949=VERTEX_POINT('',#10518);
#3950=VERTEX_POINT('',#10531);
#3951=VERTEX_POINT('',#10537);
#3952=VERTEX_POINT('',#10541);
#3953=VERTEX_POINT('',#10545);
#3954=VERTEX_POINT('',#10556);
#3955=VERTEX_POINT('',#10569);
#3956=VERTEX_POINT('',#10582);
#3957=VERTEX_POINT('',#10588);
#3958=VERTEX_POINT('',#10592);
#3959=VERTEX_POINT('',#10603);
#3960=VERTEX_POINT('',#10616);
#3961=VERTEX_POINT('',#10629);
#3962=VERTEX_POINT('',#10642);
#3963=VERTEX_POINT('',#10655);
#3964=VERTEX_POINT('',#10678);
#3965=VERTEX_POINT('',#10679);
#3966=VERTEX_POINT('',#10681);
#3967=VERTEX_POINT('',#10683);
#3968=VERTEX_POINT('',#10687);
#3969=VERTEX_POINT('',#10689);
#3970=VERTEX_POINT('',#10693);
#3971=VERTEX_POINT('',#10695);
#3972=VERTEX_POINT('',#10708);
#3973=VERTEX_POINT('',#10710);
#3974=VERTEX_POINT('',#10725);
#3975=VERTEX_POINT('',#10727);
#3976=VERTEX_POINT('',#10742);
#3977=VERTEX_POINT('',#10744);
#3978=VERTEX_POINT('',#10757);
#3979=VERTEX_POINT('',#10761);
#3980=VERTEX_POINT('',#10772);
#3981=VERTEX_POINT('',#10778);
#3982=VERTEX_POINT('',#10782);
#3983=VERTEX_POINT('',#10786);
#3984=VERTEX_POINT('',#10790);
#3985=VERTEX_POINT('',#10794);
#3986=VERTEX_POINT('',#10833);
#3987=VERTEX_POINT('',#10834);
#3988=VERTEX_POINT('',#10836);
#3989=VERTEX_POINT('',#10840);
#3990=VERTEX_POINT('',#10853);
#3991=VERTEX_POINT('',#10855);
#3992=VERTEX_POINT('',#10870);
#3993=VERTEX_POINT('',#10872);
#3994=VERTEX_POINT('',#10887);
#3995=VERTEX_POINT('',#10889);
#3996=VERTEX_POINT('',#10904);
#3997=VERTEX_POINT('',#10906);
#3998=VERTEX_POINT('',#10912);
#3999=VERTEX_POINT('',#10914);
#4000=VERTEX_POINT('',#10918);
#4001=VERTEX_POINT('',#10920);
#4002=VERTEX_POINT('',#10924);
#4003=VERTEX_POINT('',#10926);
#4004=VERTEX_POINT('',#10930);
#4005=VERTEX_POINT('',#10934);
#4006=VERTEX_POINT('',#10945);
#4007=VERTEX_POINT('',#10958);
#4008=VERTEX_POINT('',#10964);
#4009=VERTEX_POINT('',#10968);
#4010=VERTEX_POINT('',#10972);
#4011=VERTEX_POINT('',#10983);
#4012=VERTEX_POINT('',#10996);
#4013=VERTEX_POINT('',#11009);
#4014=VERTEX_POINT('',#11015);
#4015=VERTEX_POINT('',#11019);
#4016=VERTEX_POINT('',#11030);
#4017=VERTEX_POINT('',#11043);
#4018=VERTEX_POINT('',#11056);
#4019=VERTEX_POINT('',#11069);
#4020=VERTEX_POINT('',#11082);
#4021=VERTEX_POINT('',#11114);
#4022=VERTEX_POINT('',#11115);
#4023=VERTEX_POINT('',#11117);
#4024=VERTEX_POINT('',#11121);
#4025=VERTEX_POINT('',#11134);
#4026=VERTEX_POINT('',#11136);
#4027=VERTEX_POINT('',#11151);
#4028=VERTEX_POINT('',#11153);
#4029=VERTEX_POINT('',#11168);
#4030=VERTEX_POINT('',#11170);
#4031=VERTEX_POINT('',#11185);
#4032=VERTEX_POINT('',#11187);
#4033=VERTEX_POINT('',#11202);
#4034=VERTEX_POINT('',#11204);
#4035=VERTEX_POINT('',#11219);
#4036=VERTEX_POINT('',#11221);
#4037=VERTEX_POINT('',#11227);
#4038=VERTEX_POINT('',#11229);
#4039=VERTEX_POINT('',#11233);
#4040=VERTEX_POINT('',#11235);
#4041=VERTEX_POINT('',#11239);
#4042=VERTEX_POINT('',#11243);
#4043=VERTEX_POINT('',#11247);
#4044=VERTEX_POINT('',#11251);
#4045=VERTEX_POINT('',#11255);
#4046=VERTEX_POINT('',#11259);
#4047=VERTEX_POINT('',#11263);
#4048=VERTEX_POINT('',#11267);
#4049=VERTEX_POINT('',#11278);
#4050=VERTEX_POINT('',#11291);
#4051=VERTEX_POINT('',#11304);
#4052=VERTEX_POINT('',#11317);
#4053=VERTEX_POINT('',#11330);
#4054=VERTEX_POINT('',#11362);
#4055=VERTEX_POINT('',#11364);
#4056=VERTEX_POINT('',#11368);
#4057=VERTEX_POINT('',#11372);
#4058=VERTEX_POINT('',#11376);
#4059=VERTEX_POINT('',#11380);
#4060=VERTEX_POINT('',#11384);
#4061=VERTEX_POINT('',#11388);
#4062=VERTEX_POINT('',#11392);
#4063=VERTEX_POINT('',#11396);
#4064=VERTEX_POINT('',#11400);
#4065=VERTEX_POINT('',#11404);
#4066=VERTEX_POINT('',#11417);
#4067=VERTEX_POINT('',#11418);
#4068=VERTEX_POINT('',#11420);
#4069=VERTEX_POINT('',#11422);
#4070=VERTEX_POINT('',#11424);
#4071=VERTEX_POINT('',#11428);
#4072=VERTEX_POINT('',#11429);
#4073=VERTEX_POINT('',#11431);
#4074=VERTEX_POINT('',#11433);
#4075=VERTEX_POINT('',#11435);
#4076=VERTEX_POINT('',#11439);
#4077=VERTEX_POINT('',#11440);
#4078=VERTEX_POINT('',#11442);
#4079=VERTEX_POINT('',#11444);
#4080=VERTEX_POINT('',#11461);
#4081=VERTEX_POINT('',#11463);
#4082=VERTEX_POINT('',#11467);
#4083=VERTEX_POINT('',#11469);
#4084=LINE('',#8221,#4668);
#4085=LINE('',#8224,#4669);
#4086=LINE('',#8226,#4670);
#4087=LINE('',#8228,#4671);
#4088=LINE('',#8230,#4672);
#4089=LINE('',#8232,#4673);
#4090=LINE('',#8236,#4674);
#4091=LINE('',#8240,#4675);
#4092=LINE('',#8244,#4676);
#4093=LINE('',#8248,#4677);
#4094=LINE('',#8250,#4678);
#4095=LINE('',#8252,#4679);
#4096=LINE('',#8254,#4680);
#4097=LINE('',#8257,#4681);
#4098=LINE('',#8259,#4682);
#4099=LINE('',#8263,#4683);
#4100=LINE('',#8267,#4684);
#4101=LINE('',#8269,#4685);
#4102=LINE('',#8271,#4686);
#4103=LINE('',#8273,#4687);
#4104=LINE('',#8275,#4688);
#4105=LINE('',#8278,#4689);
#4106=LINE('',#8280,#4690);
#4107=LINE('',#8282,#4691);
#4108=LINE('',#8284,#4692);
#4109=LINE('',#8287,#4693);
#4110=LINE('',#8289,#4694);
#4111=LINE('',#8291,#4695);
#4112=LINE('',#8293,#4696);
#4113=LINE('',#8295,#4697);
#4114=LINE('',#8297,#4698);
#4115=LINE('',#8299,#4699);
#4116=LINE('',#8309,#4700);
#4117=LINE('',#8336,#4701);
#4118=LINE('',#8338,#4702);
#4119=LINE('',#8340,#4703);
#4120=LINE('',#8342,#4704);
#4121=LINE('',#8344,#4705);
#4122=LINE('',#8346,#4706);
#4123=LINE('',#8348,#4707);
#4124=LINE('',#8350,#4708);
#4125=LINE('',#8360,#4709);
#4126=LINE('',#8362,#4710);
#4127=LINE('',#8364,#4711);
#4128=LINE('',#8366,#4712);
#4129=LINE('',#8368,#4713);
#4130=LINE('',#8396,#4714);
#4131=LINE('',#8398,#4715);
#4132=LINE('',#8400,#4716);
#4133=LINE('',#8402,#4717);
#4134=LINE('',#8404,#4718);
#4135=LINE('',#8406,#4719);
#4136=LINE('',#8410,#4720);
#4137=LINE('',#8420,#4721);
#4138=LINE('',#8422,#4722);
#4139=LINE('',#8424,#4723);
#4140=LINE('',#8426,#4724);
#4141=LINE('',#8428,#4725);
#4142=LINE('',#8430,#4726);
#4143=LINE('',#8432,#4727);
#4144=LINE('',#8434,#4728);
#4145=LINE('',#8436,#4729);
#4146=LINE('',#8438,#4730);
#4147=LINE('',#8440,#4731);
#4148=LINE('',#8442,#4732);
#4149=LINE('',#8446,#4733);
#4150=LINE('',#8447,#4734);
#4151=LINE('',#8450,#4735);
#4152=LINE('',#8452,#4736);
#4153=LINE('',#8454,#4737);
#4154=LINE('',#8456,#4738);
#4155=LINE('',#8458,#4739);
#4156=LINE('',#8460,#4740);
#4157=LINE('',#8462,#4741);
#4158=LINE('',#8464,#4742);
#4159=LINE('',#8466,#4743);
#4160=LINE('',#8468,#4744);
#4161=LINE('',#8470,#4745);
#4162=LINE('',#8471,#4746);
#4163=LINE('',#8474,#4747);
#4164=LINE('',#8476,#4748);
#4165=LINE('',#8478,#4749);
#4166=LINE('',#8484,#4750);
#4167=LINE('',#8486,#4751);
#4168=LINE('',#8488,#4752);
#4169=LINE('',#8490,#4753);
#4170=LINE('',#8492,#4754);
#4171=LINE('',#8494,#4755);
#4172=LINE('',#8496,#4756);
#4173=LINE('',#8498,#4757);
#4174=LINE('',#8500,#4758);
#4175=LINE('',#8502,#4759);
#4176=LINE('',#8504,#4760);
#4177=LINE('',#8506,#4761);
#4178=LINE('',#8510,#4762);
#4179=LINE('',#8511,#4763);
#4180=LINE('',#8514,#4764);
#4181=LINE('',#8516,#4765);
#4182=LINE('',#8518,#4766);
#4183=LINE('',#8542,#4767);
#4184=LINE('',#8564,#4768);
#4185=LINE('',#8590,#4769);
#4186=LINE('',#8620,#4770);
#4187=LINE('',#8625,#4771);
#4188=LINE('',#8644,#4772);
#4189=LINE('',#8646,#4773);
#4190=LINE('',#8648,#4774);
#4191=LINE('',#8650,#4775);
#4192=LINE('',#8652,#4776);
#4193=LINE('',#8654,#4777);
#4194=LINE('',#8670,#4778);
#4195=LINE('',#8672,#4779);
#4196=LINE('',#8696,#4780);
#4197=LINE('',#8718,#4781);
#4198=LINE('',#8723,#4782);
#4199=LINE('',#8726,#4783);
#4200=LINE('',#8748,#4784);
#4201=LINE('',#8750,#4785);
#4202=LINE('',#8764,#4786);
#4203=LINE('',#8778,#4787);
#4204=LINE('',#8780,#4788);
#4205=LINE('',#8781,#4789);
#4206=LINE('',#8784,#4790);
#4207=LINE('',#8806,#4791);
#4208=LINE('',#8808,#4792);
#4209=LINE('',#8822,#4793);
#4210=LINE('',#8836,#4794);
#4211=LINE('',#8838,#4795);
#4212=LINE('',#8839,#4796);
#4213=LINE('',#8842,#4797);
#4214=LINE('',#8864,#4798);
#4215=LINE('',#8866,#4799);
#4216=LINE('',#8880,#4800);
#4217=LINE('',#8894,#4801);
#4218=LINE('',#8896,#4802);
#4219=LINE('',#8897,#4803);
#4220=LINE('',#8900,#4804);
#4221=LINE('',#8902,#4805);
#4222=LINE('',#8904,#4806);
#4223=LINE('',#8906,#4807);
#4224=LINE('',#8908,#4808);
#4225=LINE('',#8910,#4809);
#4226=LINE('',#8912,#4810);
#4227=LINE('',#8914,#4811);
#4228=LINE('',#8916,#4812);
#4229=LINE('',#8918,#4813);
#4230=LINE('',#8920,#4814);
#4231=LINE('',#8922,#4815);
#4232=LINE('',#8925,#4816);
#4233=LINE('',#8927,#4817);
#4234=LINE('',#8929,#4818);
#4235=LINE('',#8931,#4819);
#4236=LINE('',#8934,#4820);
#4237=LINE('',#8936,#4821);
#4238=LINE('',#8938,#4822);
#4239=LINE('',#8940,#4823);
#4240=LINE('',#8943,#4824);
#4241=LINE('',#8945,#4825);
#4242=LINE('',#8947,#4826);
#4243=LINE('',#8949,#4827);
#4244=LINE('',#8952,#4828);
#4245=LINE('',#8954,#4829);
#4246=LINE('',#8956,#4830);
#4247=LINE('',#8958,#4831);
#4248=LINE('',#8961,#4832);
#4249=LINE('',#8963,#4833);
#4250=LINE('',#8965,#4834);
#4251=LINE('',#8967,#4835);
#4252=LINE('',#8970,#4836);
#4253=LINE('',#8972,#4837);
#4254=LINE('',#8974,#4838);
#4255=LINE('',#8976,#4839);
#4256=LINE('',#8979,#4840);
#4257=LINE('',#8981,#4841);
#4258=LINE('',#8983,#4842);
#4259=LINE('',#9053,#4843);
#4260=LINE('',#9059,#4844);
#4261=LINE('',#9068,#4845);
#4262=LINE('',#9074,#4846);
#4263=LINE('',#9076,#4847);
#4264=LINE('',#9085,#4848);
#4265=LINE('',#9098,#4849);
#4266=LINE('',#9111,#4850);
#4267=LINE('',#9124,#4851);
#4268=LINE('',#9130,#4852);
#4269=LINE('',#9134,#4853);
#4270=LINE('',#9138,#4854);
#4271=LINE('',#9140,#4855);
#4272=LINE('',#9149,#4856);
#4273=LINE('',#9155,#4857);
#4274=LINE('',#9166,#4858);
#4275=LINE('',#9179,#4859);
#4276=LINE('',#9204,#4860);
#4277=LINE('',#9210,#4861);
#4278=LINE('',#9212,#4862);
#4279=LINE('',#9214,#4863);
#4280=LINE('',#9216,#4864);
#4281=LINE('',#9220,#4865);
#4282=LINE('',#9222,#4866);
#4283=LINE('',#9224,#4867);
#4284=LINE('',#9226,#4868);
#4285=LINE('',#9228,#4869);
#4286=LINE('',#9230,#4870);
#4287=LINE('',#9232,#4871);
#4288=LINE('',#9234,#4872);
#4289=LINE('',#9236,#4873);
#4290=LINE('',#9238,#4874);
#4291=LINE('',#9240,#4875);
#4292=LINE('',#9242,#4876);
#4293=LINE('',#9244,#4877);
#4294=LINE('',#9246,#4878);
#4295=LINE('',#9248,#4879);
#4296=LINE('',#9250,#4880);
#4297=LINE('',#9252,#4881);
#4298=LINE('',#9254,#4882);
#4299=LINE('',#9256,#4883);
#4300=LINE('',#9258,#4884);
#4301=LINE('',#9260,#4885);
#4302=LINE('',#9262,#4886);
#4303=LINE('',#9264,#4887);
#4304=LINE('',#9274,#4888);
#4305=LINE('',#9280,#4889);
#4306=LINE('',#9289,#4890);
#4307=LINE('',#9295,#4891);
#4308=LINE('',#9297,#4892);
#4309=LINE('',#9306,#4893);
#4310=LINE('',#9319,#4894);
#4311=LINE('',#9332,#4895);
#4312=LINE('',#9345,#4896);
#4313=LINE('',#9358,#4897);
#4314=LINE('',#9371,#4898);
#4315=LINE('',#9384,#4899);
#4316=LINE('',#9390,#4900);
#4317=LINE('',#9392,#4901);
#4318=LINE('',#9401,#4902);
#4319=LINE('',#9414,#4903);
#4320=LINE('',#9427,#4904);
#4321=LINE('',#9445,#4905);
#4322=LINE('',#9447,#4906);
#4323=LINE('',#9449,#4907);
#4324=LINE('',#9451,#4908);
#4325=LINE('',#9453,#4909);
#4326=LINE('',#9455,#4910);
#4327=LINE('',#9457,#4911);
#4328=LINE('',#9459,#4912);
#4329=LINE('',#9462,#4913);
#4330=LINE('',#9464,#4914);
#4331=LINE('',#9466,#4915);
#4332=LINE('',#9468,#4916);
#4333=LINE('',#9470,#4917);
#4334=LINE('',#9472,#4918);
#4335=LINE('',#9474,#4919);
#4336=LINE('',#9483,#4920);
#4337=LINE('',#9496,#4921);
#4338=LINE('',#9509,#4922);
#4339=LINE('',#9515,#4923);
#4340=LINE('',#9519,#4924);
#4341=LINE('',#9521,#4925);
#4342=LINE('',#9523,#4926);
#4343=LINE('',#9525,#4927);
#4344=LINE('',#9527,#4928);
#4345=LINE('',#9529,#4929);
#4346=LINE('',#9531,#4930);
#4347=LINE('',#9533,#4931);
#4348=LINE('',#9535,#4932);
#4349=LINE('',#9537,#4933);
#4350=LINE('',#9539,#4934);
#4351=LINE('',#9541,#4935);
#4352=LINE('',#9550,#4936);
#4353=LINE('',#9563,#4937);
#4354=LINE('',#9576,#4938);
#4355=LINE('',#9594,#4939);
#4356=LINE('',#9596,#4940);
#4357=LINE('',#9598,#4941);
#4358=LINE('',#9600,#4942);
#4359=LINE('',#9602,#4943);
#4360=LINE('',#9604,#4944);
#4361=LINE('',#9606,#4945);
#4362=LINE('',#9608,#4946);
#4363=LINE('',#9610,#4947);
#4364=LINE('',#9612,#4948);
#4365=LINE('',#9614,#4949);
#4366=LINE('',#9616,#4950);
#4367=LINE('',#9618,#4951);
#4368=LINE('',#9620,#4952);
#4369=LINE('',#9622,#4953);
#4370=LINE('',#9624,#4954);
#4371=LINE('',#9626,#4955);
#4372=LINE('',#9628,#4956);
#4373=LINE('',#9630,#4957);
#4374=LINE('',#9632,#4958);
#4375=LINE('',#9634,#4959);
#4376=LINE('',#9636,#4960);
#4377=LINE('',#9638,#4961);
#4378=LINE('',#9640,#4962);
#4379=LINE('',#9650,#4963);
#4380=LINE('',#9656,#4964);
#4381=LINE('',#9665,#4965);
#4382=LINE('',#9671,#4966);
#4383=LINE('',#9673,#4967);
#4384=LINE('',#9682,#4968);
#4385=LINE('',#9695,#4969);
#4386=LINE('',#9708,#4970);
#4387=LINE('',#9721,#4971);
#4388=LINE('',#9727,#4972);
#4389=LINE('',#9731,#4973);
#4390=LINE('',#9735,#4974);
#4391=LINE('',#9737,#4975);
#4392=LINE('',#9746,#4976);
#4393=LINE('',#9752,#4977);
#4394=LINE('',#9763,#4978);
#4395=LINE('',#9776,#4979);
#4396=LINE('',#9801,#4980);
#4397=LINE('',#9807,#4981);
#4398=LINE('',#9809,#4982);
#4399=LINE('',#9811,#4983);
#4400=LINE('',#9813,#4984);
#4401=LINE('',#9817,#4985);
#4402=LINE('',#9819,#4986);
#4403=LINE('',#9821,#4987);
#4404=LINE('',#9823,#4988);
#4405=LINE('',#9825,#4989);
#4406=LINE('',#9827,#4990);
#4407=LINE('',#9829,#4991);
#4408=LINE('',#9831,#4992);
#4409=LINE('',#9833,#4993);
#4410=LINE('',#9835,#4994);
#4411=LINE('',#9837,#4995);
#4412=LINE('',#9839,#4996);
#4413=LINE('',#9841,#4997);
#4414=LINE('',#9843,#4998);
#4415=LINE('',#9845,#4999);
#4416=LINE('',#9847,#5000);
#4417=LINE('',#9849,#5001);
#4418=LINE('',#9851,#5002);
#4419=LINE('',#9853,#5003);
#4420=LINE('',#9855,#5004);
#4421=LINE('',#9857,#5005);
#4422=LINE('',#9859,#5006);
#4423=LINE('',#9861,#5007);
#4424=LINE('',#9876,#5008);
#4425=LINE('',#9882,#5009);
#4426=LINE('',#9895,#5010);
#4427=LINE('',#9912,#5011);
#4428=LINE('',#9929,#5012);
#4429=LINE('',#9946,#5013);
#4430=LINE('',#9952,#5014);
#4431=LINE('',#9954,#5015);
#4432=LINE('',#9956,#5016);
#4433=LINE('',#9958,#5017);
#4434=LINE('',#9960,#5018);
#4435=LINE('',#9962,#5019);
#4436=LINE('',#9964,#5020);
#4437=LINE('',#9966,#5021);
#4438=LINE('',#9968,#5022);
#4439=LINE('',#9970,#5023);
#4440=LINE('',#9972,#5024);
#4441=LINE('',#9974,#5025);
#4442=LINE('',#9976,#5026);
#4443=LINE('',#9985,#5027);
#4444=LINE('',#9998,#5028);
#4445=LINE('',#10004,#5029);
#4446=LINE('',#10008,#5030);
#4447=LINE('',#10012,#5031);
#4448=LINE('',#10014,#5032);
#4449=LINE('',#10023,#5033);
#4450=LINE('',#10036,#5034);
#4451=LINE('',#10049,#5035);
#4452=LINE('',#10055,#5036);
#4453=LINE('',#10057,#5037);
#4454=LINE('',#10059,#5038);
#4455=LINE('',#10061,#5039);
#4456=LINE('',#10070,#5040);
#4457=LINE('',#10083,#5041);
#4458=LINE('',#10096,#5042);
#4459=LINE('',#10109,#5043);
#4460=LINE('',#10122,#5044);
#4461=LINE('',#10128,#5045);
#4462=LINE('',#10157,#5046);
#4463=LINE('',#10163,#5047);
#4464=LINE('',#10176,#5048);
#4465=LINE('',#10193,#5049);
#4466=LINE('',#10210,#5050);
#4467=LINE('',#10227,#5051);
#4468=LINE('',#10244,#5052);
#4469=LINE('',#10261,#5053);
#4470=LINE('',#10274,#5054);
#4471=LINE('',#10280,#5055);
#4472=LINE('',#10289,#5056);
#4473=LINE('',#10295,#5057);
#4474=LINE('',#10297,#5058);
#4475=LINE('',#10299,#5059);
#4476=LINE('',#10303,#5060);
#4477=LINE('',#10305,#5061);
#4478=LINE('',#10307,#5062);
#4479=LINE('',#10309,#5063);
#4480=LINE('',#10311,#5064);
#4481=LINE('',#10313,#5065);
#4482=LINE('',#10315,#5066);
#4483=LINE('',#10317,#5067);
#4484=LINE('',#10319,#5068);
#4485=LINE('',#10321,#5069);
#4486=LINE('',#10323,#5070);
#4487=LINE('',#10325,#5071);
#4488=LINE('',#10327,#5072);
#4489=LINE('',#10338,#5073);
#4490=LINE('',#10351,#5074);
#4491=LINE('',#10364,#5075);
#4492=LINE('',#10408,#5076);
#4493=LINE('',#10414,#5077);
#4494=LINE('',#10427,#5078);
#4495=LINE('',#10444,#5079);
#4496=LINE('',#10461,#5080);
#4497=LINE('',#10478,#5081);
#4498=LINE('',#10484,#5082);
#4499=LINE('',#10486,#5083);
#4500=LINE('',#10488,#5084);
#4501=LINE('',#10490,#5085);
#4502=LINE('',#10492,#5086);
#4503=LINE('',#10494,#5087);
#4504=LINE('',#10496,#5088);
#4505=LINE('',#10498,#5089);
#4506=LINE('',#10500,#5090);
#4507=LINE('',#10502,#5091);
#4508=LINE('',#10504,#5092);
#4509=LINE('',#10506,#5093);
#4510=LINE('',#10508,#5094);
#4511=LINE('',#10517,#5095);
#4512=LINE('',#10530,#5096);
#4513=LINE('',#10536,#5097);
#4514=LINE('',#10540,#5098);
#4515=LINE('',#10544,#5099);
#4516=LINE('',#10546,#5100);
#4517=LINE('',#10555,#5101);
#4518=LINE('',#10568,#5102);
#4519=LINE('',#10581,#5103);
#4520=LINE('',#10587,#5104);
#4521=LINE('',#10589,#5105);
#4522=LINE('',#10591,#5106);
#4523=LINE('',#10593,#5107);
#4524=LINE('',#10602,#5108);
#4525=LINE('',#10615,#5109);
#4526=LINE('',#10628,#5110);
#4527=LINE('',#10641,#5111);
#4528=LINE('',#10654,#5112);
#4529=LINE('',#10660,#5113);
#4530=LINE('',#10677,#5114);
#4531=LINE('',#10680,#5115);
#4532=LINE('',#10682,#5116);
#4533=LINE('',#10684,#5117);
#4534=LINE('',#10686,#5118);
#4535=LINE('',#10688,#5119);
#4536=LINE('',#10690,#5120);
#4537=LINE('',#10692,#5121);
#4538=LINE('',#10694,#5122);
#4539=LINE('',#10696,#5123);
#4540=LINE('',#10709,#5124);
#4541=LINE('',#10726,#5125);
#4542=LINE('',#10743,#5126);
#4543=LINE('',#10756,#5127);
#4544=LINE('',#10762,#5128);
#4545=LINE('',#10771,#5129);
#4546=LINE('',#10777,#5130);
#4547=LINE('',#10779,#5131);
#4548=LINE('',#10781,#5132);
#4549=LINE('',#10783,#5133);
#4550=LINE('',#10785,#5134);
#4551=LINE('',#10787,#5135);
#4552=LINE('',#10789,#5136);
#4553=LINE('',#10791,#5137);
#4554=LINE('',#10793,#5138);
#4555=LINE('',#10795,#5139);
#4556=LINE('',#10835,#5140);
#4557=LINE('',#10841,#5141);
#4558=LINE('',#10854,#5142);
#4559=LINE('',#10871,#5143);
#4560=LINE('',#10888,#5144);
#4561=LINE('',#10905,#5145);
#4562=LINE('',#10911,#5146);
#4563=LINE('',#10913,#5147);
#4564=LINE('',#10915,#5148);
#4565=LINE('',#10917,#5149);
#4566=LINE('',#10919,#5150);
#4567=LINE('',#10921,#5151);
#4568=LINE('',#10923,#5152);
#4569=LINE('',#10925,#5153);
#4570=LINE('',#10927,#5154);
#4571=LINE('',#10929,#5155);
#4572=LINE('',#10931,#5156);
#4573=LINE('',#10933,#5157);
#4574=LINE('',#10935,#5158);
#4575=LINE('',#10944,#5159);
#4576=LINE('',#10957,#5160);
#4577=LINE('',#10963,#5161);
#4578=LINE('',#10967,#5162);
#4579=LINE('',#10971,#5163);
#4580=LINE('',#10973,#5164);
#4581=LINE('',#10982,#5165);
#4582=LINE('',#10995,#5166);
#4583=LINE('',#11008,#5167);
#4584=LINE('',#11014,#5168);
#4585=LINE('',#11016,#5169);
#4586=LINE('',#11018,#5170);
#4587=LINE('',#11020,#5171);
#4588=LINE('',#11029,#5172);
#4589=LINE('',#11042,#5173);
#4590=LINE('',#11055,#5174);
#4591=LINE('',#11068,#5175);
#4592=LINE('',#11081,#5176);
#4593=LINE('',#11087,#5177);
#4594=LINE('',#11116,#5178);
#4595=LINE('',#11122,#5179);
#4596=LINE('',#11135,#5180);
#4597=LINE('',#11152,#5181);
#4598=LINE('',#11169,#5182);
#4599=LINE('',#11186,#5183);
#4600=LINE('',#11203,#5184);
#4601=LINE('',#11220,#5185);
#4602=LINE('',#11226,#5186);
#4603=LINE('',#11228,#5187);
#4604=LINE('',#11230,#5188);
#4605=LINE('',#11232,#5189);
#4606=LINE('',#11234,#5190);
#4607=LINE('',#11236,#5191);
#4608=LINE('',#11238,#5192);
#4609=LINE('',#11240,#5193);
#4610=LINE('',#11242,#5194);
#4611=LINE('',#11244,#5195);
#4612=LINE('',#11246,#5196);
#4613=LINE('',#11248,#5197);
#4614=LINE('',#11250,#5198);
#4615=LINE('',#11252,#5199);
#4616=LINE('',#11254,#5200);
#4617=LINE('',#11256,#5201);
#4618=LINE('',#11258,#5202);
#4619=LINE('',#11260,#5203);
#4620=LINE('',#11262,#5204);
#4621=LINE('',#11264,#5205);
#4622=LINE('',#11266,#5206);
#4623=LINE('',#11268,#5207);
#4624=LINE('',#11277,#5208);
#4625=LINE('',#11290,#5209);
#4626=LINE('',#11303,#5210);
#4627=LINE('',#11316,#5211);
#4628=LINE('',#11329,#5212);
#4629=LINE('',#11361,#5213);
#4630=LINE('',#11363,#5214);
#4631=LINE('',#11365,#5215);
#4632=LINE('',#11367,#5216);
#4633=LINE('',#11369,#5217);
#4634=LINE('',#11371,#5218);
#4635=LINE('',#11373,#5219);
#4636=LINE('',#11375,#5220);
#4637=LINE('',#11377,#5221);
#4638=LINE('',#11379,#5222);
#4639=LINE('',#11381,#5223);
#4640=LINE('',#11383,#5224);
#4641=LINE('',#11385,#5225);
#4642=LINE('',#11387,#5226);
#4643=LINE('',#11389,#5227);
#4644=LINE('',#11391,#5228);
#4645=LINE('',#11393,#5229);
#4646=LINE('',#11395,#5230);
#4647=LINE('',#11397,#5231);
#4648=LINE('',#11399,#5232);
#4649=LINE('',#11401,#5233);
#4650=LINE('',#11403,#5234);
#4651=LINE('',#11405,#5235);
#4652=LINE('',#11407,#5236);
#4653=LINE('',#11416,#5237);
#4654=LINE('',#11419,#5238);
#4655=LINE('',#11421,#5239);
#4656=LINE('',#11423,#5240);
#4657=LINE('',#11427,#5241);
#4658=LINE('',#11430,#5242);
#4659=LINE('',#11432,#5243);
#4660=LINE('',#11434,#5244);
#4661=LINE('',#11438,#5245);
#4662=LINE('',#11441,#5246);
#4663=LINE('',#11443,#5247);
#4664=LINE('',#11445,#5248);
#4665=LINE('',#11462,#5249);
#4666=LINE('',#11468,#5250);
#4667=LINE('',#11476,#5251);
#4668=VECTOR('',#6921,1.);
#4669=VECTOR('',#6922,1.);
#4670=VECTOR('',#6923,1.);
#4671=VECTOR('',#6924,1.);
#4672=VECTOR('',#6925,1.);
#4673=VECTOR('',#6926,1.);
#4674=VECTOR('',#6929,1.);
#4675=VECTOR('',#6932,1.);
#4676=VECTOR('',#6935,1.);
#4677=VECTOR('',#6938,1.);
#4678=VECTOR('',#6939,1.);
#4679=VECTOR('',#6940,1.);
#4680=VECTOR('',#6943,1.);
#4681=VECTOR('',#6944,1.);
#4682=VECTOR('',#6945,1.);
#4683=VECTOR('',#6948,1.);
#4684=VECTOR('',#6951,1.);
#4685=VECTOR('',#6952,1.);
#4686=VECTOR('',#6953,1.);
#4687=VECTOR('',#6954,1.);
#4688=VECTOR('',#6957,1.);
#4689=VECTOR('',#6958,1.);
#4690=VECTOR('',#6959,1.);
#4691=VECTOR('',#6960,1.);
#4692=VECTOR('',#6963,1.);
#4693=VECTOR('',#6964,1.);
#4694=VECTOR('',#6965,1.);
#4695=VECTOR('',#6966,1.);
#4696=VECTOR('',#6967,1.);
#4697=VECTOR('',#6968,1.);
#4698=VECTOR('',#6969,1.);
#4699=VECTOR('',#6970,1.);
#4700=VECTOR('',#6979,1.);
#4701=VECTOR('',#6980,1.);
#4702=VECTOR('',#6981,1.);
#4703=VECTOR('',#6982,1.);
#4704=VECTOR('',#6983,1.);
#4705=VECTOR('',#6984,1.);
#4706=VECTOR('',#6985,1.);
#4707=VECTOR('',#6986,1.);
#4708=VECTOR('',#6987,1.);
#4709=VECTOR('',#6988,1.);
#4710=VECTOR('',#6989,1.);
#4711=VECTOR('',#6990,1.);
#4712=VECTOR('',#6991,1.);
#4713=VECTOR('',#6992,1.);
#4714=VECTOR('',#6995,1.);
#4715=VECTOR('',#6996,1.);
#4716=VECTOR('',#6997,1.);
#4717=VECTOR('',#6998,1.);
#4718=VECTOR('',#6999,1.);
#4719=VECTOR('',#7000,1.);
#4720=VECTOR('',#7003,1.);
#4721=VECTOR('',#7004,1.);
#4722=VECTOR('',#7005,1.);
#4723=VECTOR('',#7006,1.);
#4724=VECTOR('',#7007,1.);
#4725=VECTOR('',#7008,1.);
#4726=VECTOR('',#7009,1.);
#4727=VECTOR('',#7010,1.);
#4728=VECTOR('',#7011,1.);
#4729=VECTOR('',#7012,1.);
#4730=VECTOR('',#7013,1.);
#4731=VECTOR('',#7014,1.);
#4732=VECTOR('',#7015,1.);
#4733=VECTOR('',#7018,1.);
#4734=VECTOR('',#7019,1.);
#4735=VECTOR('',#7020,1.);
#4736=VECTOR('',#7021,1.);
#4737=VECTOR('',#7022,1.);
#4738=VECTOR('',#7023,1.);
#4739=VECTOR('',#7024,1.);
#4740=VECTOR('',#7025,1.);
#4741=VECTOR('',#7026,1.);
#4742=VECTOR('',#7027,1.);
#4743=VECTOR('',#7028,1.);
#4744=VECTOR('',#7029,1.);
#4745=VECTOR('',#7030,1.);
#4746=VECTOR('',#7031,1.);
#4747=VECTOR('',#7032,1.);
#4748=VECTOR('',#7033,1.);
#4749=VECTOR('',#7034,1.);
#4750=VECTOR('',#7035,1.);
#4751=VECTOR('',#7036,1.);
#4752=VECTOR('',#7037,1.);
#4753=VECTOR('',#7038,1.);
#4754=VECTOR('',#7039,1.);
#4755=VECTOR('',#7040,1.);
#4756=VECTOR('',#7041,1.);
#4757=VECTOR('',#7042,1.);
#4758=VECTOR('',#7043,1.);
#4759=VECTOR('',#7044,1.);
#4760=VECTOR('',#7045,1.);
#4761=VECTOR('',#7046,1.);
#4762=VECTOR('',#7049,1.);
#4763=VECTOR('',#7050,1.);
#4764=VECTOR('',#7051,1.);
#4765=VECTOR('',#7052,1.);
#4766=VECTOR('',#7053,1.);
#4767=VECTOR('',#7056,1.);
#4768=VECTOR('',#7061,1.);
#4769=VECTOR('',#7062,1.);
#4770=VECTOR('',#7063,1.);
#4771=VECTOR('',#7064,1.);
#4772=VECTOR('',#7065,1.);
#4773=VECTOR('',#7066,1.);
#4774=VECTOR('',#7067,1.);
#4775=VECTOR('',#7068,1.);
#4776=VECTOR('',#7069,1.);
#4777=VECTOR('',#7070,1.);
#4778=VECTOR('',#7073,1.);
#4779=VECTOR('',#7074,1.);
#4780=VECTOR('',#7077,1.);
#4781=VECTOR('',#7082,1.);
#4782=VECTOR('',#7083,1.);
#4783=VECTOR('',#7084,1.);
#4784=VECTOR('',#7085,1.);
#4785=VECTOR('',#7086,1.);
#4786=VECTOR('',#7087,1.);
#4787=VECTOR('',#7092,1.);
#4788=VECTOR('',#7093,1.);
#4789=VECTOR('',#7094,1.);
#4790=VECTOR('',#7095,1.);
#4791=VECTOR('',#7096,1.);
#4792=VECTOR('',#7097,1.);
#4793=VECTOR('',#7098,1.);
#4794=VECTOR('',#7103,1.);
#4795=VECTOR('',#7104,1.);
#4796=VECTOR('',#7105,1.);
#4797=VECTOR('',#7106,1.);
#4798=VECTOR('',#7107,1.);
#4799=VECTOR('',#7108,1.);
#4800=VECTOR('',#7109,1.);
#4801=VECTOR('',#7114,1.);
#4802=VECTOR('',#7115,1.);
#4803=VECTOR('',#7116,1.);
#4804=VECTOR('',#7117,1.);
#4805=VECTOR('',#7118,1.);
#4806=VECTOR('',#7119,1.);
#4807=VECTOR('',#7120,1.);
#4808=VECTOR('',#7121,1.);
#4809=VECTOR('',#7122,1.);
#4810=VECTOR('',#7123,1.);
#4811=VECTOR('',#7124,1.);
#4812=VECTOR('',#7125,1.);
#4813=VECTOR('',#7126,1.);
#4814=VECTOR('',#7127,1.);
#4815=VECTOR('',#7130,1.);
#4816=VECTOR('',#7131,1.);
#4817=VECTOR('',#7132,1.);
#4818=VECTOR('',#7133,1.);
#4819=VECTOR('',#7136,1.);
#4820=VECTOR('',#7137,1.);
#4821=VECTOR('',#7138,1.);
#4822=VECTOR('',#7139,1.);
#4823=VECTOR('',#7142,1.);
#4824=VECTOR('',#7143,1.);
#4825=VECTOR('',#7144,1.);
#4826=VECTOR('',#7145,1.);
#4827=VECTOR('',#7148,1.);
#4828=VECTOR('',#7149,1.);
#4829=VECTOR('',#7150,1.);
#4830=VECTOR('',#7151,1.);
#4831=VECTOR('',#7154,1.);
#4832=VECTOR('',#7155,1.);
#4833=VECTOR('',#7156,1.);
#4834=VECTOR('',#7157,1.);
#4835=VECTOR('',#7160,1.);
#4836=VECTOR('',#7161,1.);
#4837=VECTOR('',#7162,1.);
#4838=VECTOR('',#7163,1.);
#4839=VECTOR('',#7166,1.);
#4840=VECTOR('',#7167,1.);
#4841=VECTOR('',#7168,1.);
#4842=VECTOR('',#7169,1.);
#4843=VECTOR('',#7282,1.);
#4844=VECTOR('',#7283,1.);
#4845=VECTOR('',#7284,1.);
#4846=VECTOR('',#7287,1.);
#4847=VECTOR('',#7288,1.);
#4848=VECTOR('',#7289,1.);
#4849=VECTOR('',#7290,1.);
#4850=VECTOR('',#7291,1.);
#4851=VECTOR('',#7292,1.);
#4852=VECTOR('',#7295,1.);
#4853=VECTOR('',#7300,1.);
#4854=VECTOR('',#7305,1.);
#4855=VECTOR('',#7306,1.);
#4856=VECTOR('',#7307,1.);
#4857=VECTOR('',#7310,1.);
#4858=VECTOR('',#7313,1.);
#4859=VECTOR('',#7314,1.);
#4860=VECTOR('',#7317,1.);
#4861=VECTOR('',#7318,1.);
#4862=VECTOR('',#7321,1.);
#4863=VECTOR('',#7322,1.);
#4864=VECTOR('',#7325,1.);
#4865=VECTOR('',#7330,1.);
#4866=VECTOR('',#7331,1.);
#4867=VECTOR('',#7334,1.);
#4868=VECTOR('',#7335,1.);
#4869=VECTOR('',#7338,1.);
#4870=VECTOR('',#7339,1.);
#4871=VECTOR('',#7342,1.);
#4872=VECTOR('',#7343,1.);
#4873=VECTOR('',#7346,1.);
#4874=VECTOR('',#7347,1.);
#4875=VECTOR('',#7350,1.);
#4876=VECTOR('',#7351,1.);
#4877=VECTOR('',#7354,1.);
#4878=VECTOR('',#7355,1.);
#4879=VECTOR('',#7358,1.);
#4880=VECTOR('',#7359,1.);
#4881=VECTOR('',#7362,1.);
#4882=VECTOR('',#7363,1.);
#4883=VECTOR('',#7366,1.);
#4884=VECTOR('',#7367,1.);
#4885=VECTOR('',#7370,1.);
#4886=VECTOR('',#7371,1.);
#4887=VECTOR('',#7374,1.);
#4888=VECTOR('',#7377,1.);
#4889=VECTOR('',#7378,1.);
#4890=VECTOR('',#7379,1.);
#4891=VECTOR('',#7382,1.);
#4892=VECTOR('',#7383,1.);
#4893=VECTOR('',#7384,1.);
#4894=VECTOR('',#7385,1.);
#4895=VECTOR('',#7386,1.);
#4896=VECTOR('',#7387,1.);
#4897=VECTOR('',#7388,1.);
#4898=VECTOR('',#7389,1.);
#4899=VECTOR('',#7390,1.);
#4900=VECTOR('',#7393,1.);
#4901=VECTOR('',#7394,1.);
#4902=VECTOR('',#7395,1.);
#4903=VECTOR('',#7396,1.);
#4904=VECTOR('',#7397,1.);
#4905=VECTOR('',#7402,1.);
#4906=VECTOR('',#7403,1.);
#4907=VECTOR('',#7404,1.);
#4908=VECTOR('',#7407,1.);
#4909=VECTOR('',#7408,1.);
#4910=VECTOR('',#7411,1.);
#4911=VECTOR('',#7412,1.);
#4912=VECTOR('',#7415,1.);
#4913=VECTOR('',#7420,1.);
#4914=VECTOR('',#7421,1.);
#4915=VECTOR('',#7422,1.);
#4916=VECTOR('',#7425,1.);
#4917=VECTOR('',#7426,1.);
#4918=VECTOR('',#7429,1.);
#4919=VECTOR('',#7430,1.);
#4920=VECTOR('',#7431,1.);
#4921=VECTOR('',#7432,1.);
#4922=VECTOR('',#7433,1.);
#4923=VECTOR('',#7436,1.);
#4924=VECTOR('',#7441,1.);
#4925=VECTOR('',#7442,1.);
#4926=VECTOR('',#7445,1.);
#4927=VECTOR('',#7446,1.);
#4928=VECTOR('',#7449,1.);
#4929=VECTOR('',#7450,1.);
#4930=VECTOR('',#7453,1.);
#4931=VECTOR('',#7454,1.);
#4932=VECTOR('',#7457,1.);
#4933=VECTOR('',#7458,1.);
#4934=VECTOR('',#7461,1.);
#4935=VECTOR('',#7462,1.);
#4936=VECTOR('',#7463,1.);
#4937=VECTOR('',#7464,1.);
#4938=VECTOR('',#7465,1.);
#4939=VECTOR('',#7470,1.);
#4940=VECTOR('',#7471,1.);
#4941=VECTOR('',#7472,1.);
#4942=VECTOR('',#7475,1.);
#4943=VECTOR('',#7476,1.);
#4944=VECTOR('',#7479,1.);
#4945=VECTOR('',#7480,1.);
#4946=VECTOR('',#7483,1.);
#4947=VECTOR('',#7484,1.);
#4948=VECTOR('',#7487,1.);
#4949=VECTOR('',#7488,1.);
#4950=VECTOR('',#7491,1.);
#4951=VECTOR('',#7492,1.);
#4952=VECTOR('',#7495,1.);
#4953=VECTOR('',#7496,1.);
#4954=VECTOR('',#7499,1.);
#4955=VECTOR('',#7500,1.);
#4956=VECTOR('',#7503,1.);
#4957=VECTOR('',#7504,1.);
#4958=VECTOR('',#7507,1.);
#4959=VECTOR('',#7508,1.);
#4960=VECTOR('',#7511,1.);
#4961=VECTOR('',#7512,1.);
#4962=VECTOR('',#7515,1.);
#4963=VECTOR('',#7518,1.);
#4964=VECTOR('',#7519,1.);
#4965=VECTOR('',#7520,1.);
#4966=VECTOR('',#7523,1.);
#4967=VECTOR('',#7524,1.);
#4968=VECTOR('',#7525,1.);
#4969=VECTOR('',#7526,1.);
#4970=VECTOR('',#7527,1.);
#4971=VECTOR('',#7528,1.);
#4972=VECTOR('',#7531,1.);
#4973=VECTOR('',#7536,1.);
#4974=VECTOR('',#7541,1.);
#4975=VECTOR('',#7542,1.);
#4976=VECTOR('',#7543,1.);
#4977=VECTOR('',#7546,1.);
#4978=VECTOR('',#7549,1.);
#4979=VECTOR('',#7550,1.);
#4980=VECTOR('',#7553,1.);
#4981=VECTOR('',#7554,1.);
#4982=VECTOR('',#7557,1.);
#4983=VECTOR('',#7558,1.);
#4984=VECTOR('',#7561,1.);
#4985=VECTOR('',#7566,1.);
#4986=VECTOR('',#7567,1.);
#4987=VECTOR('',#7570,1.);
#4988=VECTOR('',#7571,1.);
#4989=VECTOR('',#7574,1.);
#4990=VECTOR('',#7575,1.);
#4991=VECTOR('',#7578,1.);
#4992=VECTOR('',#7579,1.);
#4993=VECTOR('',#7582,1.);
#4994=VECTOR('',#7583,1.);
#4995=VECTOR('',#7586,1.);
#4996=VECTOR('',#7587,1.);
#4997=VECTOR('',#7590,1.);
#4998=VECTOR('',#7591,1.);
#4999=VECTOR('',#7594,1.);
#5000=VECTOR('',#7595,1.);
#5001=VECTOR('',#7598,1.);
#5002=VECTOR('',#7599,1.);
#5003=VECTOR('',#7602,1.);
#5004=VECTOR('',#7603,1.);
#5005=VECTOR('',#7606,1.);
#5006=VECTOR('',#7607,1.);
#5007=VECTOR('',#7610,1.);
#5008=VECTOR('',#7613,1.);
#5009=VECTOR('',#7614,1.);
#5010=VECTOR('',#7615,1.);
#5011=VECTOR('',#7616,1.);
#5012=VECTOR('',#7617,1.);
#5013=VECTOR('',#7618,1.);
#5014=VECTOR('',#7621,1.);
#5015=VECTOR('',#7622,1.);
#5016=VECTOR('',#7623,1.);
#5017=VECTOR('',#7626,1.);
#5018=VECTOR('',#7627,1.);
#5019=VECTOR('',#7628,1.);
#5020=VECTOR('',#7631,1.);
#5021=VECTOR('',#7632,1.);
#5022=VECTOR('',#7633,1.);
#5023=VECTOR('',#7636,1.);
#5024=VECTOR('',#7637,1.);
#5025=VECTOR('',#7640,1.);
#5026=VECTOR('',#7641,1.);
#5027=VECTOR('',#7642,1.);
#5028=VECTOR('',#7643,1.);
#5029=VECTOR('',#7646,1.);
#5030=VECTOR('',#7651,1.);
#5031=VECTOR('',#7656,1.);
#5032=VECTOR('',#7657,1.);
#5033=VECTOR('',#7658,1.);
#5034=VECTOR('',#7659,1.);
#5035=VECTOR('',#7660,1.);
#5036=VECTOR('',#7663,1.);
#5037=VECTOR('',#7664,1.);
#5038=VECTOR('',#7667,1.);
#5039=VECTOR('',#7668,1.);
#5040=VECTOR('',#7669,1.);
#5041=VECTOR('',#7670,1.);
#5042=VECTOR('',#7671,1.);
#5043=VECTOR('',#7672,1.);
#5044=VECTOR('',#7673,1.);
#5045=VECTOR('',#7676,1.);
#5046=VECTOR('',#7679,1.);
#5047=VECTOR('',#7680,1.);
#5048=VECTOR('',#7681,1.);
#5049=VECTOR('',#7682,1.);
#5050=VECTOR('',#7683,1.);
#5051=VECTOR('',#7684,1.);
#5052=VECTOR('',#7685,1.);
#5053=VECTOR('',#7686,1.);
#5054=VECTOR('',#7687,1.);
#5055=VECTOR('',#7688,1.);
#5056=VECTOR('',#7689,1.);
#5057=VECTOR('',#7692,1.);
#5058=VECTOR('',#7693,1.);
#5059=VECTOR('',#7696,1.);
#5060=VECTOR('',#7701,1.);
#5061=VECTOR('',#7702,1.);
#5062=VECTOR('',#7705,1.);
#5063=VECTOR('',#7706,1.);
#5064=VECTOR('',#7709,1.);
#5065=VECTOR('',#7710,1.);
#5066=VECTOR('',#7713,1.);
#5067=VECTOR('',#7714,1.);
#5068=VECTOR('',#7717,1.);
#5069=VECTOR('',#7718,1.);
#5070=VECTOR('',#7721,1.);
#5071=VECTOR('',#7722,1.);
#5072=VECTOR('',#7725,1.);
#5073=VECTOR('',#7728,1.);
#5074=VECTOR('',#7729,1.);
#5075=VECTOR('',#7730,1.);
#5076=VECTOR('',#7733,1.);
#5077=VECTOR('',#7734,1.);
#5078=VECTOR('',#7735,1.);
#5079=VECTOR('',#7736,1.);
#5080=VECTOR('',#7737,1.);
#5081=VECTOR('',#7738,1.);
#5082=VECTOR('',#7741,1.);
#5083=VECTOR('',#7742,1.);
#5084=VECTOR('',#7743,1.);
#5085=VECTOR('',#7746,1.);
#5086=VECTOR('',#7747,1.);
#5087=VECTOR('',#7748,1.);
#5088=VECTOR('',#7751,1.);
#5089=VECTOR('',#7752,1.);
#5090=VECTOR('',#7753,1.);
#5091=VECTOR('',#7756,1.);
#5092=VECTOR('',#7757,1.);
#5093=VECTOR('',#7760,1.);
#5094=VECTOR('',#7761,1.);
#5095=VECTOR('',#7762,1.);
#5096=VECTOR('',#7763,1.);
#5097=VECTOR('',#7766,1.);
#5098=VECTOR('',#7771,1.);
#5099=VECTOR('',#7776,1.);
#5100=VECTOR('',#7777,1.);
#5101=VECTOR('',#7778,1.);
#5102=VECTOR('',#7779,1.);
#5103=VECTOR('',#7780,1.);
#5104=VECTOR('',#7783,1.);
#5105=VECTOR('',#7784,1.);
#5106=VECTOR('',#7787,1.);
#5107=VECTOR('',#7788,1.);
#5108=VECTOR('',#7789,1.);
#5109=VECTOR('',#7790,1.);
#5110=VECTOR('',#7791,1.);
#5111=VECTOR('',#7792,1.);
#5112=VECTOR('',#7793,1.);
#5113=VECTOR('',#7796,1.);
#5114=VECTOR('',#7801,1.);
#5115=VECTOR('',#7802,1.);
#5116=VECTOR('',#7803,1.);
#5117=VECTOR('',#7804,1.);
#5118=VECTOR('',#7807,1.);
#5119=VECTOR('',#7808,1.);
#5120=VECTOR('',#7809,1.);
#5121=VECTOR('',#7812,1.);
#5122=VECTOR('',#7813,1.);
#5123=VECTOR('',#7814,1.);
#5124=VECTOR('',#7815,1.);
#5125=VECTOR('',#7816,1.);
#5126=VECTOR('',#7817,1.);
#5127=VECTOR('',#7818,1.);
#5128=VECTOR('',#7819,1.);
#5129=VECTOR('',#7820,1.);
#5130=VECTOR('',#7823,1.);
#5131=VECTOR('',#7824,1.);
#5132=VECTOR('',#7827,1.);
#5133=VECTOR('',#7828,1.);
#5134=VECTOR('',#7831,1.);
#5135=VECTOR('',#7832,1.);
#5136=VECTOR('',#7835,1.);
#5137=VECTOR('',#7836,1.);
#5138=VECTOR('',#7839,1.);
#5139=VECTOR('',#7840,1.);
#5140=VECTOR('',#7843,1.);
#5141=VECTOR('',#7844,1.);
#5142=VECTOR('',#7845,1.);
#5143=VECTOR('',#7846,1.);
#5144=VECTOR('',#7847,1.);
#5145=VECTOR('',#7848,1.);
#5146=VECTOR('',#7851,1.);
#5147=VECTOR('',#7852,1.);
#5148=VECTOR('',#7853,1.);
#5149=VECTOR('',#7856,1.);
#5150=VECTOR('',#7857,1.);
#5151=VECTOR('',#7858,1.);
#5152=VECTOR('',#7861,1.);
#5153=VECTOR('',#7862,1.);
#5154=VECTOR('',#7863,1.);
#5155=VECTOR('',#7866,1.);
#5156=VECTOR('',#7867,1.);
#5157=VECTOR('',#7870,1.);
#5158=VECTOR('',#7871,1.);
#5159=VECTOR('',#7872,1.);
#5160=VECTOR('',#7873,1.);
#5161=VECTOR('',#7876,1.);
#5162=VECTOR('',#7881,1.);
#5163=VECTOR('',#7886,1.);
#5164=VECTOR('',#7887,1.);
#5165=VECTOR('',#7888,1.);
#5166=VECTOR('',#7889,1.);
#5167=VECTOR('',#7890,1.);
#5168=VECTOR('',#7893,1.);
#5169=VECTOR('',#7894,1.);
#5170=VECTOR('',#7897,1.);
#5171=VECTOR('',#7898,1.);
#5172=VECTOR('',#7899,1.);
#5173=VECTOR('',#7900,1.);
#5174=VECTOR('',#7901,1.);
#5175=VECTOR('',#7902,1.);
#5176=VECTOR('',#7903,1.);
#5177=VECTOR('',#7906,1.);
#5178=VECTOR('',#7909,1.);
#5179=VECTOR('',#7910,1.);
#5180=VECTOR('',#7911,1.);
#5181=VECTOR('',#7912,1.);
#5182=VECTOR('',#7913,1.);
#5183=VECTOR('',#7914,1.);
#5184=VECTOR('',#7915,1.);
#5185=VECTOR('',#7916,1.);
#5186=VECTOR('',#7919,1.);
#5187=VECTOR('',#7920,1.);
#5188=VECTOR('',#7921,1.);
#5189=VECTOR('',#7924,1.);
#5190=VECTOR('',#7925,1.);
#5191=VECTOR('',#7926,1.);
#5192=VECTOR('',#7929,1.);
#5193=VECTOR('',#7930,1.);
#5194=VECTOR('',#7933,1.);
#5195=VECTOR('',#7934,1.);
#5196=VECTOR('',#7937,1.);
#5197=VECTOR('',#7938,1.);
#5198=VECTOR('',#7941,1.);
#5199=VECTOR('',#7942,1.);
#5200=VECTOR('',#7945,1.);
#5201=VECTOR('',#7946,1.);
#5202=VECTOR('',#7949,1.);
#5203=VECTOR('',#7950,1.);
#5204=VECTOR('',#7953,1.);
#5205=VECTOR('',#7954,1.);
#5206=VECTOR('',#7957,1.);
#5207=VECTOR('',#7958,1.);
#5208=VECTOR('',#7959,1.);
#5209=VECTOR('',#7960,1.);
#5210=VECTOR('',#7961,1.);
#5211=VECTOR('',#7962,1.);
#5212=VECTOR('',#7963,1.);
#5213=VECTOR('',#7968,1.);
#5214=VECTOR('',#7969,1.);
#5215=VECTOR('',#7970,1.);
#5216=VECTOR('',#7973,1.);
#5217=VECTOR('',#7974,1.);
#5218=VECTOR('',#7977,1.);
#5219=VECTOR('',#7978,1.);
#5220=VECTOR('',#7981,1.);
#5221=VECTOR('',#7982,1.);
#5222=VECTOR('',#7985,1.);
#5223=VECTOR('',#7986,1.);
#5224=VECTOR('',#7989,1.);
#5225=VECTOR('',#7990,1.);
#5226=VECTOR('',#7993,1.);
#5227=VECTOR('',#7994,1.);
#5228=VECTOR('',#7997,1.);
#5229=VECTOR('',#7998,1.);
#5230=VECTOR('',#8001,1.);
#5231=VECTOR('',#8002,1.);
#5232=VECTOR('',#8005,1.);
#5233=VECTOR('',#8006,1.);
#5234=VECTOR('',#8009,1.);
#5235=VECTOR('',#8010,1.);
#5236=VECTOR('',#8013,1.);
#5237=VECTOR('',#8030,1.);
#5238=VECTOR('',#8031,1.);
#5239=VECTOR('',#8032,1.);
#5240=VECTOR('',#8033,1.);
#5241=VECTOR('',#8038,1.);
#5242=VECTOR('',#8039,1.);
#5243=VECTOR('',#8040,1.);
#5244=VECTOR('',#8041,1.);
#5245=VECTOR('',#8046,1.);
#5246=VECTOR('',#8047,1.);
#5247=VECTOR('',#8048,1.);
#5248=VECTOR('',#8049,1.);
#5249=VECTOR('',#8070,1.);
#5250=VECTOR('',#8077,1.);
#5251=VECTOR('',#8080,1.);
#5252=EDGE_LOOP('',(#594,#595,#596,#597,#598,#599,#600,#601,#602,#603,#604,
#605,#606,#607,#608,#609));
#5253=EDGE_LOOP('',(#610,#611,#612,#613,#614,#615,#616,#617,#618,#619));
#5254=EDGE_LOOP('',(#620,#621,#622,#623));
#5255=EDGE_LOOP('',(#624,#625,#626,#627,#628,#629,#630,#631));
#5256=EDGE_LOOP('',(#632,#633,#634,#635,#636));
#5257=EDGE_LOOP('',(#637,#638,#639,#640,#641,#642,#643,#644,#645,#646,#647,
#648,#649,#650,#651));
#5258=EDGE_LOOP('',(#652,#653,#654,#655,#656,#657,#658,#659));
#5259=EDGE_LOOP('',(#660,#661,#662,#663,#664,#665,#666,#667,#668,#669,#670,
#671,#672,#673,#674));
#5260=EDGE_LOOP('',(#675,#676,#677,#678,#679,#680,#681,#682,#683,#684,#685,
#686,#687,#688,#689));
#5261=EDGE_LOOP('',(#690,#691,#692,#693,#694,#695,#696,#697,#698,#699,#700,
#701));
#5262=EDGE_LOOP('',(#702,#703,#704,#705));
#5263=EDGE_LOOP('',(#706,#707,#708,#709,#710,#711,#712,#713,#714,#715,#716,
#717,#718,#719,#720));
#5264=EDGE_LOOP('',(#721,#722,#723,#724));
#5265=EDGE_LOOP('',(#725,#726,#727,#728,#729,#730,#731,#732,#733,#734,#735,
#736,#737,#738,#739));
#5266=EDGE_LOOP('',(#740,#741,#742,#743,#744,#745,#746,#747,#748,#749,#750,
#751,#752,#753,#754));
#5267=EDGE_LOOP('',(#755,#756,#757,#758,#759,#760,#761,#762,#763,#764,#765,
#766,#767,#768,#769,#770,#771));
#5268=EDGE_LOOP('',(#772,#773,#774,#775,#776,#777,#778,#779,#780,#781,#782,
#783,#784,#785,#786));
#5269=EDGE_LOOP('',(#787,#788,#789,#790,#791,#792,#793,#794,#795,#796,#797,
#798,#799,#800,#801,#802,#803,#804,#805));
#5270=EDGE_LOOP('',(#806,#807,#808,#809,#810,#811,#812,#813,#814,#815,#816,
#817,#818,#819,#820,#821,#822,#823,#824));
#5271=EDGE_LOOP('',(#825,#826,#827,#828,#829,#830,#831,#832,#833,#834,#835,
#836,#837,#838,#839,#840,#841,#842,#843));
#5272=EDGE_LOOP('',(#844,#845,#846,#847,#848,#849,#850,#851,#852,#853,#854,
#855));
#5273=EDGE_LOOP('',(#856,#857,#858,#859));
#5274=EDGE_LOOP('',(#860,#861,#862,#863));
#5275=EDGE_LOOP('',(#864,#865,#866,#867));
#5276=EDGE_LOOP('',(#868,#869,#870,#871));
#5277=EDGE_LOOP('',(#872,#873,#874,#875));
#5278=EDGE_LOOP('',(#876,#877,#878,#879));
#5279=EDGE_LOOP('',(#880,#881,#882,#883));
#5280=EDGE_LOOP('',(#884,#885,#886,#887));
#5281=EDGE_LOOP('',(#888,#889,#890,#891,#892));
#5282=EDGE_LOOP('',(#893,#894,#895,#896));
#5283=EDGE_LOOP('',(#897,#898,#899,#900));
#5284=EDGE_LOOP('',(#901,#902,#903,#904));
#5285=EDGE_LOOP('',(#905,#906,#907,#908));
#5286=EDGE_LOOP('',(#909,#910,#911,#912));
#5287=EDGE_LOOP('',(#913,#914,#915,#916));
#5288=EDGE_LOOP('',(#917,#918,#919,#920));
#5289=EDGE_LOOP('',(#921,#922,#923));
#5290=EDGE_LOOP('',(#924,#925,#926,#927));
#5291=EDGE_LOOP('',(#928,#929,#930));
#5292=EDGE_LOOP('',(#931,#932,#933,#934));
#5293=EDGE_LOOP('',(#935,#936,#937));
#5294=EDGE_LOOP('',(#938,#939,#940,#941));
#5295=EDGE_LOOP('',(#942,#943,#944));
#5296=EDGE_LOOP('',(#945,#946,#947,#948));
#5297=EDGE_LOOP('',(#949,#950,#951));
#5298=EDGE_LOOP('',(#952,#953,#954));
#5299=EDGE_LOOP('',(#955,#956,#957,#958));
#5300=EDGE_LOOP('',(#959,#960,#961,#962));
#5301=EDGE_LOOP('',(#963,#964,#965));
#5302=EDGE_LOOP('',(#966,#967,#968));
#5303=EDGE_LOOP('',(#969,#970,#971,#972));
#5304=EDGE_LOOP('',(#973,#974,#975,#976));
#5305=EDGE_LOOP('',(#977,#978,#979,#980));
#5306=EDGE_LOOP('',(#981,#982,#983,#984));
#5307=EDGE_LOOP('',(#985,#986,#987,#988));
#5308=EDGE_LOOP('',(#989,#990,#991,#992));
#5309=EDGE_LOOP('',(#993,#994,#995,#996));
#5310=EDGE_LOOP('',(#997,#998,#999,#1000));
#5311=EDGE_LOOP('',(#1001,#1002,#1003,#1004));
#5312=EDGE_LOOP('',(#1005,#1006,#1007,#1008));
#5313=EDGE_LOOP('',(#1009,#1010,#1011,#1012));
#5314=EDGE_LOOP('',(#1013,#1014,#1015,#1016));
#5315=EDGE_LOOP('',(#1017,#1018,#1019,#1020));
#5316=EDGE_LOOP('',(#1021,#1022,#1023,#1024));
#5317=EDGE_LOOP('',(#1025,#1026,#1027,#1028));
#5318=EDGE_LOOP('',(#1029,#1030,#1031,#1032));
#5319=EDGE_LOOP('',(#1033,#1034,#1035,#1036,#1037,#1038,#1039,#1040,#1041,
#1042,#1043,#1044,#1045,#1046,#1047));
#5320=EDGE_LOOP('',(#1048,#1049,#1050,#1051));
#5321=EDGE_LOOP('',(#1052,#1053,#1054,#1055));
#5322=EDGE_LOOP('',(#1056,#1057,#1058,#1059));
#5323=EDGE_LOOP('',(#1060,#1061,#1062,#1063));
#5324=EDGE_LOOP('',(#1064,#1065,#1066,#1067));
#5325=EDGE_LOOP('',(#1068,#1069,#1070,#1071));
#5326=EDGE_LOOP('',(#1072,#1073,#1074,#1075));
#5327=EDGE_LOOP('',(#1076,#1077,#1078,#1079));
#5328=EDGE_LOOP('',(#1080,#1081,#1082,#1083));
#5329=EDGE_LOOP('',(#1084,#1085,#1086,#1087));
#5330=EDGE_LOOP('',(#1088,#1089,#1090,#1091));
#5331=EDGE_LOOP('',(#1092,#1093,#1094,#1095));
#5332=EDGE_LOOP('',(#1096,#1097,#1098,#1099));
#5333=EDGE_LOOP('',(#1100,#1101,#1102,#1103));
#5334=EDGE_LOOP('',(#1104,#1105,#1106,#1107));
#5335=EDGE_LOOP('',(#1108,#1109,#1110,#1111,#1112,#1113,#1114,#1115,#1116,
#1117,#1118,#1119,#1120,#1121,#1122));
#5336=EDGE_LOOP('',(#1123,#1124,#1125,#1126));
#5337=EDGE_LOOP('',(#1127,#1128,#1129,#1130));
#5338=EDGE_LOOP('',(#1131,#1132,#1133,#1134));
#5339=EDGE_LOOP('',(#1135,#1136,#1137,#1138));
#5340=EDGE_LOOP('',(#1139,#1140,#1141,#1142));
#5341=EDGE_LOOP('',(#1143,#1144,#1145,#1146));
#5342=EDGE_LOOP('',(#1147,#1148,#1149,#1150));
#5343=EDGE_LOOP('',(#1151,#1152,#1153,#1154));
#5344=EDGE_LOOP('',(#1155,#1156,#1157,#1158));
#5345=EDGE_LOOP('',(#1159,#1160,#1161,#1162));
#5346=EDGE_LOOP('',(#1163,#1164,#1165,#1166));
#5347=EDGE_LOOP('',(#1167,#1168,#1169,#1170));
#5348=EDGE_LOOP('',(#1171,#1172,#1173,#1174));
#5349=EDGE_LOOP('',(#1175,#1176,#1177,#1178));
#5350=EDGE_LOOP('',(#1179,#1180,#1181,#1182));
#5351=EDGE_LOOP('',(#1183,#1184,#1185,#1186,#1187,#1188,#1189,#1190,#1191,
#1192,#1193,#1194,#1195,#1196,#1197));
#5352=EDGE_LOOP('',(#1198,#1199,#1200,#1201));
#5353=EDGE_LOOP('',(#1202,#1203,#1204,#1205));
#5354=EDGE_LOOP('',(#1206,#1207,#1208,#1209));
#5355=EDGE_LOOP('',(#1210,#1211,#1212,#1213));
#5356=EDGE_LOOP('',(#1214,#1215,#1216,#1217));
#5357=EDGE_LOOP('',(#1218,#1219,#1220,#1221));
#5358=EDGE_LOOP('',(#1222,#1223,#1224,#1225));
#5359=EDGE_LOOP('',(#1226,#1227,#1228,#1229));
#5360=EDGE_LOOP('',(#1230,#1231,#1232,#1233));
#5361=EDGE_LOOP('',(#1234,#1235,#1236,#1237));
#5362=EDGE_LOOP('',(#1238,#1239,#1240,#1241));
#5363=EDGE_LOOP('',(#1242,#1243,#1244,#1245));
#5364=EDGE_LOOP('',(#1246,#1247,#1248,#1249));
#5365=EDGE_LOOP('',(#1250,#1251,#1252,#1253));
#5366=EDGE_LOOP('',(#1254,#1255,#1256,#1257));
#5367=EDGE_LOOP('',(#1258,#1259,#1260,#1261));
#5368=EDGE_LOOP('',(#1262,#1263,#1264,#1265));
#5369=EDGE_LOOP('',(#1266,#1267,#1268,#1269));
#5370=EDGE_LOOP('',(#1270,#1271,#1272,#1273));
#5371=EDGE_LOOP('',(#1274,#1275,#1276,#1277));
#5372=EDGE_LOOP('',(#1278,#1279,#1280,#1281));
#5373=EDGE_LOOP('',(#1282,#1283,#1284,#1285));
#5374=EDGE_LOOP('',(#1286,#1287,#1288,#1289,#1290,#1291,#1292,#1293,#1294,
#1295,#1296,#1297,#1298,#1299,#1300,#1301,#1302));
#5375=EDGE_LOOP('',(#1303,#1304,#1305,#1306));
#5376=EDGE_LOOP('',(#1307,#1308,#1309,#1310));
#5377=EDGE_LOOP('',(#1311,#1312,#1313,#1314));
#5378=EDGE_LOOP('',(#1315,#1316,#1317,#1318));
#5379=EDGE_LOOP('',(#1319,#1320,#1321,#1322));
#5380=EDGE_LOOP('',(#1323,#1324,#1325,#1326));
#5381=EDGE_LOOP('',(#1327,#1328,#1329,#1330));
#5382=EDGE_LOOP('',(#1331,#1332,#1333,#1334));
#5383=EDGE_LOOP('',(#1335,#1336,#1337,#1338));
#5384=EDGE_LOOP('',(#1339,#1340,#1341,#1342));
#5385=EDGE_LOOP('',(#1343,#1344,#1345,#1346));
#5386=EDGE_LOOP('',(#1347,#1348,#1349,#1350));
#5387=EDGE_LOOP('',(#1351,#1352,#1353,#1354,#1355,#1356,#1357,#1358,#1359,
#1360,#1361,#1362));
#5388=EDGE_LOOP('',(#1363,#1364,#1365,#1366));
#5389=EDGE_LOOP('',(#1367,#1368,#1369,#1370));
#5390=EDGE_LOOP('',(#1371,#1372,#1373,#1374));
#5391=EDGE_LOOP('',(#1375,#1376,#1377,#1378));
#5392=EDGE_LOOP('',(#1379,#1380,#1381,#1382));
#5393=EDGE_LOOP('',(#1383,#1384,#1385,#1386));
#5394=EDGE_LOOP('',(#1387,#1388,#1389,#1390));
#5395=EDGE_LOOP('',(#1391,#1392,#1393,#1394));
#5396=EDGE_LOOP('',(#1395,#1396,#1397,#1398));
#5397=EDGE_LOOP('',(#1399,#1400,#1401,#1402));
#5398=EDGE_LOOP('',(#1403,#1404,#1405,#1406));
#5399=EDGE_LOOP('',(#1407,#1408,#1409,#1410));
#5400=EDGE_LOOP('',(#1411,#1412,#1413,#1414));
#5401=EDGE_LOOP('',(#1415,#1416,#1417,#1418));
#5402=EDGE_LOOP('',(#1419,#1420,#1421,#1422));
#5403=EDGE_LOOP('',(#1423,#1424,#1425,#1426,#1427,#1428,#1429,#1430,#1431,
#1432,#1433,#1434,#1435,#1436,#1437));
#5404=EDGE_LOOP('',(#1438,#1439,#1440,#1441));
#5405=EDGE_LOOP('',(#1442,#1443,#1444,#1445));
#5406=EDGE_LOOP('',(#1446,#1447,#1448,#1449));
#5407=EDGE_LOOP('',(#1450,#1451,#1452,#1453));
#5408=EDGE_LOOP('',(#1454,#1455,#1456,#1457));
#5409=EDGE_LOOP('',(#1458,#1459,#1460,#1461));
#5410=EDGE_LOOP('',(#1462,#1463,#1464,#1465));
#5411=EDGE_LOOP('',(#1466,#1467,#1468,#1469));
#5412=EDGE_LOOP('',(#1470,#1471,#1472,#1473));
#5413=EDGE_LOOP('',(#1474,#1475,#1476,#1477));
#5414=EDGE_LOOP('',(#1478,#1479,#1480,#1481));
#5415=EDGE_LOOP('',(#1482,#1483,#1484,#1485));
#5416=EDGE_LOOP('',(#1486,#1487,#1488,#1489));
#5417=EDGE_LOOP('',(#1490,#1491,#1492,#1493));
#5418=EDGE_LOOP('',(#1494,#1495,#1496,#1497));
#5419=EDGE_LOOP('',(#1498,#1499,#1500,#1501,#1502,#1503,#1504,#1505,#1506,
#1507,#1508,#1509,#1510,#1511,#1512));
#5420=EDGE_LOOP('',(#1513,#1514,#1515,#1516));
#5421=EDGE_LOOP('',(#1517,#1518,#1519,#1520));
#5422=EDGE_LOOP('',(#1521,#1522,#1523,#1524));
#5423=EDGE_LOOP('',(#1525,#1526,#1527,#1528));
#5424=EDGE_LOOP('',(#1529,#1530,#1531,#1532));
#5425=EDGE_LOOP('',(#1533,#1534,#1535,#1536));
#5426=EDGE_LOOP('',(#1537,#1538,#1539,#1540));
#5427=EDGE_LOOP('',(#1541,#1542,#1543,#1544));
#5428=EDGE_LOOP('',(#1545,#1546,#1547,#1548));
#5429=EDGE_LOOP('',(#1549,#1550,#1551,#1552));
#5430=EDGE_LOOP('',(#1553,#1554,#1555,#1556));
#5431=EDGE_LOOP('',(#1557,#1558,#1559,#1560));
#5432=EDGE_LOOP('',(#1561,#1562,#1563,#1564));
#5433=EDGE_LOOP('',(#1565,#1566,#1567,#1568));
#5434=EDGE_LOOP('',(#1569,#1570,#1571,#1572));
#5435=EDGE_LOOP('',(#1573,#1574,#1575,#1576));
#5436=EDGE_LOOP('',(#1577,#1578,#1579,#1580));
#5437=EDGE_LOOP('',(#1581,#1582,#1583,#1584));
#5438=EDGE_LOOP('',(#1585,#1586,#1587,#1588));
#5439=EDGE_LOOP('',(#1589,#1590,#1591,#1592));
#5440=EDGE_LOOP('',(#1593,#1594,#1595,#1596));
#5441=EDGE_LOOP('',(#1597,#1598,#1599,#1600));
#5442=EDGE_LOOP('',(#1601,#1602,#1603,#1604));
#5443=EDGE_LOOP('',(#1605,#1606,#1607,#1608));
#5444=EDGE_LOOP('',(#1609,#1610,#1611,#1612));
#5445=EDGE_LOOP('',(#1613,#1614,#1615,#1616));
#5446=EDGE_LOOP('',(#1617,#1618,#1619,#1620));
#5447=EDGE_LOOP('',(#1621,#1622,#1623,#1624,#1625,#1626,#1627,#1628,#1629,
#1630,#1631,#1632,#1633,#1634,#1635,#1636,#1637,#1638,#1639));
#5448=EDGE_LOOP('',(#1640,#1641,#1642,#1643,#1644,#1645,#1646,#1647));
#5449=EDGE_LOOP('',(#1648,#1649,#1650,#1651));
#5450=EDGE_LOOP('',(#1652,#1653,#1654,#1655));
#5451=EDGE_LOOP('',(#1656,#1657,#1658,#1659));
#5452=EDGE_LOOP('',(#1660,#1661,#1662,#1663));
#5453=EDGE_LOOP('',(#1664,#1665,#1666,#1667));
#5454=EDGE_LOOP('',(#1668,#1669,#1670,#1671));
#5455=EDGE_LOOP('',(#1672,#1673,#1674,#1675));
#5456=EDGE_LOOP('',(#1676,#1677,#1678,#1679));
#5457=EDGE_LOOP('',(#1680,#1681,#1682,#1683));
#5458=EDGE_LOOP('',(#1684,#1685,#1686,#1687));
#5459=EDGE_LOOP('',(#1688,#1689,#1690,#1691));
#5460=EDGE_LOOP('',(#1692,#1693,#1694,#1695));
#5461=EDGE_LOOP('',(#1696,#1697,#1698,#1699));
#5462=EDGE_LOOP('',(#1700,#1701,#1702,#1703));
#5463=EDGE_LOOP('',(#1704,#1705,#1706,#1707));
#5464=EDGE_LOOP('',(#1708,#1709,#1710,#1711));
#5465=EDGE_LOOP('',(#1712,#1713,#1714,#1715));
#5466=EDGE_LOOP('',(#1716,#1717,#1718,#1719));
#5467=EDGE_LOOP('',(#1720,#1721,#1722,#1723));
#5468=EDGE_LOOP('',(#1724,#1725,#1726,#1727));
#5469=EDGE_LOOP('',(#1728,#1729,#1730,#1731));
#5470=EDGE_LOOP('',(#1732,#1733,#1734,#1735));
#5471=EDGE_LOOP('',(#1736,#1737,#1738,#1739));
#5472=EDGE_LOOP('',(#1740,#1741,#1742,#1743,#1744,#1745,#1746,#1747,#1748,
#1749,#1750,#1751,#1752,#1753,#1754));
#5473=EDGE_LOOP('',(#1755,#1756,#1757,#1758,#1759,#1760,#1761,#1762));
#5474=EDGE_LOOP('',(#1763,#1764,#1765,#1766));
#5475=EDGE_LOOP('',(#1767,#1768,#1769,#1770));
#5476=EDGE_LOOP('',(#1771,#1772,#1773,#1774));
#5477=EDGE_LOOP('',(#1775,#1776,#1777,#1778));
#5478=EDGE_LOOP('',(#1779,#1780,#1781,#1782));
#5479=EDGE_LOOP('',(#1783,#1784,#1785,#1786));
#5480=EDGE_LOOP('',(#1787,#1788,#1789,#1790));
#5481=EDGE_LOOP('',(#1791,#1792,#1793,#1794));
#5482=EDGE_LOOP('',(#1795,#1796,#1797,#1798));
#5483=EDGE_LOOP('',(#1799,#1800,#1801,#1802));
#5484=EDGE_LOOP('',(#1803,#1804,#1805,#1806));
#5485=EDGE_LOOP('',(#1807,#1808,#1809,#1810));
#5486=EDGE_LOOP('',(#1811,#1812,#1813,#1814));
#5487=EDGE_LOOP('',(#1815,#1816,#1817,#1818));
#5488=EDGE_LOOP('',(#1819,#1820,#1821,#1822));
#5489=EDGE_LOOP('',(#1823,#1824,#1825,#1826));
#5490=EDGE_LOOP('',(#1827,#1828,#1829,#1830));
#5491=EDGE_LOOP('',(#1831,#1832,#1833,#1834));
#5492=EDGE_LOOP('',(#1835,#1836,#1837,#1838));
#5493=EDGE_LOOP('',(#1839,#1840,#1841,#1842));
#5494=EDGE_LOOP('',(#1843,#1844,#1845,#1846));
#5495=EDGE_LOOP('',(#1847,#1848,#1849,#1850));
#5496=EDGE_LOOP('',(#1851,#1852,#1853,#1854));
#5497=EDGE_LOOP('',(#1855,#1856,#1857,#1858));
#5498=EDGE_LOOP('',(#1859,#1860,#1861,#1862));
#5499=EDGE_LOOP('',(#1863,#1864,#1865,#1866));
#5500=EDGE_LOOP('',(#1867,#1868,#1869,#1870));
#5501=EDGE_LOOP('',(#1871,#1872,#1873,#1874,#1875,#1876,#1877,#1878,#1879,
#1880,#1881,#1882,#1883,#1884,#1885,#1886,#1887,#1888,#1889));
#5502=EDGE_LOOP('',(#1890,#1891,#1892,#1893,#1894,#1895,#1896,#1897));
#5503=EDGE_LOOP('',(#1898,#1899,#1900,#1901));
#5504=EDGE_LOOP('',(#1902,#1903,#1904,#1905));
#5505=EDGE_LOOP('',(#1906,#1907,#1908,#1909));
#5506=EDGE_LOOP('',(#1910,#1911,#1912,#1913));
#5507=EDGE_LOOP('',(#1914,#1915,#1916,#1917));
#5508=EDGE_LOOP('',(#1918,#1919,#1920,#1921));
#5509=EDGE_LOOP('',(#1922,#1923,#1924,#1925));
#5510=EDGE_LOOP('',(#1926,#1927,#1928,#1929));
#5511=EDGE_LOOP('',(#1930,#1931,#1932,#1933));
#5512=EDGE_LOOP('',(#1934,#1935,#1936,#1937));
#5513=EDGE_LOOP('',(#1938,#1939,#1940,#1941));
#5514=EDGE_LOOP('',(#1942,#1943,#1944,#1945));
#5515=EDGE_LOOP('',(#1946,#1947,#1948,#1949));
#5516=EDGE_LOOP('',(#1950,#1951,#1952,#1953));
#5517=EDGE_LOOP('',(#1954,#1955,#1956,#1957));
#5518=EDGE_LOOP('',(#1958,#1959,#1960,#1961,#1962,#1963,#1964,#1965));
#5519=EDGE_LOOP('',(#1966,#1967,#1968,#1969,#1970,#1971,#1972));
#5520=EDGE_LOOP('',(#1973,#1974,#1975,#1976));
#5521=EDGE_LOOP('',(#1977,#1978,#1979,#1980));
#5522=EDGE_LOOP('',(#1981,#1982,#1983,#1984));
#5523=EDGE_LOOP('',(#1985,#1986,#1987,#1988));
#5524=EDGE_LOOP('',(#1989,#1990,#1991,#1992));
#5525=EDGE_LOOP('',(#1993,#1994,#1995,#1996));
#5526=EDGE_LOOP('',(#1997,#1998,#1999,#2000));
#5527=EDGE_LOOP('',(#2001,#2002,#2003,#2004));
#5528=EDGE_LOOP('',(#2005,#2006,#2007,#2008));
#5529=EDGE_LOOP('',(#2009,#2010,#2011,#2012));
#5530=EDGE_LOOP('',(#2013,#2014,#2015,#2016));
#5531=EDGE_LOOP('',(#2017,#2018,#2019,#2020));
#5532=EDGE_LOOP('',(#2021,#2022,#2023,#2024));
#5533=EDGE_LOOP('',(#2025,#2026,#2027,#2028));
#5534=EDGE_LOOP('',(#2029,#2030,#2031,#2032));
#5535=EDGE_LOOP('',(#2033,#2034,#2035,#2036));
#5536=EDGE_LOOP('',(#2037,#2038,#2039,#2040));
#5537=EDGE_LOOP('',(#2041,#2042,#2043,#2044));
#5538=EDGE_LOOP('',(#2045,#2046,#2047,#2048));
#5539=EDGE_LOOP('',(#2049,#2050,#2051,#2052));
#5540=EDGE_LOOP('',(#2053,#2054,#2055,#2056));
#5541=EDGE_LOOP('',(#2057,#2058,#2059,#2060));
#5542=EDGE_LOOP('',(#2061,#2062,#2063,#2064));
#5543=EDGE_LOOP('',(#2065,#2066,#2067,#2068));
#5544=EDGE_LOOP('',(#2069,#2070,#2071,#2072));
#5545=EDGE_LOOP('',(#2073,#2074,#2075,#2076));
#5546=EDGE_LOOP('',(#2077,#2078,#2079,#2080));
#5547=EDGE_LOOP('',(#2081,#2082,#2083,#2084,#2085,#2086,#2087,#2088,#2089,
#2090,#2091,#2092,#2093,#2094,#2095,#2096,#2097,#2098,#2099));
#5548=EDGE_LOOP('',(#2100,#2101,#2102,#2103,#2104,#2105,#2106,#2107));
#5549=EDGE_LOOP('',(#2108,#2109,#2110,#2111));
#5550=EDGE_LOOP('',(#2112,#2113,#2114,#2115));
#5551=EDGE_LOOP('',(#2116,#2117,#2118,#2119));
#5552=EDGE_LOOP('',(#2120,#2121,#2122,#2123));
#5553=EDGE_LOOP('',(#2124,#2125,#2126,#2127));
#5554=EDGE_LOOP('',(#2128,#2129,#2130,#2131));
#5555=EDGE_LOOP('',(#2132,#2133,#2134,#2135));
#5556=EDGE_LOOP('',(#2136,#2137,#2138,#2139));
#5557=EDGE_LOOP('',(#2140,#2141,#2142,#2143));
#5558=EDGE_LOOP('',(#2144,#2145,#2146,#2147));
#5559=EDGE_LOOP('',(#2148,#2149,#2150,#2151));
#5560=EDGE_LOOP('',(#2152,#2153,#2154,#2155));
#5561=EDGE_LOOP('',(#2156,#2157,#2158,#2159));
#5562=EDGE_LOOP('',(#2160,#2161,#2162,#2163));
#5563=EDGE_LOOP('',(#2164,#2165,#2166,#2167));
#5564=EDGE_LOOP('',(#2168,#2169,#2170,#2171));
#5565=EDGE_LOOP('',(#2172,#2173,#2174,#2175));
#5566=EDGE_LOOP('',(#2176,#2177,#2178,#2179));
#5567=EDGE_LOOP('',(#2180,#2181,#2182,#2183));
#5568=EDGE_LOOP('',(#2184,#2185,#2186,#2187));
#5569=EDGE_LOOP('',(#2188,#2189,#2190,#2191));
#5570=EDGE_LOOP('',(#2192,#2193,#2194,#2195));
#5571=EDGE_LOOP('',(#2196,#2197,#2198,#2199));
#5572=EDGE_LOOP('',(#2200,#2201,#2202,#2203));
#5573=EDGE_LOOP('',(#2204,#2205,#2206,#2207,#2208,#2209,#2210,#2211,#2212,
#2213,#2214,#2215,#2216,#2217,#2218));
#5574=EDGE_LOOP('',(#2219,#2220,#2221,#2222,#2223,#2224,#2225,#2226,#2227));
#5575=EDGE_LOOP('',(#2228,#2229,#2230,#2231));
#5576=EDGE_LOOP('',(#2232,#2233,#2234,#2235));
#5577=EDGE_LOOP('',(#2236,#2237,#2238,#2239));
#5578=EDGE_LOOP('',(#2240,#2241,#2242,#2243));
#5579=EDGE_LOOP('',(#2244,#2245,#2246,#2247));
#5580=EDGE_LOOP('',(#2248,#2249,#2250,#2251));
#5581=EDGE_LOOP('',(#2252,#2253,#2254,#2255));
#5582=EDGE_LOOP('',(#2256,#2257,#2258,#2259));
#5583=EDGE_LOOP('',(#2260,#2261,#2262,#2263));
#5584=EDGE_LOOP('',(#2264,#2265,#2266,#2267));
#5585=EDGE_LOOP('',(#2268,#2269,#2270,#2271));
#5586=EDGE_LOOP('',(#2272,#2273,#2274,#2275));
#5587=EDGE_LOOP('',(#2276,#2277,#2278,#2279,#2280,#2281,#2282,#2283,#2284,
#2285,#2286,#2287));
#5588=EDGE_LOOP('',(#2288,#2289,#2290,#2291,#2292,#2293,#2294,#2295));
#5589=EDGE_LOOP('',(#2296,#2297,#2298,#2299,#2300,#2301,#2302,#2303));
#5590=EDGE_LOOP('',(#2304,#2305,#2306,#2307,#2308,#2309,#2310,#2311));
#5591=EDGE_LOOP('',(#2312,#2313,#2314,#2315,#2316,#2317,#2318));
#5592=EDGE_LOOP('',(#2319,#2320,#2321,#2322,#2323,#2324,#2325,#2326));
#5593=EDGE_LOOP('',(#2327,#2328,#2329,#2330,#2331,#2332,#2333,#2334,#2335));
#5594=EDGE_LOOP('',(#2336,#2337,#2338,#2339,#2340));
#5595=EDGE_LOOP('',(#2341,#2342,#2343,#2344,#2345));
#5596=EDGE_LOOP('',(#2346,#2347,#2348,#2349));
#5597=EDGE_LOOP('',(#2350,#2351,#2352,#2353));
#5598=EDGE_LOOP('',(#2354,#2355,#2356,#2357));
#5599=EDGE_LOOP('',(#2358,#2359,#2360,#2361));
#5600=EDGE_LOOP('',(#2362,#2363,#2364,#2365,#2366,#2367));
#5601=EDGE_LOOP('',(#2368,#2369,#2370,#2371,#2372,#2373));
#5602=EDGE_LOOP('',(#2374,#2375,#2376,#2377));
#5603=EDGE_LOOP('',(#2378,#2379,#2380,#2381));
#5604=EDGE_LOOP('',(#2382,#2383,#2384,#2385));
#5605=EDGE_LOOP('',(#2386,#2387,#2388,#2389));
#5606=EDGE_LOOP('',(#2390,#2391,#2392,#2393));
#5607=EDGE_LOOP('',(#2394,#2395,#2396,#2397));
#5608=EDGE_LOOP('',(#2398,#2399,#2400,#2401));
#5609=EDGE_LOOP('',(#2402,#2403,#2404,#2405));
#5610=EDGE_LOOP('',(#2406,#2407,#2408,#2409));
#5611=EDGE_LOOP('',(#2410,#2411,#2412,#2413));
#5612=EDGE_LOOP('',(#2414,#2415,#2416,#2417));
#5613=EDGE_LOOP('',(#2418,#2419,#2420,#2421));
#5614=EDGE_LOOP('',(#2422,#2423,#2424));
#5615=EDGE_LOOP('',(#2425,#2426,#2427,#2428));
#5616=EDGE_LOOP('',(#2429,#2430,#2431,#2432));
#5617=EDGE_LOOP('',(#2433,#2434,#2435,#2436));
#5618=EDGE_LOOP('',(#2437,#2438,#2439,#2440));
#5619=EDGE_LOOP('',(#2441,#2442,#2443,#2444));
#5620=EDGE_LOOP('',(#2445,#2446,#2447,#2448));
#5621=EDGE_LOOP('',(#2449,#2450,#2451,#2452));
#5622=EDGE_LOOP('',(#2453,#2454,#2455,#2456));
#5623=EDGE_LOOP('',(#2457,#2458,#2459,#2460));
#5624=EDGE_LOOP('',(#2461,#2462,#2463));
#5625=EDGE_LOOP('',(#2464,#2465,#2466,#2467));
#5626=EDGE_LOOP('',(#2468,#2469,#2470,#2471));
#5627=EDGE_LOOP('',(#2472,#2473,#2474));
#5628=EDGE_LOOP('',(#2475,#2476,#2477,#2478));
#5629=EDGE_LOOP('',(#2479,#2480,#2481));
#5630=EDGE_LOOP('',(#2482,#2483,#2484,#2485));
#5631=EDGE_LOOP('',(#2486,#2487,#2488));
#5632=EDGE_LOOP('',(#2489,#2490,#2491,#2492));
#5633=EDGE_LOOP('',(#2493,#2494,#2495));
#5634=EDGE_LOOP('',(#2496,#2497,#2498,#2499));
#5635=EDGE_LOOP('',(#2500,#2501,#2502));
#5636=EDGE_LOOP('',(#2503,#2504,#2505,#2506));
#5637=EDGE_LOOP('',(#2507,#2508,#2509));
#5638=FACE_BOUND('',#5252,.T.);
#5639=FACE_BOUND('',#5253,.T.);
#5640=FACE_BOUND('',#5254,.T.);
#5641=FACE_BOUND('',#5255,.T.);
#5642=FACE_BOUND('',#5256,.T.);
#5643=FACE_BOUND('',#5257,.T.);
#5644=FACE_BOUND('',#5258,.T.);
#5645=FACE_BOUND('',#5259,.T.);
#5646=FACE_BOUND('',#5260,.T.);
#5647=FACE_BOUND('',#5261,.T.);
#5648=FACE_BOUND('',#5262,.T.);
#5649=FACE_BOUND('',#5263,.T.);
#5650=FACE_BOUND('',#5264,.T.);
#5651=FACE_BOUND('',#5265,.T.);
#5652=FACE_BOUND('',#5266,.T.);
#5653=FACE_BOUND('',#5267,.T.);
#5654=FACE_BOUND('',#5268,.T.);
#5655=FACE_BOUND('',#5269,.T.);
#5656=FACE_BOUND('',#5270,.T.);
#5657=FACE_BOUND('',#5271,.T.);
#5658=FACE_BOUND('',#5272,.T.);
#5659=FACE_BOUND('',#5273,.T.);
#5660=FACE_BOUND('',#5274,.T.);
#5661=FACE_BOUND('',#5275,.T.);
#5662=FACE_BOUND('',#5276,.T.);
#5663=FACE_BOUND('',#5277,.T.);
#5664=FACE_BOUND('',#5278,.T.);
#5665=FACE_BOUND('',#5279,.T.);
#5666=FACE_BOUND('',#5280,.T.);
#5667=FACE_BOUND('',#5281,.T.);
#5668=FACE_BOUND('',#5282,.T.);
#5669=FACE_BOUND('',#5283,.T.);
#5670=FACE_BOUND('',#5284,.T.);
#5671=FACE_BOUND('',#5285,.T.);
#5672=FACE_BOUND('',#5286,.T.);
#5673=FACE_BOUND('',#5287,.T.);
#5674=FACE_BOUND('',#5288,.T.);
#5675=FACE_BOUND('',#5289,.T.);
#5676=FACE_BOUND('',#5290,.T.);
#5677=FACE_BOUND('',#5291,.T.);
#5678=FACE_BOUND('',#5292,.T.);
#5679=FACE_BOUND('',#5293,.T.);
#5680=FACE_BOUND('',#5294,.T.);
#5681=FACE_BOUND('',#5295,.T.);
#5682=FACE_BOUND('',#5296,.T.);
#5683=FACE_BOUND('',#5297,.T.);
#5684=FACE_BOUND('',#5298,.T.);
#5685=FACE_BOUND('',#5299,.T.);
#5686=FACE_BOUND('',#5300,.T.);
#5687=FACE_BOUND('',#5301,.T.);
#5688=FACE_BOUND('',#5302,.T.);
#5689=FACE_BOUND('',#5303,.T.);
#5690=FACE_BOUND('',#5304,.T.);
#5691=FACE_BOUND('',#5305,.T.);
#5692=FACE_BOUND('',#5306,.T.);
#5693=FACE_BOUND('',#5307,.T.);
#5694=FACE_BOUND('',#5308,.T.);
#5695=FACE_BOUND('',#5309,.T.);
#5696=FACE_BOUND('',#5310,.T.);
#5697=FACE_BOUND('',#5311,.T.);
#5698=FACE_BOUND('',#5312,.T.);
#5699=FACE_BOUND('',#5313,.T.);
#5700=FACE_BOUND('',#5314,.T.);
#5701=FACE_BOUND('',#5315,.T.);
#5702=FACE_BOUND('',#5316,.T.);
#5703=FACE_BOUND('',#5317,.T.);
#5704=FACE_BOUND('',#5318,.T.);
#5705=FACE_BOUND('',#5319,.T.);
#5706=FACE_BOUND('',#5320,.T.);
#5707=FACE_BOUND('',#5321,.T.);
#5708=FACE_BOUND('',#5322,.T.);
#5709=FACE_BOUND('',#5323,.T.);
#5710=FACE_BOUND('',#5324,.T.);
#5711=FACE_BOUND('',#5325,.T.);
#5712=FACE_BOUND('',#5326,.T.);
#5713=FACE_BOUND('',#5327,.T.);
#5714=FACE_BOUND('',#5328,.T.);
#5715=FACE_BOUND('',#5329,.T.);
#5716=FACE_BOUND('',#5330,.T.);
#5717=FACE_BOUND('',#5331,.T.);
#5718=FACE_BOUND('',#5332,.T.);
#5719=FACE_BOUND('',#5333,.T.);
#5720=FACE_BOUND('',#5334,.T.);
#5721=FACE_BOUND('',#5335,.T.);
#5722=FACE_BOUND('',#5336,.T.);
#5723=FACE_BOUND('',#5337,.T.);
#5724=FACE_BOUND('',#5338,.T.);
#5725=FACE_BOUND('',#5339,.T.);
#5726=FACE_BOUND('',#5340,.T.);
#5727=FACE_BOUND('',#5341,.T.);
#5728=FACE_BOUND('',#5342,.T.);
#5729=FACE_BOUND('',#5343,.T.);
#5730=FACE_BOUND('',#5344,.T.);
#5731=FACE_BOUND('',#5345,.T.);
#5732=FACE_BOUND('',#5346,.T.);
#5733=FACE_BOUND('',#5347,.T.);
#5734=FACE_BOUND('',#5348,.T.);
#5735=FACE_BOUND('',#5349,.T.);
#5736=FACE_BOUND('',#5350,.T.);
#5737=FACE_BOUND('',#5351,.T.);
#5738=FACE_BOUND('',#5352,.T.);
#5739=FACE_BOUND('',#5353,.T.);
#5740=FACE_BOUND('',#5354,.T.);
#5741=FACE_BOUND('',#5355,.T.);
#5742=FACE_BOUND('',#5356,.T.);
#5743=FACE_BOUND('',#5357,.T.);
#5744=FACE_BOUND('',#5358,.T.);
#5745=FACE_BOUND('',#5359,.T.);
#5746=FACE_BOUND('',#5360,.T.);
#5747=FACE_BOUND('',#5361,.T.);
#5748=FACE_BOUND('',#5362,.T.);
#5749=FACE_BOUND('',#5363,.T.);
#5750=FACE_BOUND('',#5364,.T.);
#5751=FACE_BOUND('',#5365,.T.);
#5752=FACE_BOUND('',#5366,.T.);
#5753=FACE_BOUND('',#5367,.T.);
#5754=FACE_BOUND('',#5368,.T.);
#5755=FACE_BOUND('',#5369,.T.);
#5756=FACE_BOUND('',#5370,.T.);
#5757=FACE_BOUND('',#5371,.T.);
#5758=FACE_BOUND('',#5372,.T.);
#5759=FACE_BOUND('',#5373,.T.);
#5760=FACE_BOUND('',#5374,.T.);
#5761=FACE_BOUND('',#5375,.T.);
#5762=FACE_BOUND('',#5376,.T.);
#5763=FACE_BOUND('',#5377,.T.);
#5764=FACE_BOUND('',#5378,.T.);
#5765=FACE_BOUND('',#5379,.T.);
#5766=FACE_BOUND('',#5380,.T.);
#5767=FACE_BOUND('',#5381,.T.);
#5768=FACE_BOUND('',#5382,.T.);
#5769=FACE_BOUND('',#5383,.T.);
#5770=FACE_BOUND('',#5384,.T.);
#5771=FACE_BOUND('',#5385,.T.);
#5772=FACE_BOUND('',#5386,.T.);
#5773=FACE_BOUND('',#5387,.T.);
#5774=FACE_BOUND('',#5388,.T.);
#5775=FACE_BOUND('',#5389,.T.);
#5776=FACE_BOUND('',#5390,.T.);
#5777=FACE_BOUND('',#5391,.T.);
#5778=FACE_BOUND('',#5392,.T.);
#5779=FACE_BOUND('',#5393,.T.);
#5780=FACE_BOUND('',#5394,.T.);
#5781=FACE_BOUND('',#5395,.T.);
#5782=FACE_BOUND('',#5396,.T.);
#5783=FACE_BOUND('',#5397,.T.);
#5784=FACE_BOUND('',#5398,.T.);
#5785=FACE_BOUND('',#5399,.T.);
#5786=FACE_BOUND('',#5400,.T.);
#5787=FACE_BOUND('',#5401,.T.);
#5788=FACE_BOUND('',#5402,.T.);
#5789=FACE_BOUND('',#5403,.T.);
#5790=FACE_BOUND('',#5404,.T.);
#5791=FACE_BOUND('',#5405,.T.);
#5792=FACE_BOUND('',#5406,.T.);
#5793=FACE_BOUND('',#5407,.T.);
#5794=FACE_BOUND('',#5408,.T.);
#5795=FACE_BOUND('',#5409,.T.);
#5796=FACE_BOUND('',#5410,.T.);
#5797=FACE_BOUND('',#5411,.T.);
#5798=FACE_BOUND('',#5412,.T.);
#5799=FACE_BOUND('',#5413,.T.);
#5800=FACE_BOUND('',#5414,.T.);
#5801=FACE_BOUND('',#5415,.T.);
#5802=FACE_BOUND('',#5416,.T.);
#5803=FACE_BOUND('',#5417,.T.);
#5804=FACE_BOUND('',#5418,.T.);
#5805=FACE_BOUND('',#5419,.T.);
#5806=FACE_BOUND('',#5420,.T.);
#5807=FACE_BOUND('',#5421,.T.);
#5808=FACE_BOUND('',#5422,.T.);
#5809=FACE_BOUND('',#5423,.T.);
#5810=FACE_BOUND('',#5424,.T.);
#5811=FACE_BOUND('',#5425,.T.);
#5812=FACE_BOUND('',#5426,.T.);
#5813=FACE_BOUND('',#5427,.T.);
#5814=FACE_BOUND('',#5428,.T.);
#5815=FACE_BOUND('',#5429,.T.);
#5816=FACE_BOUND('',#5430,.T.);
#5817=FACE_BOUND('',#5431,.T.);
#5818=FACE_BOUND('',#5432,.T.);
#5819=FACE_BOUND('',#5433,.T.);
#5820=FACE_BOUND('',#5434,.T.);
#5821=FACE_BOUND('',#5435,.T.);
#5822=FACE_BOUND('',#5436,.T.);
#5823=FACE_BOUND('',#5437,.T.);
#5824=FACE_BOUND('',#5438,.T.);
#5825=FACE_BOUND('',#5439,.T.);
#5826=FACE_BOUND('',#5440,.T.);
#5827=FACE_BOUND('',#5441,.T.);
#5828=FACE_BOUND('',#5442,.T.);
#5829=FACE_BOUND('',#5443,.T.);
#5830=FACE_BOUND('',#5444,.T.);
#5831=FACE_BOUND('',#5445,.T.);
#5832=FACE_BOUND('',#5446,.T.);
#5833=FACE_BOUND('',#5447,.T.);
#5834=FACE_BOUND('',#5448,.T.);
#5835=FACE_BOUND('',#5449,.T.);
#5836=FACE_BOUND('',#5450,.T.);
#5837=FACE_BOUND('',#5451,.T.);
#5838=FACE_BOUND('',#5452,.T.);
#5839=FACE_BOUND('',#5453,.T.);
#5840=FACE_BOUND('',#5454,.T.);
#5841=FACE_BOUND('',#5455,.T.);
#5842=FACE_BOUND('',#5456,.T.);
#5843=FACE_BOUND('',#5457,.T.);
#5844=FACE_BOUND('',#5458,.T.);
#5845=FACE_BOUND('',#5459,.T.);
#5846=FACE_BOUND('',#5460,.T.);
#5847=FACE_BOUND('',#5461,.T.);
#5848=FACE_BOUND('',#5462,.T.);
#5849=FACE_BOUND('',#5463,.T.);
#5850=FACE_BOUND('',#5464,.T.);
#5851=FACE_BOUND('',#5465,.T.);
#5852=FACE_BOUND('',#5466,.T.);
#5853=FACE_BOUND('',#5467,.T.);
#5854=FACE_BOUND('',#5468,.T.);
#5855=FACE_BOUND('',#5469,.T.);
#5856=FACE_BOUND('',#5470,.T.);
#5857=FACE_BOUND('',#5471,.T.);
#5858=FACE_BOUND('',#5472,.T.);
#5859=FACE_BOUND('',#5473,.T.);
#5860=FACE_BOUND('',#5474,.T.);
#5861=FACE_BOUND('',#5475,.T.);
#5862=FACE_BOUND('',#5476,.T.);
#5863=FACE_BOUND('',#5477,.T.);
#5864=FACE_BOUND('',#5478,.T.);
#5865=FACE_BOUND('',#5479,.T.);
#5866=FACE_BOUND('',#5480,.T.);
#5867=FACE_BOUND('',#5481,.T.);
#5868=FACE_BOUND('',#5482,.T.);
#5869=FACE_BOUND('',#5483,.T.);
#5870=FACE_BOUND('',#5484,.T.);
#5871=FACE_BOUND('',#5485,.T.);
#5872=FACE_BOUND('',#5486,.T.);
#5873=FACE_BOUND('',#5487,.T.);
#5874=FACE_BOUND('',#5488,.T.);
#5875=FACE_BOUND('',#5489,.T.);
#5876=FACE_BOUND('',#5490,.T.);
#5877=FACE_BOUND('',#5491,.T.);
#5878=FACE_BOUND('',#5492,.T.);
#5879=FACE_BOUND('',#5493,.T.);
#5880=FACE_BOUND('',#5494,.T.);
#5881=FACE_BOUND('',#5495,.T.);
#5882=FACE_BOUND('',#5496,.T.);
#5883=FACE_BOUND('',#5497,.T.);
#5884=FACE_BOUND('',#5498,.T.);
#5885=FACE_BOUND('',#5499,.T.);
#5886=FACE_BOUND('',#5500,.T.);
#5887=FACE_BOUND('',#5501,.T.);
#5888=FACE_BOUND('',#5502,.T.);
#5889=FACE_BOUND('',#5503,.T.);
#5890=FACE_BOUND('',#5504,.T.);
#5891=FACE_BOUND('',#5505,.T.);
#5892=FACE_BOUND('',#5506,.T.);
#5893=FACE_BOUND('',#5507,.T.);
#5894=FACE_BOUND('',#5508,.T.);
#5895=FACE_BOUND('',#5509,.T.);
#5896=FACE_BOUND('',#5510,.T.);
#5897=FACE_BOUND('',#5511,.T.);
#5898=FACE_BOUND('',#5512,.T.);
#5899=FACE_BOUND('',#5513,.T.);
#5900=FACE_BOUND('',#5514,.T.);
#5901=FACE_BOUND('',#5515,.T.);
#5902=FACE_BOUND('',#5516,.T.);
#5903=FACE_BOUND('',#5517,.T.);
#5904=FACE_BOUND('',#5518,.T.);
#5905=FACE_BOUND('',#5519,.T.);
#5906=FACE_BOUND('',#5520,.T.);
#5907=FACE_BOUND('',#5521,.T.);
#5908=FACE_BOUND('',#5522,.T.);
#5909=FACE_BOUND('',#5523,.T.);
#5910=FACE_BOUND('',#5524,.T.);
#5911=FACE_BOUND('',#5525,.T.);
#5912=FACE_BOUND('',#5526,.T.);
#5913=FACE_BOUND('',#5527,.T.);
#5914=FACE_BOUND('',#5528,.T.);
#5915=FACE_BOUND('',#5529,.T.);
#5916=FACE_BOUND('',#5530,.T.);
#5917=FACE_BOUND('',#5531,.T.);
#5918=FACE_BOUND('',#5532,.T.);
#5919=FACE_BOUND('',#5533,.T.);
#5920=FACE_BOUND('',#5534,.T.);
#5921=FACE_BOUND('',#5535,.T.);
#5922=FACE_BOUND('',#5536,.T.);
#5923=FACE_BOUND('',#5537,.T.);
#5924=FACE_BOUND('',#5538,.T.);
#5925=FACE_BOUND('',#5539,.T.);
#5926=FACE_BOUND('',#5540,.T.);
#5927=FACE_BOUND('',#5541,.T.);
#5928=FACE_BOUND('',#5542,.T.);
#5929=FACE_BOUND('',#5543,.T.);
#5930=FACE_BOUND('',#5544,.T.);
#5931=FACE_BOUND('',#5545,.T.);
#5932=FACE_BOUND('',#5546,.T.);
#5933=FACE_BOUND('',#5547,.T.);
#5934=FACE_BOUND('',#5548,.T.);
#5935=FACE_BOUND('',#5549,.T.);
#5936=FACE_BOUND('',#5550,.T.);
#5937=FACE_BOUND('',#5551,.T.);
#5938=FACE_BOUND('',#5552,.T.);
#5939=FACE_BOUND('',#5553,.T.);
#5940=FACE_BOUND('',#5554,.T.);
#5941=FACE_BOUND('',#5555,.T.);
#5942=FACE_BOUND('',#5556,.T.);
#5943=FACE_BOUND('',#5557,.T.);
#5944=FACE_BOUND('',#5558,.T.);
#5945=FACE_BOUND('',#5559,.T.);
#5946=FACE_BOUND('',#5560,.T.);
#5947=FACE_BOUND('',#5561,.T.);
#5948=FACE_BOUND('',#5562,.T.);
#5949=FACE_BOUND('',#5563,.T.);
#5950=FACE_BOUND('',#5564,.T.);
#5951=FACE_BOUND('',#5565,.T.);
#5952=FACE_BOUND('',#5566,.T.);
#5953=FACE_BOUND('',#5567,.T.);
#5954=FACE_BOUND('',#5568,.T.);
#5955=FACE_BOUND('',#5569,.T.);
#5956=FACE_BOUND('',#5570,.T.);
#5957=FACE_BOUND('',#5571,.T.);
#5958=FACE_BOUND('',#5572,.T.);
#5959=FACE_BOUND('',#5573,.T.);
#5960=FACE_BOUND('',#5574,.T.);
#5961=FACE_BOUND('',#5575,.T.);
#5962=FACE_BOUND('',#5576,.T.);
#5963=FACE_BOUND('',#5577,.T.);
#5964=FACE_BOUND('',#5578,.T.);
#5965=FACE_BOUND('',#5579,.T.);
#5966=FACE_BOUND('',#5580,.T.);
#5967=FACE_BOUND('',#5581,.T.);
#5968=FACE_BOUND('',#5582,.T.);
#5969=FACE_BOUND('',#5583,.T.);
#5970=FACE_BOUND('',#5584,.T.);
#5971=FACE_BOUND('',#5585,.T.);
#5972=FACE_BOUND('',#5586,.T.);
#5973=FACE_BOUND('',#5587,.T.);
#5974=FACE_BOUND('',#5588,.T.);
#5975=FACE_BOUND('',#5589,.T.);
#5976=FACE_BOUND('',#5590,.T.);
#5977=FACE_BOUND('',#5591,.T.);
#5978=FACE_BOUND('',#5592,.T.);
#5979=FACE_BOUND('',#5593,.T.);
#5980=FACE_BOUND('',#5594,.T.);
#5981=FACE_BOUND('',#5595,.T.);
#5982=FACE_BOUND('',#5596,.T.);
#5983=FACE_BOUND('',#5597,.T.);
#5984=FACE_BOUND('',#5598,.T.);
#5985=FACE_BOUND('',#5599,.T.);
#5986=FACE_BOUND('',#5600,.T.);
#5987=FACE_BOUND('',#5601,.T.);
#5988=FACE_BOUND('',#5602,.T.);
#5989=FACE_BOUND('',#5603,.T.);
#5990=FACE_BOUND('',#5604,.T.);
#5991=FACE_BOUND('',#5605,.T.);
#5992=FACE_BOUND('',#5606,.T.);
#5993=FACE_BOUND('',#5607,.T.);
#5994=FACE_BOUND('',#5608,.T.);
#5995=FACE_BOUND('',#5609,.T.);
#5996=FACE_BOUND('',#5610,.T.);
#5997=FACE_BOUND('',#5611,.T.);
#5998=FACE_BOUND('',#5612,.T.);
#5999=FACE_BOUND('',#5613,.T.);
#6000=FACE_BOUND('',#5614,.T.);
#6001=FACE_BOUND('',#5615,.T.);
#6002=FACE_BOUND('',#5616,.T.);
#6003=FACE_BOUND('',#5617,.T.);
#6004=FACE_BOUND('',#5618,.T.);
#6005=FACE_BOUND('',#5619,.T.);
#6006=FACE_BOUND('',#5620,.T.);
#6007=FACE_BOUND('',#5621,.T.);
#6008=FACE_BOUND('',#5622,.T.);
#6009=FACE_BOUND('',#5623,.T.);
#6010=FACE_BOUND('',#5624,.T.);
#6011=FACE_BOUND('',#5625,.T.);
#6012=FACE_BOUND('',#5626,.T.);
#6013=FACE_BOUND('',#5627,.T.);
#6014=FACE_BOUND('',#5628,.T.);
#6015=FACE_BOUND('',#5629,.T.);
#6016=FACE_BOUND('',#5630,.T.);
#6017=FACE_BOUND('',#5631,.T.);
#6018=FACE_BOUND('',#5632,.T.);
#6019=FACE_BOUND('',#5633,.T.);
#6020=FACE_BOUND('',#5634,.T.);
#6021=FACE_BOUND('',#5635,.T.);
#6022=FACE_BOUND('',#5636,.T.);
#6023=FACE_BOUND('',#5637,.T.);
#6024=PLANE('',#6559);
#6025=PLANE('',#6564);
#6026=PLANE('',#6567);
#6027=PLANE('',#6568);
#6028=PLANE('',#6572);
#6029=PLANE('',#6590);
#6030=PLANE('',#6591);
#6031=PLANE('',#6592);
#6032=PLANE('',#6593);
#6033=PLANE('',#6594);
#6034=PLANE('',#6595);
#6035=PLANE('',#6596);
#6036=PLANE('',#6653);
#6037=PLANE('',#6658);
#6038=PLANE('',#6661);
#6039=PLANE('',#6662);
#6040=PLANE('',#6665);
#6041=PLANE('',#6666);
#6042=PLANE('',#6667);
#6043=PLANE('',#6668);
#6044=PLANE('',#6669);
#6045=PLANE('',#6670);
#6046=PLANE('',#6671);
#6047=PLANE('',#6672);
#6048=PLANE('',#6673);
#6049=PLANE('',#6674);
#6050=PLANE('',#6675);
#6051=PLANE('',#6676);
#6052=PLANE('',#6677);
#6053=PLANE('',#6678);
#6054=PLANE('',#6679);
#6055=PLANE('',#6680);
#6056=PLANE('',#6681);
#6057=PLANE('',#6682);
#6058=PLANE('',#6683);
#6059=PLANE('',#6684);
#6060=PLANE('',#6685);
#6061=PLANE('',#6686);
#6062=PLANE('',#6687);
#6063=PLANE('',#6688);
#6064=PLANE('',#6691);
#6065=PLANE('',#6692);
#6066=PLANE('',#6693);
#6067=PLANE('',#6694);
#6068=PLANE('',#6695);
#6069=PLANE('',#6696);
#6070=PLANE('',#6697);
#6071=PLANE('',#6698);
#6072=PLANE('',#6699);
#6073=PLANE('',#6700);
#6074=PLANE('',#6701);
#6075=PLANE('',#6702);
#6076=PLANE('',#6703);
#6077=PLANE('',#6704);
#6078=PLANE('',#6705);
#6079=PLANE('',#6706);
#6080=PLANE('',#6707);
#6081=PLANE('',#6708);
#6082=PLANE('',#6709);
#6083=PLANE('',#6710);
#6084=PLANE('',#6711);
#6085=PLANE('',#6716);
#6086=PLANE('',#6719);
#6087=PLANE('',#6720);
#6088=PLANE('',#6723);
#6089=PLANE('',#6724);
#6090=PLANE('',#6725);
#6091=PLANE('',#6726);
#6092=PLANE('',#6727);
#6093=PLANE('',#6728);
#6094=PLANE('',#6729);
#6095=PLANE('',#6730);
#6096=PLANE('',#6731);
#6097=PLANE('',#6732);
#6098=PLANE('',#6733);
#6099=PLANE('',#6734);
#6100=PLANE('',#6735);
#6101=PLANE('',#6736);
#6102=PLANE('',#6737);
#6103=PLANE('',#6738);
#6104=PLANE('',#6739);
#6105=PLANE('',#6740);
#6106=PLANE('',#6745);
#6107=PLANE('',#6746);
#6108=PLANE('',#6747);
#6109=PLANE('',#6748);
#6110=PLANE('',#6749);
#6111=PLANE('',#6750);
#6112=PLANE('',#6753);
#6113=PLANE('',#6754);
#6114=PLANE('',#6755);
#6115=PLANE('',#6756);
#6116=PLANE('',#6757);
#6117=PLANE('',#6758);
#6118=PLANE('',#6761);
#6119=PLANE('',#6762);
#6120=PLANE('',#6763);
#6121=PLANE('',#6764);
#6122=PLANE('',#6765);
#6123=PLANE('',#6766);
#6124=PLANE('',#6771);
#6125=PLANE('',#6772);
#6126=PLANE('',#6773);
#6127=PLANE('',#6774);
#6128=PLANE('',#6775);
#6129=PLANE('',#6776);
#6130=PLANE('',#6777);
#6131=PLANE('',#6778);
#6132=PLANE('',#6779);
#6133=PLANE('',#6780);
#6134=PLANE('',#6781);
#6135=PLANE('',#6782);
#6136=PLANE('',#6783);
#6137=PLANE('',#6784);
#6138=PLANE('',#6785);
#6139=PLANE('',#6786);
#6140=PLANE('',#6787);
#6141=PLANE('',#6788);
#6142=PLANE('',#6789);
#6143=PLANE('',#6794);
#6144=PLANE('',#6795);
#6145=PLANE('',#6796);
#6146=PLANE('',#6797);
#6147=PLANE('',#6798);
#6148=PLANE('',#6799);
#6149=PLANE('',#6800);
#6150=PLANE('',#6801);
#6151=PLANE('',#6802);
#6152=PLANE('',#6803);
#6153=PLANE('',#6804);
#6154=PLANE('',#6805);
#6155=PLANE('',#6806);
#6156=PLANE('',#6807);
#6157=PLANE('',#6808);
#6158=PLANE('',#6809);
#6159=PLANE('',#6810);
#6160=PLANE('',#6811);
#6161=PLANE('',#6812);
#6162=PLANE('',#6813);
#6163=PLANE('',#6814);
#6164=PLANE('',#6815);
#6165=PLANE('',#6816);
#6166=PLANE('',#6817);
#6167=PLANE('',#6818);
#6168=PLANE('',#6819);
#6169=PLANE('',#6820);
#6170=PLANE('',#6821);
#6171=PLANE('',#6822);
#6172=PLANE('',#6823);
#6173=PLANE('',#6824);
#6174=PLANE('',#6825);
#6175=PLANE('',#6826);
#6176=PLANE('',#6827);
#6177=PLANE('',#6828);
#6178=PLANE('',#6829);
#6179=PLANE('',#6831);
#6180=PLANE('',#6833);
#6181=ADVANCED_FACE('',(#5638),#6024,.T.);
#6182=ADVANCED_FACE('',(#5639),#6025,.T.);
#6183=ADVANCED_FACE('',(#5640),#6026,.F.);
#6184=ADVANCED_FACE('',(#5641),#6027,.T.);
#6185=ADVANCED_FACE('',(#5642),#421,.F.);
#6186=ADVANCED_FACE('',(#5643,#5644,#5645,#5646,#5647,#5648,#5649,#5650,
#5651,#5652,#5653,#5654,#5655,#5656,#5657,#5658),#6028,.F.);
#6187=ADVANCED_FACE('',(#5659),#6029,.T.);
#6188=ADVANCED_FACE('',(#5660),#6030,.T.);
#6189=ADVANCED_FACE('',(#5661),#6031,.F.);
#6190=ADVANCED_FACE('',(#5662),#6032,.F.);
#6191=ADVANCED_FACE('',(#5663),#6033,.T.);
#6192=ADVANCED_FACE('',(#5664),#6034,.F.);
#6193=ADVANCED_FACE('',(#5665),#6035,.F.);
#6194=ADVANCED_FACE('',(#5666),#422,.F.);
#6195=ADVANCED_FACE('',(#5667),#423,.F.);
#6196=ADVANCED_FACE('',(#5668),#424,.F.);
#6197=ADVANCED_FACE('',(#5669),#425,.F.);
#6198=ADVANCED_FACE('',(#5670),#426,.T.);
#6199=ADVANCED_FACE('',(#5671),#427,.T.);
#6200=ADVANCED_FACE('',(#5672),#428,.T.);
#6201=ADVANCED_FACE('',(#5673),#429,.T.);
#6202=ADVANCED_FACE('',(#5674),#430,.F.);
#6203=ADVANCED_FACE('',(#5675),#151,.F.);
#6204=ADVANCED_FACE('',(#5676),#431,.F.);
#6205=ADVANCED_FACE('',(#5677),#152,.F.);
#6206=ADVANCED_FACE('',(#5678),#432,.F.);
#6207=ADVANCED_FACE('',(#5679),#153,.F.);
#6208=ADVANCED_FACE('',(#5680),#433,.F.);
#6209=ADVANCED_FACE('',(#5681),#154,.F.);
#6210=ADVANCED_FACE('',(#5682),#434,.T.);
#6211=ADVANCED_FACE('',(#5683),#155,.T.);
#6212=ADVANCED_FACE('',(#5684),#156,.T.);
#6213=ADVANCED_FACE('',(#5685),#435,.T.);
#6214=ADVANCED_FACE('',(#5686),#436,.T.);
#6215=ADVANCED_FACE('',(#5687),#157,.T.);
#6216=ADVANCED_FACE('',(#5688),#158,.T.);
#6217=ADVANCED_FACE('',(#5689),#437,.T.);
#6218=ADVANCED_FACE('',(#5690),#26,.T.);
#6219=ADVANCED_FACE('',(#5691),#27,.T.);
#6220=ADVANCED_FACE('',(#5692),#6036,.T.);
#6221=ADVANCED_FACE('',(#5693),#28,.T.);
#6222=ADVANCED_FACE('',(#5694),#29,.T.);
#6223=ADVANCED_FACE('',(#5695),#30,.T.);
#6224=ADVANCED_FACE('',(#5696),#31,.T.);
#6225=ADVANCED_FACE('',(#5697),#438,.T.);
#6226=ADVANCED_FACE('',(#5698),#439,.T.);
#6227=ADVANCED_FACE('',(#5699),#6037,.T.);
#6228=ADVANCED_FACE('',(#5700),#32,.T.);
#6229=ADVANCED_FACE('',(#5701),#440,.F.);
#6230=ADVANCED_FACE('',(#5702),#33,.T.);
#6231=ADVANCED_FACE('',(#5703),#34,.T.);
#6232=ADVANCED_FACE('',(#5704),#35,.T.);
#6233=ADVANCED_FACE('',(#5705),#6038,.T.);
#6234=ADVANCED_FACE('',(#5706),#36,.T.);
#6235=ADVANCED_FACE('',(#5707),#6039,.T.);
#6236=ADVANCED_FACE('',(#5708),#441,.F.);
#6237=ADVANCED_FACE('',(#5709),#6040,.T.);
#6238=ADVANCED_FACE('',(#5710),#6041,.T.);
#6239=ADVANCED_FACE('',(#5711),#6042,.T.);
#6240=ADVANCED_FACE('',(#5712),#6043,.T.);
#6241=ADVANCED_FACE('',(#5713),#6044,.T.);
#6242=ADVANCED_FACE('',(#5714),#6045,.T.);
#6243=ADVANCED_FACE('',(#5715),#6046,.T.);
#6244=ADVANCED_FACE('',(#5716),#6047,.T.);
#6245=ADVANCED_FACE('',(#5717),#6048,.T.);
#6246=ADVANCED_FACE('',(#5718),#6049,.T.);
#6247=ADVANCED_FACE('',(#5719),#6050,.T.);
#6248=ADVANCED_FACE('',(#5720),#6051,.T.);
#6249=ADVANCED_FACE('',(#5721),#6052,.T.);
#6250=ADVANCED_FACE('',(#5722),#37,.T.);
#6251=ADVANCED_FACE('',(#5723),#38,.T.);
#6252=ADVANCED_FACE('',(#5724),#6053,.T.);
#6253=ADVANCED_FACE('',(#5725),#39,.T.);
#6254=ADVANCED_FACE('',(#5726),#40,.T.);
#6255=ADVANCED_FACE('',(#5727),#41,.T.);
#6256=ADVANCED_FACE('',(#5728),#42,.T.);
#6257=ADVANCED_FACE('',(#5729),#43,.T.);
#6258=ADVANCED_FACE('',(#5730),#44,.T.);
#6259=ADVANCED_FACE('',(#5731),#45,.T.);
#6260=ADVANCED_FACE('',(#5732),#6054,.T.);
#6261=ADVANCED_FACE('',(#5733),#46,.T.);
#6262=ADVANCED_FACE('',(#5734),#47,.T.);
#6263=ADVANCED_FACE('',(#5735),#48,.T.);
#6264=ADVANCED_FACE('',(#5736),#49,.T.);
#6265=ADVANCED_FACE('',(#5737),#6055,.T.);
#6266=ADVANCED_FACE('',(#5738),#6056,.T.);
#6267=ADVANCED_FACE('',(#5739),#6057,.T.);
#6268=ADVANCED_FACE('',(#5740),#6058,.T.);
#6269=ADVANCED_FACE('',(#5741),#6059,.T.);
#6270=ADVANCED_FACE('',(#5742),#6060,.T.);
#6271=ADVANCED_FACE('',(#5743),#6061,.T.);
#6272=ADVANCED_FACE('',(#5744),#6062,.T.);
#6273=ADVANCED_FACE('',(#5745),#6063,.T.);
#6274=ADVANCED_FACE('',(#5746),#50,.T.);
#6275=ADVANCED_FACE('',(#5747),#51,.T.);
#6276=ADVANCED_FACE('',(#5748),#52,.T.);
#6277=ADVANCED_FACE('',(#5749),#442,.F.);
#6278=ADVANCED_FACE('',(#5750),#6064,.T.);
#6279=ADVANCED_FACE('',(#5751),#6065,.T.);
#6280=ADVANCED_FACE('',(#5752),#6066,.T.);
#6281=ADVANCED_FACE('',(#5753),#6067,.T.);
#6282=ADVANCED_FACE('',(#5754),#6068,.T.);
#6283=ADVANCED_FACE('',(#5755),#6069,.T.);
#6284=ADVANCED_FACE('',(#5756),#53,.T.);
#6285=ADVANCED_FACE('',(#5757),#54,.T.);
#6286=ADVANCED_FACE('',(#5758),#55,.T.);
#6287=ADVANCED_FACE('',(#5759),#56,.T.);
#6288=ADVANCED_FACE('',(#5760),#6070,.T.);
#6289=ADVANCED_FACE('',(#5761),#6071,.T.);
#6290=ADVANCED_FACE('',(#5762),#6072,.T.);
#6291=ADVANCED_FACE('',(#5763),#6073,.T.);
#6292=ADVANCED_FACE('',(#5764),#6074,.T.);
#6293=ADVANCED_FACE('',(#5765),#6075,.T.);
#6294=ADVANCED_FACE('',(#5766),#6076,.T.);
#6295=ADVANCED_FACE('',(#5767),#6077,.T.);
#6296=ADVANCED_FACE('',(#5768),#6078,.T.);
#6297=ADVANCED_FACE('',(#5769),#6079,.T.);
#6298=ADVANCED_FACE('',(#5770),#6080,.T.);
#6299=ADVANCED_FACE('',(#5771),#6081,.T.);
#6300=ADVANCED_FACE('',(#5772),#6082,.T.);
#6301=ADVANCED_FACE('',(#5773),#6083,.T.);
#6302=ADVANCED_FACE('',(#5774),#57,.T.);
#6303=ADVANCED_FACE('',(#5775),#58,.T.);
#6304=ADVANCED_FACE('',(#5776),#6084,.T.);
#6305=ADVANCED_FACE('',(#5777),#59,.T.);
#6306=ADVANCED_FACE('',(#5778),#60,.T.);
#6307=ADVANCED_FACE('',(#5779),#61,.T.);
#6308=ADVANCED_FACE('',(#5780),#62,.T.);
#6309=ADVANCED_FACE('',(#5781),#443,.T.);
#6310=ADVANCED_FACE('',(#5782),#444,.T.);
#6311=ADVANCED_FACE('',(#5783),#6085,.T.);
#6312=ADVANCED_FACE('',(#5784),#63,.T.);
#6313=ADVANCED_FACE('',(#5785),#445,.F.);
#6314=ADVANCED_FACE('',(#5786),#64,.T.);
#6315=ADVANCED_FACE('',(#5787),#65,.T.);
#6316=ADVANCED_FACE('',(#5788),#66,.T.);
#6317=ADVANCED_FACE('',(#5789),#6086,.T.);
#6318=ADVANCED_FACE('',(#5790),#67,.T.);
#6319=ADVANCED_FACE('',(#5791),#6087,.T.);
#6320=ADVANCED_FACE('',(#5792),#446,.F.);
#6321=ADVANCED_FACE('',(#5793),#6088,.T.);
#6322=ADVANCED_FACE('',(#5794),#6089,.T.);
#6323=ADVANCED_FACE('',(#5795),#6090,.T.);
#6324=ADVANCED_FACE('',(#5796),#6091,.T.);
#6325=ADVANCED_FACE('',(#5797),#6092,.T.);
#6326=ADVANCED_FACE('',(#5798),#6093,.T.);
#6327=ADVANCED_FACE('',(#5799),#6094,.T.);
#6328=ADVANCED_FACE('',(#5800),#6095,.T.);
#6329=ADVANCED_FACE('',(#5801),#6096,.T.);
#6330=ADVANCED_FACE('',(#5802),#6097,.T.);
#6331=ADVANCED_FACE('',(#5803),#6098,.T.);
#6332=ADVANCED_FACE('',(#5804),#6099,.T.);
#6333=ADVANCED_FACE('',(#5805),#6100,.T.);
#6334=ADVANCED_FACE('',(#5806),#68,.T.);
#6335=ADVANCED_FACE('',(#5807),#69,.T.);
#6336=ADVANCED_FACE('',(#5808),#70,.T.);
#6337=ADVANCED_FACE('',(#5809),#71,.T.);
#6338=ADVANCED_FACE('',(#5810),#72,.T.);
#6339=ADVANCED_FACE('',(#5811),#6101,.T.);
#6340=ADVANCED_FACE('',(#5812),#6102,.T.);
#6341=ADVANCED_FACE('',(#5813),#6103,.T.);
#6342=ADVANCED_FACE('',(#5814),#6104,.T.);
#6343=ADVANCED_FACE('',(#5815),#6105,.T.);
#6344=ADVANCED_FACE('',(#5816),#73,.T.);
#6345=ADVANCED_FACE('',(#5817),#74,.T.);
#6346=ADVANCED_FACE('',(#5818),#447,.F.);
#6347=ADVANCED_FACE('',(#5819),#448,.F.);
#6348=ADVANCED_FACE('',(#5820),#6106,.T.);
#6349=ADVANCED_FACE('',(#5821),#75,.T.);
#6350=ADVANCED_FACE('',(#5822),#76,.T.);
#6351=ADVANCED_FACE('',(#5823),#77,.T.);
#6352=ADVANCED_FACE('',(#5824),#6107,.T.);
#6353=ADVANCED_FACE('',(#5825),#6108,.T.);
#6354=ADVANCED_FACE('',(#5826),#78,.T.);
#6355=ADVANCED_FACE('',(#5827),#79,.T.);
#6356=ADVANCED_FACE('',(#5828),#80,.T.);
#6357=ADVANCED_FACE('',(#5829),#81,.T.);
#6358=ADVANCED_FACE('',(#5830),#82,.T.);
#6359=ADVANCED_FACE('',(#5831),#6109,.T.);
#6360=ADVANCED_FACE('',(#5832),#83,.T.);
#6361=ADVANCED_FACE('',(#5833,#5834),#6110,.T.);
#6362=ADVANCED_FACE('',(#5835),#84,.T.);
#6363=ADVANCED_FACE('',(#5836),#85,.T.);
#6364=ADVANCED_FACE('',(#5837),#86,.T.);
#6365=ADVANCED_FACE('',(#5838),#87,.T.);
#6366=ADVANCED_FACE('',(#5839),#88,.T.);
#6367=ADVANCED_FACE('',(#5840),#89,.T.);
#6368=ADVANCED_FACE('',(#5841),#90,.T.);
#6369=ADVANCED_FACE('',(#5842),#91,.T.);
#6370=ADVANCED_FACE('',(#5843),#92,.T.);
#6371=ADVANCED_FACE('',(#5844),#6111,.T.);
#6372=ADVANCED_FACE('',(#5845),#449,.F.);
#6373=ADVANCED_FACE('',(#5846),#6112,.T.);
#6374=ADVANCED_FACE('',(#5847),#6113,.T.);
#6375=ADVANCED_FACE('',(#5848),#6114,.T.);
#6376=ADVANCED_FACE('',(#5849),#6115,.T.);
#6377=ADVANCED_FACE('',(#5850),#6116,.T.);
#6378=ADVANCED_FACE('',(#5851),#6117,.T.);
#6379=ADVANCED_FACE('',(#5852),#450,.F.);
#6380=ADVANCED_FACE('',(#5853),#93,.T.);
#6381=ADVANCED_FACE('',(#5854),#94,.T.);
#6382=ADVANCED_FACE('',(#5855),#95,.T.);
#6383=ADVANCED_FACE('',(#5856),#96,.T.);
#6384=ADVANCED_FACE('',(#5857),#97,.T.);
#6385=ADVANCED_FACE('',(#5858,#5859),#6118,.T.);
#6386=ADVANCED_FACE('',(#5860),#98,.T.);
#6387=ADVANCED_FACE('',(#5861),#99,.T.);
#6388=ADVANCED_FACE('',(#5862),#100,.T.);
#6389=ADVANCED_FACE('',(#5863),#101,.T.);
#6390=ADVANCED_FACE('',(#5864),#102,.T.);
#6391=ADVANCED_FACE('',(#5865),#6119,.T.);
#6392=ADVANCED_FACE('',(#5866),#6120,.T.);
#6393=ADVANCED_FACE('',(#5867),#6121,.T.);
#6394=ADVANCED_FACE('',(#5868),#6122,.T.);
#6395=ADVANCED_FACE('',(#5869),#6123,.T.);
#6396=ADVANCED_FACE('',(#5870),#103,.T.);
#6397=ADVANCED_FACE('',(#5871),#104,.T.);
#6398=ADVANCED_FACE('',(#5872),#451,.F.);
#6399=ADVANCED_FACE('',(#5873),#452,.F.);
#6400=ADVANCED_FACE('',(#5874),#6124,.T.);
#6401=ADVANCED_FACE('',(#5875),#105,.T.);
#6402=ADVANCED_FACE('',(#5876),#106,.T.);
#6403=ADVANCED_FACE('',(#5877),#107,.T.);
#6404=ADVANCED_FACE('',(#5878),#6125,.T.);
#6405=ADVANCED_FACE('',(#5879),#6126,.T.);
#6406=ADVANCED_FACE('',(#5880),#108,.T.);
#6407=ADVANCED_FACE('',(#5881),#109,.T.);
#6408=ADVANCED_FACE('',(#5882),#110,.T.);
#6409=ADVANCED_FACE('',(#5883),#111,.T.);
#6410=ADVANCED_FACE('',(#5884),#112,.T.);
#6411=ADVANCED_FACE('',(#5885),#6127,.T.);
#6412=ADVANCED_FACE('',(#5886),#113,.T.);
#6413=ADVANCED_FACE('',(#5887,#5888),#6128,.T.);
#6414=ADVANCED_FACE('',(#5889),#6129,.T.);
#6415=ADVANCED_FACE('',(#5890),#6130,.T.);
#6416=ADVANCED_FACE('',(#5891),#6131,.T.);
#6417=ADVANCED_FACE('',(#5892),#114,.T.);
#6418=ADVANCED_FACE('',(#5893),#115,.T.);
#6419=ADVANCED_FACE('',(#5894),#116,.T.);
#6420=ADVANCED_FACE('',(#5895),#117,.T.);
#6421=ADVANCED_FACE('',(#5896),#118,.T.);
#6422=ADVANCED_FACE('',(#5897),#6132,.T.);
#6423=ADVANCED_FACE('',(#5898),#6133,.T.);
#6424=ADVANCED_FACE('',(#5899),#6134,.T.);
#6425=ADVANCED_FACE('',(#5900),#6135,.T.);
#6426=ADVANCED_FACE('',(#5901),#6136,.T.);
#6427=ADVANCED_FACE('',(#5902),#119,.T.);
#6428=ADVANCED_FACE('',(#5903),#120,.T.);
#6429=ADVANCED_FACE('',(#5904,#5905),#6137,.T.);
#6430=ADVANCED_FACE('',(#5906),#121,.T.);
#6431=ADVANCED_FACE('',(#5907),#122,.T.);
#6432=ADVANCED_FACE('',(#5908),#123,.T.);
#6433=ADVANCED_FACE('',(#5909),#124,.T.);
#6434=ADVANCED_FACE('',(#5910),#125,.T.);
#6435=ADVANCED_FACE('',(#5911),#6138,.T.);
#6436=ADVANCED_FACE('',(#5912),#6139,.T.);
#6437=ADVANCED_FACE('',(#5913),#6140,.T.);
#6438=ADVANCED_FACE('',(#5914),#6141,.T.);
#6439=ADVANCED_FACE('',(#5915),#6142,.T.);
#6440=ADVANCED_FACE('',(#5916),#126,.T.);
#6441=ADVANCED_FACE('',(#5917),#127,.T.);
#6442=ADVANCED_FACE('',(#5918),#453,.F.);
#6443=ADVANCED_FACE('',(#5919),#454,.F.);
#6444=ADVANCED_FACE('',(#5920),#6143,.T.);
#6445=ADVANCED_FACE('',(#5921),#128,.T.);
#6446=ADVANCED_FACE('',(#5922),#129,.T.);
#6447=ADVANCED_FACE('',(#5923),#130,.T.);
#6448=ADVANCED_FACE('',(#5924),#6144,.T.);
#6449=ADVANCED_FACE('',(#5925),#6145,.T.);
#6450=ADVANCED_FACE('',(#5926),#131,.T.);
#6451=ADVANCED_FACE('',(#5927),#132,.T.);
#6452=ADVANCED_FACE('',(#5928),#133,.T.);
#6453=ADVANCED_FACE('',(#5929),#134,.T.);
#6454=ADVANCED_FACE('',(#5930),#135,.T.);
#6455=ADVANCED_FACE('',(#5931),#6146,.T.);
#6456=ADVANCED_FACE('',(#5932),#136,.T.);
#6457=ADVANCED_FACE('',(#5933,#5934),#6147,.T.);
#6458=ADVANCED_FACE('',(#5935),#137,.T.);
#6459=ADVANCED_FACE('',(#5936),#138,.T.);
#6460=ADVANCED_FACE('',(#5937),#139,.T.);
#6461=ADVANCED_FACE('',(#5938),#140,.T.);
#6462=ADVANCED_FACE('',(#5939),#141,.T.);
#6463=ADVANCED_FACE('',(#5940),#142,.T.);
#6464=ADVANCED_FACE('',(#5941),#143,.T.);
#6465=ADVANCED_FACE('',(#5942),#6148,.T.);
#6466=ADVANCED_FACE('',(#5943),#6149,.T.);
#6467=ADVANCED_FACE('',(#5944),#6150,.T.);
#6468=ADVANCED_FACE('',(#5945),#6151,.T.);
#6469=ADVANCED_FACE('',(#5946),#6152,.T.);
#6470=ADVANCED_FACE('',(#5947),#6153,.T.);
#6471=ADVANCED_FACE('',(#5948),#6154,.T.);
#6472=ADVANCED_FACE('',(#5949),#6155,.T.);
#6473=ADVANCED_FACE('',(#5950),#6156,.T.);
#6474=ADVANCED_FACE('',(#5951),#6157,.T.);
#6475=ADVANCED_FACE('',(#5952),#144,.T.);
#6476=ADVANCED_FACE('',(#5953),#145,.T.);
#6477=ADVANCED_FACE('',(#5954),#146,.T.);
#6478=ADVANCED_FACE('',(#5955),#147,.T.);
#6479=ADVANCED_FACE('',(#5956),#148,.T.);
#6480=ADVANCED_FACE('',(#5957),#149,.T.);
#6481=ADVANCED_FACE('',(#5958),#150,.T.);
#6482=ADVANCED_FACE('',(#5959,#5960),#6158,.T.);
#6483=ADVANCED_FACE('',(#5961),#6159,.T.);
#6484=ADVANCED_FACE('',(#5962),#6160,.T.);
#6485=ADVANCED_FACE('',(#5963),#6161,.T.);
#6486=ADVANCED_FACE('',(#5964),#6162,.T.);
#6487=ADVANCED_FACE('',(#5965),#6163,.T.);
#6488=ADVANCED_FACE('',(#5966),#6164,.T.);
#6489=ADVANCED_FACE('',(#5967),#6165,.T.);
#6490=ADVANCED_FACE('',(#5968),#6166,.T.);
#6491=ADVANCED_FACE('',(#5969),#6167,.T.);
#6492=ADVANCED_FACE('',(#5970),#6168,.T.);
#6493=ADVANCED_FACE('',(#5971),#6169,.T.);
#6494=ADVANCED_FACE('',(#5972),#6170,.T.);
#6495=ADVANCED_FACE('',(#5973),#6171,.T.);
#6496=ADVANCED_FACE('',(#5974),#6172,.F.);
#6497=ADVANCED_FACE('',(#5975),#6173,.F.);
#6498=ADVANCED_FACE('',(#5976),#6174,.F.);
#6499=ADVANCED_FACE('',(#5977),#6175,.F.);
#6500=ADVANCED_FACE('',(#5978),#6176,.F.);
#6501=ADVANCED_FACE('',(#5979),#6177,.F.);
#6502=ADVANCED_FACE('',(#5980),#6178,.T.);
#6503=ADVANCED_FACE('',(#5981),#6179,.F.);
#6504=ADVANCED_FACE('',(#5982),#6180,.T.);
#6505=ADVANCED_FACE('',(#5983),#455,.T.);
#6506=ADVANCED_FACE('',(#5984),#18,.T.);
#6507=ADVANCED_FACE('',(#5985),#19,.T.);
#6508=ADVANCED_FACE('',(#5986),#456,.F.);
#6509=ADVANCED_FACE('',(#5987),#457,.F.);
#6510=ADVANCED_FACE('',(#5988),#458,.F.);
#6511=ADVANCED_FACE('',(#5989),#459,.T.);
#6512=ADVANCED_FACE('',(#5990),#460,.T.);
#6513=ADVANCED_FACE('',(#5991),#20,.T.);
#6514=ADVANCED_FACE('',(#5992),#21,.T.);
#6515=ADVANCED_FACE('',(#5993),#12,.T.);
#6516=ADVANCED_FACE('',(#5994),#13,.T.);
#6517=ADVANCED_FACE('',(#5995),#461,.T.);
#6518=ADVANCED_FACE('',(#5996),#462,.T.);
#6519=ADVANCED_FACE('',(#5997),#463,.T.);
#6520=ADVANCED_FACE('',(#5998),#464,.T.);
#6521=ADVANCED_FACE('',(#5999),#465,.T.);
#6522=ADVANCED_FACE('',(#6000),#159,.T.);
#6523=ADVANCED_FACE('',(#6001),#466,.T.);
#6524=ADVANCED_FACE('',(#6002),#22,.T.);
#6525=ADVANCED_FACE('',(#6003),#467,.T.);
#6526=ADVANCED_FACE('',(#6004),#23,.T.);
#6527=ADVANCED_FACE('',(#6005),#468,.T.);
#6528=ADVANCED_FACE('',(#6006),#24,.T.);
#6529=ADVANCED_FACE('',(#6007),#469,.T.);
#6530=ADVANCED_FACE('',(#6008),#25,.T.);
#6531=ADVANCED_FACE('',(#6009),#470,.T.);
#6532=ADVANCED_FACE('',(#6010),#160,.T.);
#6533=ADVANCED_FACE('',(#6011),#471,.T.);
#6534=ADVANCED_FACE('',(#6012),#472,.T.);
#6535=ADVANCED_FACE('',(#6013),#161,.T.);
#6536=ADVANCED_FACE('',(#6014),#473,.T.);
#6537=ADVANCED_FACE('',(#6015),#162,.T.);
#6538=ADVANCED_FACE('',(#6016),#474,.T.);
#6539=ADVANCED_FACE('',(#6017),#163,.T.);
#6540=ADVANCED_FACE('',(#6018),#475,.T.);
#6541=ADVANCED_FACE('',(#6019),#164,.T.);
#6542=ADVANCED_FACE('',(#6020),#476,.T.);
#6543=ADVANCED_FACE('',(#6021),#165,.T.);
#6544=ADVANCED_FACE('',(#6022),#477,.T.);
#6545=ADVANCED_FACE('',(#6023),#166,.T.);
#6546=CLOSED_SHELL('',(#6181,#6182,#6183,#6184,#6185,#6186,#6187,#6188,
#6189,#6190,#6191,#6192,#6193,#6194,#6195,#6196,#6197,#6198,#6199,#6200,
#6201,#6202,#6203,#6204,#6205,#6206,#6207,#6208,#6209,#6210,#6211,#6212,
#6213,#6214,#6215,#6216,#6217,#6218,#6219,#6220,#6221,#6222,#6223,#6224,
#6225,#6226,#6227,#6228,#6229,#6230,#6231,#6232,#6233,#6234,#6235,#6236,
#6237,#6238,#6239,#6240,#6241,#6242,#6243,#6244,#6245,#6246,#6247,#6248,
#6249,#6250,#6251,#6252,#6253,#6254,#6255,#6256,#6257,#6258,#6259,#6260,
#6261,#6262,#6263,#6264,#6265,#6266,#6267,#6268,#6269,#6270,#6271,#6272,
#6273,#6274,#6275,#6276,#6277,#6278,#6279,#6280,#6281,#6282,#6283,#6284,
#6285,#6286,#6287,#6288,#6289,#6290,#6291,#6292,#6293,#6294,#6295,#6296,
#6297,#6298,#6299,#6300,#6301,#6302,#6303,#6304,#6305,#6306,#6307,#6308,
#6309,#6310,#6311,#6312,#6313,#6314,#6315,#6316,#6317,#6318,#6319,#6320,
#6321,#6322,#6323,#6324,#6325,#6326,#6327,#6328,#6329,#6330,#6331,#6332,
#6333,#6334,#6335,#6336,#6337,#6338,#6339,#6340,#6341,#6342,#6343,#6344,
#6345,#6346,#6347,#6348,#6349,#6350,#6351,#6352,#6353,#6354,#6355,#6356,
#6357,#6358,#6359,#6360,#6361,#6362,#6363,#6364,#6365,#6366,#6367,#6368,
#6369,#6370,#6371,#6372,#6373,#6374,#6375,#6376,#6377,#6378,#6379,#6380,
#6381,#6382,#6383,#6384,#6385,#6386,#6387,#6388,#6389,#6390,#6391,#6392,
#6393,#6394,#6395,#6396,#6397,#6398,#6399,#6400,#6401,#6402,#6403,#6404,
#6405,#6406,#6407,#6408,#6409,#6410,#6411,#6412,#6413,#6414,#6415,#6416,
#6417,#6418,#6419,#6420,#6421,#6422,#6423,#6424,#6425,#6426,#6427,#6428,
#6429,#6430,#6431,#6432,#6433,#6434,#6435,#6436,#6437,#6438,#6439,#6440,
#6441,#6442,#6443,#6444,#6445,#6446,#6447,#6448,#6449,#6450,#6451,#6452,
#6453,#6454,#6455,#6456,#6457,#6458,#6459,#6460,#6461,#6462,#6463,#6464,
#6465,#6466,#6467,#6468,#6469,#6470,#6471,#6472,#6473,#6474,#6475,#6476,
#6477,#6478,#6479,#6480,#6481,#6482,#6483,#6484,#6485,#6486,#6487,#6488,
#6489,#6490,#6491,#6492,#6493,#6494,#6495,#6496,#6497,#6498,#6499,#6500,
#6501,#6502,#6503,#6504,#6505,#6506,#6507,#6508,#6509,#6510,#6511,#6512,
#6513,#6514,#6515,#6516,#6517,#6518,#6519,#6520,#6521,#6522,#6523,#6524,
#6525,#6526,#6527,#6528,#6529,#6530,#6531,#6532,#6533,#6534,#6535,#6536,
#6537,#6538,#6539,#6540,#6541,#6542,#6543,#6544,#6545));
#6547=STYLED_ITEM('',(#6548),#6555);
#6548=PRESENTATION_STYLE_ASSIGNMENT((#6549));
#6549=SURFACE_STYLE_USAGE(.BOTH.,#6550);
#6550=SURFACE_SIDE_STYLE('',(#6551));
#6551=SURFACE_STYLE_FILL_AREA(#6552);
#6552=FILL_AREA_STYLE('',(#6553));
#6553=FILL_AREA_STYLE_COLOUR('',#6554);
#6554=COLOUR_RGB('',0.301960784313725,0.301960784313725,0.301960784313725);
#6555=MANIFOLD_SOLID_BREP('Part 1',#6546);
#6556=SHAPE_DEFINITION_REPRESENTATION(#11582,#6557);
#6557=SHAPE_REPRESENTATION('Part 1',(#6558),#11577);
#6558=AXIS2_PLACEMENT_3D('',#8219,#6917,#6918);
#6559=AXIS2_PLACEMENT_3D('',#8220,#6919,#6920);
#6560=AXIS2_PLACEMENT_3D('',#8234,#6927,#6928);
#6561=AXIS2_PLACEMENT_3D('',#8238,#6930,#6931);
#6562=AXIS2_PLACEMENT_3D('',#8242,#6933,#6934);
#6563=AXIS2_PLACEMENT_3D('',#8246,#6936,#6937);
#6564=AXIS2_PLACEMENT_3D('',#8253,#6941,#6942);
#6565=AXIS2_PLACEMENT_3D('',#8261,#6946,#6947);
#6566=AXIS2_PLACEMENT_3D('',#8265,#6949,#6950);
#6567=AXIS2_PLACEMENT_3D('',#8274,#6955,#6956);
#6568=AXIS2_PLACEMENT_3D('',#8283,#6961,#6962);
#6569=AXIS2_PLACEMENT_3D('',#8300,#6971,#6972);
#6570=AXIS2_PLACEMENT_3D('',#8306,#6973,#6974);
#6571=AXIS2_PLACEMENT_3D('',#8307,#6975,#6976);
#6572=AXIS2_PLACEMENT_3D('',#8308,#6977,#6978);
#6573=AXIS2_PLACEMENT_3D('',#8394,#6993,#6994);
#6574=AXIS2_PLACEMENT_3D('',#8408,#7001,#7002);
#6575=AXIS2_PLACEMENT_3D('',#8444,#7016,#7017);
#6576=AXIS2_PLACEMENT_3D('',#8508,#7047,#7048);
#6577=AXIS2_PLACEMENT_3D('',#8536,#7054,#7055);
#6578=AXIS2_PLACEMENT_3D('',#8544,#7057,#7058);
#6579=AXIS2_PLACEMENT_3D('',#8546,#7059,#7060);
#6580=AXIS2_PLACEMENT_3D('',#8656,#7071,#7072);
#6581=AXIS2_PLACEMENT_3D('',#8690,#7075,#7076);
#6582=AXIS2_PLACEMENT_3D('',#8698,#7078,#7079);
#6583=AXIS2_PLACEMENT_3D('',#8700,#7080,#7081);
#6584=AXIS2_PLACEMENT_3D('',#8766,#7088,#7089);
#6585=AXIS2_PLACEMENT_3D('',#8768,#7090,#7091);
#6586=AXIS2_PLACEMENT_3D('',#8824,#7099,#7100);
#6587=AXIS2_PLACEMENT_3D('',#8826,#7101,#7102);
#6588=AXIS2_PLACEMENT_3D('',#8882,#7110,#7111);
#6589=AXIS2_PLACEMENT_3D('',#8884,#7112,#7113);
#6590=AXIS2_PLACEMENT_3D('',#8921,#7128,#7129);
#6591=AXIS2_PLACEMENT_3D('',#8930,#7134,#7135);
#6592=AXIS2_PLACEMENT_3D('',#8939,#7140,#7141);
#6593=AXIS2_PLACEMENT_3D('',#8948,#7146,#7147);
#6594=AXIS2_PLACEMENT_3D('',#8957,#7152,#7153);
#6595=AXIS2_PLACEMENT_3D('',#8966,#7158,#7159);
#6596=AXIS2_PLACEMENT_3D('',#8975,#7164,#7165);
#6597=AXIS2_PLACEMENT_3D('',#8984,#7170,#7171);
#6598=AXIS2_PLACEMENT_3D('',#8985,#7172,#7173);
#6599=AXIS2_PLACEMENT_3D('',#8986,#7174,#7175);
#6600=AXIS2_PLACEMENT_3D('',#8987,#7176,#7177);
#6601=AXIS2_PLACEMENT_3D('',#8988,#7178,#7179);
#6602=AXIS2_PLACEMENT_3D('',#8994,#7180,#7181);
#6603=AXIS2_PLACEMENT_3D('',#8995,#7182,#7183);
#6604=AXIS2_PLACEMENT_3D('',#8996,#7184,#7185);
#6605=AXIS2_PLACEMENT_3D('',#8997,#7186,#7187);
#6606=AXIS2_PLACEMENT_3D('',#8998,#7188,#7189);
#6607=AXIS2_PLACEMENT_3D('',#8999,#7190,#7191);
#6608=AXIS2_PLACEMENT_3D('',#9000,#7192,#7193);
#6609=AXIS2_PLACEMENT_3D('',#9001,#7194,#7195);
#6610=AXIS2_PLACEMENT_3D('',#9002,#7196,#7197);
#6611=AXIS2_PLACEMENT_3D('',#9003,#7198,#7199);
#6612=AXIS2_PLACEMENT_3D('',#9004,#7200,#7201);
#6613=AXIS2_PLACEMENT_3D('',#9005,#7202,#7203);
#6614=AXIS2_PLACEMENT_3D('',#9006,#7204,#7205);
#6615=AXIS2_PLACEMENT_3D('',#9007,#7206,#7207);
#6616=AXIS2_PLACEMENT_3D('',#9008,#7208,#7209);
#6617=AXIS2_PLACEMENT_3D('',#9009,#7210,#7211);
#6618=AXIS2_PLACEMENT_3D('',#9010,#7212,#7213);
#6619=AXIS2_PLACEMENT_3D('',#9011,#7214,#7215);
#6620=AXIS2_PLACEMENT_3D('',#9012,#7216,#7217);
#6621=AXIS2_PLACEMENT_3D('',#9013,#7218,#7219);
#6622=AXIS2_PLACEMENT_3D('',#9014,#7220,#7221);
#6623=AXIS2_PLACEMENT_3D('',#9015,#7222,#7223);
#6624=AXIS2_PLACEMENT_3D('',#9016,#7224,#7225);
#6625=AXIS2_PLACEMENT_3D('',#9017,#7226,#7227);
#6626=AXIS2_PLACEMENT_3D('',#9018,#7228,#7229);
#6627=AXIS2_PLACEMENT_3D('',#9019,#7230,#7231);
#6628=AXIS2_PLACEMENT_3D('',#9020,#7232,#7233);
#6629=AXIS2_PLACEMENT_3D('',#9021,#7234,#7235);
#6630=AXIS2_PLACEMENT_3D('',#9022,#7236,#7237);
#6631=AXIS2_PLACEMENT_3D('',#9023,#7238,#7239);
#6632=AXIS2_PLACEMENT_3D('',#9024,#7240,#7241);
#6633=AXIS2_PLACEMENT_3D('',#9025,#7242,#7243);
#6634=AXIS2_PLACEMENT_3D('',#9026,#7244,#7245);
#6635=AXIS2_PLACEMENT_3D('',#9027,#7246,#7247);
#6636=AXIS2_PLACEMENT_3D('',#9028,#7248,#7249);
#6637=AXIS2_PLACEMENT_3D('',#9029,#7250,#7251);
#6638=AXIS2_PLACEMENT_3D('',#9030,#7252,#7253);
#6639=AXIS2_PLACEMENT_3D('',#9031,#7254,#7255);
#6640=AXIS2_PLACEMENT_3D('',#9032,#7256,#7257);
#6641=AXIS2_PLACEMENT_3D('',#9033,#7258,#7259);
#6642=AXIS2_PLACEMENT_3D('',#9034,#7260,#7261);
#6643=AXIS2_PLACEMENT_3D('',#9035,#7262,#7263);
#6644=AXIS2_PLACEMENT_3D('',#9036,#7264,#7265);
#6645=AXIS2_PLACEMENT_3D('',#9037,#7266,#7267);
#6646=AXIS2_PLACEMENT_3D('',#9038,#7268,#7269);
#6647=AXIS2_PLACEMENT_3D('',#9039,#7270,#7271);
#6648=AXIS2_PLACEMENT_3D('',#9040,#7272,#7273);
#6649=AXIS2_PLACEMENT_3D('',#9041,#7274,#7275);
#6650=AXIS2_PLACEMENT_3D('',#9042,#7276,#7277);
#6651=AXIS2_PLACEMENT_3D('',#9043,#7278,#7279);
#6652=AXIS2_PLACEMENT_3D('',#9044,#7280,#7281);
#6653=AXIS2_PLACEMENT_3D('',#9073,#7285,#7286);
#6654=AXIS2_PLACEMENT_3D('',#9129,#7293,#7294);
#6655=AXIS2_PLACEMENT_3D('',#9132,#7296,#7297);
#6656=AXIS2_PLACEMENT_3D('',#9133,#7298,#7299);
#6657=AXIS2_PLACEMENT_3D('',#9136,#7301,#7302);
#6658=AXIS2_PLACEMENT_3D('',#9137,#7303,#7304);
#6659=AXIS2_PLACEMENT_3D('',#9154,#7308,#7309);
#6660=AXIS2_PLACEMENT_3D('',#9157,#7311,#7312);
#6661=AXIS2_PLACEMENT_3D('',#9195,#7315,#7316);
#6662=AXIS2_PLACEMENT_3D('',#9211,#7319,#7320);
#6663=AXIS2_PLACEMENT_3D('',#9215,#7323,#7324);
#6664=AXIS2_PLACEMENT_3D('',#9218,#7326,#7327);
#6665=AXIS2_PLACEMENT_3D('',#9219,#7328,#7329);
#6666=AXIS2_PLACEMENT_3D('',#9223,#7332,#7333);
#6667=AXIS2_PLACEMENT_3D('',#9227,#7336,#7337);
#6668=AXIS2_PLACEMENT_3D('',#9231,#7340,#7341);
#6669=AXIS2_PLACEMENT_3D('',#9235,#7344,#7345);
#6670=AXIS2_PLACEMENT_3D('',#9239,#7348,#7349);
#6671=AXIS2_PLACEMENT_3D('',#9243,#7352,#7353);
#6672=AXIS2_PLACEMENT_3D('',#9247,#7356,#7357);
#6673=AXIS2_PLACEMENT_3D('',#9251,#7360,#7361);
#6674=AXIS2_PLACEMENT_3D('',#9255,#7364,#7365);
#6675=AXIS2_PLACEMENT_3D('',#9259,#7368,#7369);
#6676=AXIS2_PLACEMENT_3D('',#9263,#7372,#7373);
#6677=AXIS2_PLACEMENT_3D('',#9265,#7375,#7376);
#6678=AXIS2_PLACEMENT_3D('',#9294,#7380,#7381);
#6679=AXIS2_PLACEMENT_3D('',#9389,#7391,#7392);
#6680=AXIS2_PLACEMENT_3D('',#9443,#7398,#7399);
#6681=AXIS2_PLACEMENT_3D('',#9444,#7400,#7401);
#6682=AXIS2_PLACEMENT_3D('',#9450,#7405,#7406);
#6683=AXIS2_PLACEMENT_3D('',#9454,#7409,#7410);
#6684=AXIS2_PLACEMENT_3D('',#9458,#7413,#7414);
#6685=AXIS2_PLACEMENT_3D('',#9460,#7416,#7417);
#6686=AXIS2_PLACEMENT_3D('',#9461,#7418,#7419);
#6687=AXIS2_PLACEMENT_3D('',#9467,#7423,#7424);
#6688=AXIS2_PLACEMENT_3D('',#9471,#7427,#7428);
#6689=AXIS2_PLACEMENT_3D('',#9514,#7434,#7435);
#6690=AXIS2_PLACEMENT_3D('',#9517,#7437,#7438);
#6691=AXIS2_PLACEMENT_3D('',#9518,#7439,#7440);
#6692=AXIS2_PLACEMENT_3D('',#9522,#7443,#7444);
#6693=AXIS2_PLACEMENT_3D('',#9526,#7447,#7448);
#6694=AXIS2_PLACEMENT_3D('',#9530,#7451,#7452);
#6695=AXIS2_PLACEMENT_3D('',#9534,#7455,#7456);
#6696=AXIS2_PLACEMENT_3D('',#9538,#7459,#7460);
#6697=AXIS2_PLACEMENT_3D('',#9592,#7466,#7467);
#6698=AXIS2_PLACEMENT_3D('',#9593,#7468,#7469);
#6699=AXIS2_PLACEMENT_3D('',#9599,#7473,#7474);
#6700=AXIS2_PLACEMENT_3D('',#9603,#7477,#7478);
#6701=AXIS2_PLACEMENT_3D('',#9607,#7481,#7482);
#6702=AXIS2_PLACEMENT_3D('',#9611,#7485,#7486);
#6703=AXIS2_PLACEMENT_3D('',#9615,#7489,#7490);
#6704=AXIS2_PLACEMENT_3D('',#9619,#7493,#7494);
#6705=AXIS2_PLACEMENT_3D('',#9623,#7497,#7498);
#6706=AXIS2_PLACEMENT_3D('',#9627,#7501,#7502);
#6707=AXIS2_PLACEMENT_3D('',#9631,#7505,#7506);
#6708=AXIS2_PLACEMENT_3D('',#9635,#7509,#7510);
#6709=AXIS2_PLACEMENT_3D('',#9639,#7513,#7514);
#6710=AXIS2_PLACEMENT_3D('',#9641,#7516,#7517);
#6711=AXIS2_PLACEMENT_3D('',#9670,#7521,#7522);
#6712=AXIS2_PLACEMENT_3D('',#9726,#7529,#7530);
#6713=AXIS2_PLACEMENT_3D('',#9729,#7532,#7533);
#6714=AXIS2_PLACEMENT_3D('',#9730,#7534,#7535);
#6715=AXIS2_PLACEMENT_3D('',#9733,#7537,#7538);
#6716=AXIS2_PLACEMENT_3D('',#9734,#7539,#7540);
#6717=AXIS2_PLACEMENT_3D('',#9751,#7544,#7545);
#6718=AXIS2_PLACEMENT_3D('',#9754,#7547,#7548);
#6719=AXIS2_PLACEMENT_3D('',#9792,#7551,#7552);
#6720=AXIS2_PLACEMENT_3D('',#9808,#7555,#7556);
#6721=AXIS2_PLACEMENT_3D('',#9812,#7559,#7560);
#6722=AXIS2_PLACEMENT_3D('',#9815,#7562,#7563);
#6723=AXIS2_PLACEMENT_3D('',#9816,#7564,#7565);
#6724=AXIS2_PLACEMENT_3D('',#9820,#7568,#7569);
#6725=AXIS2_PLACEMENT_3D('',#9824,#7572,#7573);
#6726=AXIS2_PLACEMENT_3D('',#9828,#7576,#7577);
#6727=AXIS2_PLACEMENT_3D('',#9832,#7580,#7581);
#6728=AXIS2_PLACEMENT_3D('',#9836,#7584,#7585);
#6729=AXIS2_PLACEMENT_3D('',#9840,#7588,#7589);
#6730=AXIS2_PLACEMENT_3D('',#9844,#7592,#7593);
#6731=AXIS2_PLACEMENT_3D('',#9848,#7596,#7597);
#6732=AXIS2_PLACEMENT_3D('',#9852,#7600,#7601);
#6733=AXIS2_PLACEMENT_3D('',#9856,#7604,#7605);
#6734=AXIS2_PLACEMENT_3D('',#9860,#7608,#7609);
#6735=AXIS2_PLACEMENT_3D('',#9862,#7611,#7612);
#6736=AXIS2_PLACEMENT_3D('',#9951,#7619,#7620);
#6737=AXIS2_PLACEMENT_3D('',#9957,#7624,#7625);
#6738=AXIS2_PLACEMENT_3D('',#9963,#7629,#7630);
#6739=AXIS2_PLACEMENT_3D('',#9969,#7634,#7635);
#6740=AXIS2_PLACEMENT_3D('',#9973,#7638,#7639);
#6741=AXIS2_PLACEMENT_3D('',#10003,#7644,#7645);
#6742=AXIS2_PLACEMENT_3D('',#10006,#7647,#7648);
#6743=AXIS2_PLACEMENT_3D('',#10007,#7649,#7650);
#6744=AXIS2_PLACEMENT_3D('',#10010,#7652,#7653);
#6745=AXIS2_PLACEMENT_3D('',#10011,#7654,#7655);
#6746=AXIS2_PLACEMENT_3D('',#10054,#7661,#7662);
#6747=AXIS2_PLACEMENT_3D('',#10058,#7665,#7666);
#6748=AXIS2_PLACEMENT_3D('',#10127,#7674,#7675);
#6749=AXIS2_PLACEMENT_3D('',#10143,#7677,#7678);
#6750=AXIS2_PLACEMENT_3D('',#10294,#7690,#7691);
#6751=AXIS2_PLACEMENT_3D('',#10298,#7694,#7695);
#6752=AXIS2_PLACEMENT_3D('',#10301,#7697,#7698);
#6753=AXIS2_PLACEMENT_3D('',#10302,#7699,#7700);
#6754=AXIS2_PLACEMENT_3D('',#10306,#7703,#7704);
#6755=AXIS2_PLACEMENT_3D('',#10310,#7707,#7708);
#6756=AXIS2_PLACEMENT_3D('',#10314,#7711,#7712);
#6757=AXIS2_PLACEMENT_3D('',#10318,#7715,#7716);
#6758=AXIS2_PLACEMENT_3D('',#10322,#7719,#7720);
#6759=AXIS2_PLACEMENT_3D('',#10326,#7723,#7724);
#6760=AXIS2_PLACEMENT_3D('',#10329,#7726,#7727);
#6761=AXIS2_PLACEMENT_3D('',#10394,#7731,#7732);
#6762=AXIS2_PLACEMENT_3D('',#10483,#7739,#7740);
#6763=AXIS2_PLACEMENT_3D('',#10489,#7744,#7745);
#6764=AXIS2_PLACEMENT_3D('',#10495,#7749,#7750);
#6765=AXIS2_PLACEMENT_3D('',#10501,#7754,#7755);
#6766=AXIS2_PLACEMENT_3D('',#10505,#7758,#7759);
#6767=AXIS2_PLACEMENT_3D('',#10535,#7764,#7765);
#6768=AXIS2_PLACEMENT_3D('',#10538,#7767,#7768);
#6769=AXIS2_PLACEMENT_3D('',#10539,#7769,#7770);
#6770=AXIS2_PLACEMENT_3D('',#10542,#7772,#7773);
#6771=AXIS2_PLACEMENT_3D('',#10543,#7774,#7775);
#6772=AXIS2_PLACEMENT_3D('',#10586,#7781,#7782);
#6773=AXIS2_PLACEMENT_3D('',#10590,#7785,#7786);
#6774=AXIS2_PLACEMENT_3D('',#10659,#7794,#7795);
#6775=AXIS2_PLACEMENT_3D('',#10675,#7797,#7798);
#6776=AXIS2_PLACEMENT_3D('',#10676,#7799,#7800);
#6777=AXIS2_PLACEMENT_3D('',#10685,#7805,#7806);
#6778=AXIS2_PLACEMENT_3D('',#10691,#7810,#7811);
#6779=AXIS2_PLACEMENT_3D('',#10776,#7821,#7822);
#6780=AXIS2_PLACEMENT_3D('',#10780,#7825,#7826);
#6781=AXIS2_PLACEMENT_3D('',#10784,#7829,#7830);
#6782=AXIS2_PLACEMENT_3D('',#10788,#7833,#7834);
#6783=AXIS2_PLACEMENT_3D('',#10792,#7837,#7838);
#6784=AXIS2_PLACEMENT_3D('',#10821,#7841,#7842);
#6785=AXIS2_PLACEMENT_3D('',#10910,#7849,#7850);
#6786=AXIS2_PLACEMENT_3D('',#10916,#7854,#7855);
#6787=AXIS2_PLACEMENT_3D('',#10922,#7859,#7860);
#6788=AXIS2_PLACEMENT_3D('',#10928,#7864,#7865);
#6789=AXIS2_PLACEMENT_3D('',#10932,#7868,#7869);
#6790=AXIS2_PLACEMENT_3D('',#10962,#7874,#7875);
#6791=AXIS2_PLACEMENT_3D('',#10965,#7877,#7878);
#6792=AXIS2_PLACEMENT_3D('',#10966,#7879,#7880);
#6793=AXIS2_PLACEMENT_3D('',#10969,#7882,#7883);
#6794=AXIS2_PLACEMENT_3D('',#10970,#7884,#7885);
#6795=AXIS2_PLACEMENT_3D('',#11013,#7891,#7892);
#6796=AXIS2_PLACEMENT_3D('',#11017,#7895,#7896);
#6797=AXIS2_PLACEMENT_3D('',#11086,#7904,#7905);
#6798=AXIS2_PLACEMENT_3D('',#11102,#7907,#7908);
#6799=AXIS2_PLACEMENT_3D('',#11225,#7917,#7918);
#6800=AXIS2_PLACEMENT_3D('',#11231,#7922,#7923);
#6801=AXIS2_PLACEMENT_3D('',#11237,#7927,#7928);
#6802=AXIS2_PLACEMENT_3D('',#11241,#7931,#7932);
#6803=AXIS2_PLACEMENT_3D('',#11245,#7935,#7936);
#6804=AXIS2_PLACEMENT_3D('',#11249,#7939,#7940);
#6805=AXIS2_PLACEMENT_3D('',#11253,#7943,#7944);
#6806=AXIS2_PLACEMENT_3D('',#11257,#7947,#7948);
#6807=AXIS2_PLACEMENT_3D('',#11261,#7951,#7952);
#6808=AXIS2_PLACEMENT_3D('',#11265,#7955,#7956);
#6809=AXIS2_PLACEMENT_3D('',#11359,#7964,#7965);
#6810=AXIS2_PLACEMENT_3D('',#11360,#7966,#7967);
#6811=AXIS2_PLACEMENT_3D('',#11366,#7971,#7972);
#6812=AXIS2_PLACEMENT_3D('',#11370,#7975,#7976);
#6813=AXIS2_PLACEMENT_3D('',#11374,#7979,#7980);
#6814=AXIS2_PLACEMENT_3D('',#11378,#7983,#7984);
#6815=AXIS2_PLACEMENT_3D('',#11382,#7987,#7988);
#6816=AXIS2_PLACEMENT_3D('',#11386,#7991,#7992);
#6817=AXIS2_PLACEMENT_3D('',#11390,#7995,#7996);
#6818=AXIS2_PLACEMENT_3D('',#11394,#7999,#8000);
#6819=AXIS2_PLACEMENT_3D('',#11398,#8003,#8004);
#6820=AXIS2_PLACEMENT_3D('',#11402,#8007,#8008);
#6821=AXIS2_PLACEMENT_3D('',#11406,#8011,#8012);
#6822=AXIS2_PLACEMENT_3D('',#11408,#8014,#8015);
#6823=AXIS2_PLACEMENT_3D('',#11409,#8016,#8017);
#6824=AXIS2_PLACEMENT_3D('',#11410,#8018,#8019);
#6825=AXIS2_PLACEMENT_3D('',#11411,#8020,#8021);
#6826=AXIS2_PLACEMENT_3D('',#11412,#8022,#8023);
#6827=AXIS2_PLACEMENT_3D('',#11413,#8024,#8025);
#6828=AXIS2_PLACEMENT_3D('',#11414,#8026,#8027);
#6829=AXIS2_PLACEMENT_3D('',#11415,#8028,#8029);
#6830=AXIS2_PLACEMENT_3D('',#11425,#8034,#8035);
#6831=AXIS2_PLACEMENT_3D('',#11426,#8036,#8037);
#6832=AXIS2_PLACEMENT_3D('',#11436,#8042,#8043);
#6833=AXIS2_PLACEMENT_3D('',#11437,#8044,#8045);
#6834=AXIS2_PLACEMENT_3D('',#11446,#8050,#8051);
#6835=AXIS2_PLACEMENT_3D('',#11447,#8052,#8053);
#6836=AXIS2_PLACEMENT_3D('',#11448,#8054,#8055);
#6837=AXIS2_PLACEMENT_3D('',#11449,#8056,#8057);
#6838=AXIS2_PLACEMENT_3D('',#11450,#8058,#8059);
#6839=AXIS2_PLACEMENT_3D('',#11451,#8060,#8061);
#6840=AXIS2_PLACEMENT_3D('',#11452,#8062,#8063);
#6841=AXIS2_PLACEMENT_3D('',#11453,#8064,#8065);
#6842=AXIS2_PLACEMENT_3D('',#11454,#8066,#8067);
#6843=AXIS2_PLACEMENT_3D('',#11455,#8068,#8069);
#6844=AXIS2_PLACEMENT_3D('',#11464,#8071,#8072);
#6845=AXIS2_PLACEMENT_3D('',#11465,#8073,#8074);
#6846=AXIS2_PLACEMENT_3D('',#11466,#8075,#8076);
#6847=AXIS2_PLACEMENT_3D('',#11475,#8078,#8079);
#6848=AXIS2_PLACEMENT_3D('',#11477,#8081,#8082);
#6849=AXIS2_PLACEMENT_3D('',#11478,#8083,#8084);
#6850=AXIS2_PLACEMENT_3D('',#11479,#8085,#8086);
#6851=AXIS2_PLACEMENT_3D('',#11480,#8087,#8088);
#6852=AXIS2_PLACEMENT_3D('',#11481,#8089,#8090);
#6853=AXIS2_PLACEMENT_3D('',#11482,#8091,#8092);
#6854=AXIS2_PLACEMENT_3D('',#11483,#8093,#8094);
#6855=AXIS2_PLACEMENT_3D('',#11484,#8095,#8096);
#6856=AXIS2_PLACEMENT_3D('',#11485,#8097,#8098);
#6857=AXIS2_PLACEMENT_3D('',#11486,#8099,#8100);
#6858=AXIS2_PLACEMENT_3D('',#11502,#8101,#8102);
#6859=AXIS2_PLACEMENT_3D('',#11518,#8103,#8104);
#6860=AXIS2_PLACEMENT_3D('',#11519,#8105,#8106);
#6861=AXIS2_PLACEMENT_3D('',#11520,#8107,#8108);
#6862=AXIS2_PLACEMENT_3D('',#11521,#8109,#8110);
#6863=AXIS2_PLACEMENT_3D('',#11522,#8111,#8112);
#6864=AXIS2_PLACEMENT_3D('',#11523,#8113,#8114);
#6865=AXIS2_PLACEMENT_3D('',#11524,#8115,#8116);
#6866=AXIS2_PLACEMENT_3D('',#11525,#8117,#8118);
#6867=AXIS2_PLACEMENT_3D('',#11526,#8119,#8120);
#6868=AXIS2_PLACEMENT_3D('',#11527,#8121,#8122);
#6869=AXIS2_PLACEMENT_3D('',#11528,#8123,#8124);
#6870=AXIS2_PLACEMENT_3D('',#11529,#8125,#8126);
#6871=AXIS2_PLACEMENT_3D('',#11530,#8127,#8128);
#6872=AXIS2_PLACEMENT_3D('',#11531,#8129,#8130);
#6873=AXIS2_PLACEMENT_3D('',#11532,#8131,#8132);
#6874=AXIS2_PLACEMENT_3D('',#11533,#8133,#8134);
#6875=AXIS2_PLACEMENT_3D('',#11534,#8135,#8136);
#6876=AXIS2_PLACEMENT_3D('',#11535,#8137,#8138);
#6877=AXIS2_PLACEMENT_3D('',#11536,#8139,#8140);
#6878=AXIS2_PLACEMENT_3D('',#11537,#8141,#8142);
#6879=AXIS2_PLACEMENT_3D('',#11538,#8143,#8144);
#6880=AXIS2_PLACEMENT_3D('',#11539,#8145,#8146);
#6881=AXIS2_PLACEMENT_3D('',#11540,#8147,#8148);
#6882=AXIS2_PLACEMENT_3D('',#11541,#8149,#8150);
#6883=AXIS2_PLACEMENT_3D('',#11542,#8151,#8152);
#6884=AXIS2_PLACEMENT_3D('',#11543,#8153,#8154);
#6885=AXIS2_PLACEMENT_3D('',#11544,#8155,#8156);
#6886=AXIS2_PLACEMENT_3D('',#11545,#8157,#8158);
#6887=AXIS2_PLACEMENT_3D('',#11546,#8159,#8160);
#6888=AXIS2_PLACEMENT_3D('',#11547,#8161,#8162);
#6889=AXIS2_PLACEMENT_3D('',#11548,#8163,#8164);
#6890=AXIS2_PLACEMENT_3D('',#11549,#8165,#8166);
#6891=AXIS2_PLACEMENT_3D('',#11550,#8167,#8168);
#6892=AXIS2_PLACEMENT_3D('',#11551,#8169,#8170);
#6893=AXIS2_PLACEMENT_3D('',#11552,#8171,#8172);
#6894=AXIS2_PLACEMENT_3D('',#11553,#8173,#8174);
#6895=AXIS2_PLACEMENT_3D('',#11554,#8175,#8176);
#6896=AXIS2_PLACEMENT_3D('',#11555,#8177,#8178);
#6897=AXIS2_PLACEMENT_3D('',#11556,#8179,#8180);
#6898=AXIS2_PLACEMENT_3D('',#11557,#8181,#8182);
#6899=AXIS2_PLACEMENT_3D('',#11558,#8183,#8184);
#6900=AXIS2_PLACEMENT_3D('',#11559,#8185,#8186);
#6901=AXIS2_PLACEMENT_3D('',#11560,#8187,#8188);
#6902=AXIS2_PLACEMENT_3D('',#11561,#8189,#8190);
#6903=AXIS2_PLACEMENT_3D('',#11562,#8191,#8192);
#6904=AXIS2_PLACEMENT_3D('',#11563,#8193,#8194);
#6905=AXIS2_PLACEMENT_3D('',#11564,#8195,#8196);
#6906=AXIS2_PLACEMENT_3D('',#11565,#8197,#8198);
#6907=AXIS2_PLACEMENT_3D('',#11566,#8199,#8200);
#6908=AXIS2_PLACEMENT_3D('',#11567,#8201,#8202);
#6909=AXIS2_PLACEMENT_3D('',#11568,#8203,#8204);
#6910=AXIS2_PLACEMENT_3D('',#11569,#8205,#8206);
#6911=AXIS2_PLACEMENT_3D('',#11570,#8207,#8208);
#6912=AXIS2_PLACEMENT_3D('',#11571,#8209,#8210);
#6913=AXIS2_PLACEMENT_3D('',#11572,#8211,#8212);
#6914=AXIS2_PLACEMENT_3D('',#11573,#8213,#8214);
#6915=AXIS2_PLACEMENT_3D('',#11574,#8215,#8216);
#6916=AXIS2_PLACEMENT_3D('',#11575,#8217,#8218);
#6917=DIRECTION('',(0.,0.,1.));
#6918=DIRECTION('',(1.,0.,0.));
#6919=DIRECTION('',(0.,0.,1.));
#6920=DIRECTION('',(1.,0.,0.));
#6921=DIRECTION('',(0.,1.,0.));
#6922=DIRECTION('',(1.,0.,0.));
#6923=DIRECTION('',(0.,-1.,0.));
#6924=DIRECTION('',(1.,0.,0.));
#6925=DIRECTION('',(0.,1.,0.));
#6926=DIRECTION('',(1.,0.,0.));
#6927=DIRECTION('',(0.,0.,1.));
#6928=DIRECTION('',(1.,0.,0.));
#6929=DIRECTION('',(0.,-1.,0.));
#6930=DIRECTION('',(0.,0.,1.));
#6931=DIRECTION('',(1.,0.,0.));
#6932=DIRECTION('',(1.,0.,0.));
#6933=DIRECTION('',(0.,0.,1.));
#6934=DIRECTION('',(1.,0.,0.));
#6935=DIRECTION('',(0.,1.,0.));
#6936=DIRECTION('',(0.,0.,1.));
#6937=DIRECTION('',(1.,0.,0.));
#6938=DIRECTION('',(1.,0.,0.));
#6939=DIRECTION('',(0.,1.,0.));
#6940=DIRECTION('',(1.,0.,0.));
#6941=DIRECTION('',(0.,1.,0.));
#6942=DIRECTION('',(0.,0.,1.));
#6943=DIRECTION('',(0.,0.,-1.));
#6944=DIRECTION('',(1.,0.,0.));
#6945=DIRECTION('',(0.,0.,-1.));
#6946=DIRECTION('',(0.,1.,0.));
#6947=DIRECTION('',(0.,0.,1.));
#6948=DIRECTION('',(1.,0.,-1.3010426069826E-16));
#6949=DIRECTION('',(0.,1.,0.));
#6950=DIRECTION('',(0.,0.,1.));
#6951=DIRECTION('',(0.,0.,-1.));
#6952=DIRECTION('',(1.,0.,0.));
#6953=DIRECTION('',(0.,0.,-1.));
#6954=DIRECTION('',(1.,0.,0.));
#6955=DIRECTION('',(0.,1.,0.));
#6956=DIRECTION('',(0.,0.,1.));
#6957=DIRECTION('',(0.,0.,-1.));
#6958=DIRECTION('',(1.,0.,0.));
#6959=DIRECTION('',(0.,0.,-1.));
#6960=DIRECTION('',(1.,0.,0.));
#6961=DIRECTION('',(0.,0.,1.));
#6962=DIRECTION('',(1.,0.,0.));
#6963=DIRECTION('',(1.,0.,0.));
#6964=DIRECTION('',(0.,-1.,0.));
#6965=DIRECTION('',(1.,0.,0.));
#6966=DIRECTION('',(0.,1.,0.));
#6967=DIRECTION('',(1.,0.,0.));
#6968=DIRECTION('',(0.,1.,0.));
#6969=DIRECTION('',(1.,0.,0.));
#6970=DIRECTION('',(0.,-1.,0.));
#6971=DIRECTION('',(1.,0.,0.));
#6972=DIRECTION('',(0.,0.,-1.));
#6973=DIRECTION('',(1.,0.,0.));
#6974=DIRECTION('',(0.,0.,-1.));
#6975=DIRECTION('',(1.,0.,0.));
#6976=DIRECTION('',(0.,0.,-1.));
#6977=DIRECTION('',(0.,1.,0.));
#6978=DIRECTION('',(0.,0.,1.));
#6979=DIRECTION('',(-1.,0.,0.));
#6980=DIRECTION('',(1.,0.,0.));
#6981=DIRECTION('',(-0.0887176113534544,0.,0.996056818377214));
#6982=DIRECTION('',(-0.053863601380217,0.,0.998548302510376));
#6983=DIRECTION('',(0.,0.,1.));
#6984=DIRECTION('',(1.,0.,0.));
#6985=DIRECTION('',(0.,0.,-1.));
#6986=DIRECTION('',(-1.,0.,0.));
#6987=DIRECTION('',(-0.148656500420893,0.,0.988888894104193));
#6988=DIRECTION('',(-1.,0.,0.));
#6989=DIRECTION('',(0.,0.,-1.));
#6990=DIRECTION('',(-1.,0.,0.));
#6991=DIRECTION('',(0.,0.,1.));
#6992=DIRECTION('',(1.,0.,0.));
#6993=DIRECTION('',(0.,-1.,0.));
#6994=DIRECTION('',(0.,0.,-1.));
#6995=DIRECTION('',(-1.,0.,0.));
#6996=DIRECTION('',(-0.239944960947148,0.,-0.970786493373322));
#6997=DIRECTION('',(-1.,0.,0.));
#6998=DIRECTION('',(0.,0.,1.));
#6999=DIRECTION('',(1.,0.,0.));
#7000=DIRECTION('',(0.,0.,-1.));
#7001=DIRECTION('',(0.,-1.,0.));
#7002=DIRECTION('',(0.,0.,-1.));
#7003=DIRECTION('',(1.,0.,0.));
#7004=DIRECTION('',(0.686331929065835,0.,0.727288445628535));
#7005=DIRECTION('',(1.,0.,0.));
#7006=DIRECTION('',(-0.6892582742356,0.,-0.724515721981078));
#7007=DIRECTION('',(0.602723991157097,0.,-0.79794974182818));
#7008=DIRECTION('',(-1.,0.,0.));
#7009=DIRECTION('',(-0.598653417791226,0.,0.801008168102475));
#7010=DIRECTION('',(-0.755689082789817,0.,-0.654930538417843));
#7011=DIRECTION('',(0.,0.,-1.));
#7012=DIRECTION('',(-1.,0.,0.));
#7013=DIRECTION('',(0.,0.,1.));
#7014=DIRECTION('',(1.,0.,0.));
#7015=DIRECTION('',(0.,0.,-1.));
#7016=DIRECTION('',(0.,-1.,0.));
#7017=DIRECTION('',(0.,0.,-1.));
#7018=DIRECTION('',(1.,0.,0.));
#7019=DIRECTION('',(-1.,0.,0.));
#7020=DIRECTION('',(0.,0.,1.));
#7021=DIRECTION('',(-1.,0.,0.));
#7022=DIRECTION('',(0.,0.,-1.));
#7023=DIRECTION('',(-1.,0.,0.));
#7024=DIRECTION('',(0.,0.,1.));
#7025=DIRECTION('',(1.,0.,0.));
#7026=DIRECTION('',(0.,0.,-1.));
#7027=DIRECTION('',(1.,0.,0.));
#7028=DIRECTION('',(0.,0.,1.));
#7029=DIRECTION('',(1.,0.,0.));
#7030=DIRECTION('',(0.,0.,-1.));
#7031=DIRECTION('',(-1.,0.,0.));
#7032=DIRECTION('',(0.,0.,1.));
#7033=DIRECTION('',(1.,0.,0.));
#7034=DIRECTION('',(0.,0.,-1.));
#7035=DIRECTION('',(0.686331929065835,0.,0.727288445628534));
#7036=DIRECTION('',(1.,0.,0.));
#7037=DIRECTION('',(-0.689258274235599,0.,-0.724515721981079));
#7038=DIRECTION('',(0.602723991157096,0.,-0.797949741828181));
#7039=DIRECTION('',(-1.,0.,0.));
#7040=DIRECTION('',(-0.598653417791227,0.,0.801008168102475));
#7041=DIRECTION('',(-0.755689082789817,0.,-0.654930538417843));
#7042=DIRECTION('',(0.,0.,-1.));
#7043=DIRECTION('',(-1.,0.,0.));
#7044=DIRECTION('',(0.,0.,1.));
#7045=DIRECTION('',(1.,0.,0.));
#7046=DIRECTION('',(0.,0.,-1.));
#7047=DIRECTION('',(0.,-1.,0.));
#7048=DIRECTION('',(0.,0.,-1.));
#7049=DIRECTION('',(1.,0.,0.));
#7050=DIRECTION('',(0.,0.,-1.));
#7051=DIRECTION('',(1.,0.,0.));
#7052=DIRECTION('',(0.,0.,-1.));
#7053=DIRECTION('',(1.,0.,0.));
#7054=DIRECTION('',(0.,-1.,0.));
#7055=DIRECTION('',(0.,0.,-1.));
#7056=DIRECTION('',(-0.339854552780061,0.,-0.94047800769325));
#7057=DIRECTION('',(0.,-1.,0.));
#7058=DIRECTION('',(0.,0.,-1.));
#7059=DIRECTION('',(0.,-1.,0.));
#7060=DIRECTION('',(0.,0.,-1.));
#7061=DIRECTION('',(0.,0.,-1.));
#7062=DIRECTION('',(0.,0.,-1.));
#7063=DIRECTION('',(-0.442487502117002,0.,-0.896774670957123));
#7064=DIRECTION('',(0.,0.,-1.));
#7065=DIRECTION('',(0.,0.,1.));
#7066=DIRECTION('',(1.,0.,0.));
#7067=DIRECTION('',(0.,0.,-1.));
#7068=DIRECTION('',(-1.,0.,0.));
#7069=DIRECTION('',(-0.161260120599595,0.,0.986911938069555));
#7070=DIRECTION('',(-1.,0.,0.));
#7071=DIRECTION('',(0.,-1.,0.));
#7072=DIRECTION('',(0.,0.,-1.));
#7073=DIRECTION('',(0.,0.,1.));
#7074=DIRECTION('',(1.,0.,0.));
#7075=DIRECTION('',(0.,-1.,0.));
#7076=DIRECTION('',(0.,0.,-1.));
#7077=DIRECTION('',(-0.339854552780064,0.,-0.940478007693249));
#7078=DIRECTION('',(0.,-1.,0.));
#7079=DIRECTION('',(0.,0.,-1.));
#7080=DIRECTION('',(0.,-1.,0.));
#7081=DIRECTION('',(0.,0.,-1.));
#7082=DIRECTION('',(0.,0.,-1.));
#7083=DIRECTION('',(-0.206515694015224,0.,0.978443288149809));
#7084=DIRECTION('',(-1.,0.,0.));
#7085=DIRECTION('',(0.99946571033396,0.,0.0326847650539509));
#7086=DIRECTION('',(0.,0.,1.));
#7087=DIRECTION('',(-0.373806269003021,0.,0.927506804963738));
#7088=DIRECTION('',(0.,-1.,0.));
#7089=DIRECTION('',(0.,0.,-1.));
#7090=DIRECTION('',(0.,-1.,0.));
#7091=DIRECTION('',(0.,0.,-1.));
#7092=DIRECTION('',(0.,0.,-1.));
#7093=DIRECTION('',(-1.,0.,0.));
#7094=DIRECTION('',(-0.206515694015224,0.,0.978443288149809));
#7095=DIRECTION('',(-1.,0.,0.));
#7096=DIRECTION('',(0.99946571033396,0.,0.03268476505395));
#7097=DIRECTION('',(0.,0.,1.));
#7098=DIRECTION('',(-0.373806269003014,0.,0.927506804963741));
#7099=DIRECTION('',(0.,-1.,0.));
#7100=DIRECTION('',(0.,0.,-1.));
#7101=DIRECTION('',(0.,-1.,0.));
#7102=DIRECTION('',(0.,0.,-1.));
#7103=DIRECTION('',(0.,0.,-1.));
#7104=DIRECTION('',(-1.,0.,0.));
#7105=DIRECTION('',(-0.206515694015224,0.,0.978443288149809));
#7106=DIRECTION('',(-1.,0.,0.));
#7107=DIRECTION('',(0.99946571033396,0.,0.0326847650539513));
#7108=DIRECTION('',(0.,0.,1.));
#7109=DIRECTION('',(-0.373806269003014,0.,0.927506804963741));
#7110=DIRECTION('',(0.,-1.,0.));
#7111=DIRECTION('',(0.,0.,-1.));
#7112=DIRECTION('',(0.,-1.,0.));
#7113=DIRECTION('',(0.,0.,-1.));
#7114=DIRECTION('',(0.,0.,-1.));
#7115=DIRECTION('',(-1.,0.,0.));
#7116=DIRECTION('',(-1.,0.,0.));
#7117=DIRECTION('',(0.,0.,1.));
#7118=DIRECTION('',(-1.,0.,0.));
#7119=DIRECTION('',(0.,0.,-1.));
#7120=DIRECTION('',(-1.,0.,0.));
#7121=DIRECTION('',(0.,0.,1.));
#7122=DIRECTION('',(1.,0.,0.));
#7123=DIRECTION('',(0.,0.,-1.));
#7124=DIRECTION('',(1.,0.,0.));
#7125=DIRECTION('',(0.,0.,1.));
#7126=DIRECTION('',(1.,0.,0.));
#7127=DIRECTION('',(0.,0.,-1.));
#7128=DIRECTION('',(-1.,0.,0.));
#7129=DIRECTION('',(0.,0.,1.));
#7130=DIRECTION('',(0.,0.,-1.));
#7131=DIRECTION('',(0.,1.,0.));
#7132=DIRECTION('',(0.,0.,-1.));
#7133=DIRECTION('',(0.,1.,0.));
#7134=DIRECTION('',(1.,0.,0.));
#7135=DIRECTION('',(0.,0.,-1.));
#7136=DIRECTION('',(0.,0.,-1.));
#7137=DIRECTION('',(0.,-1.,0.));
#7138=DIRECTION('',(0.,0.,-1.));
#7139=DIRECTION('',(0.,-1.,0.));
#7140=DIRECTION('',(0.,0.,1.));
#7141=DIRECTION('',(1.,0.,0.));
#7142=DIRECTION('',(1.,0.,0.));
#7143=DIRECTION('',(0.,1.,0.));
#7144=DIRECTION('',(1.,0.,0.));
#7145=DIRECTION('',(0.,-1.,0.));
#7146=DIRECTION('',(-1.,0.,0.));
#7147=DIRECTION('',(0.,0.,1.));
#7148=DIRECTION('',(0.,0.,-1.));
#7149=DIRECTION('',(0.,1.,0.));
#7150=DIRECTION('',(0.,0.,-1.));
#7151=DIRECTION('',(0.,1.,0.));
#7152=DIRECTION('',(0.,1.,0.));
#7153=DIRECTION('',(0.,0.,1.));
#7154=DIRECTION('',(0.,0.,-1.));
#7155=DIRECTION('',(1.,0.,0.));
#7156=DIRECTION('',(0.,0.,-1.));
#7157=DIRECTION('',(1.,0.,0.));
#7158=DIRECTION('',(1.,0.,0.));
#7159=DIRECTION('',(0.,0.,-1.));
#7160=DIRECTION('',(0.,0.,-1.));
#7161=DIRECTION('',(0.,-1.,0.));
#7162=DIRECTION('',(0.,0.,-1.));
#7163=DIRECTION('',(0.,-1.,0.));
#7164=DIRECTION('',(0.,1.,0.));
#7165=DIRECTION('',(0.,0.,1.));
#7166=DIRECTION('',(0.,0.,-1.));
#7167=DIRECTION('',(1.,0.,0.));
#7168=DIRECTION('',(0.,0.,-1.));
#7169=DIRECTION('',(1.,0.,0.));
#7170=DIRECTION('',(0.,1.,0.));
#7171=DIRECTION('',(0.,0.,1.));
#7172=DIRECTION('',(0.,1.,0.));
#7173=DIRECTION('',(0.,0.,1.));
#7174=DIRECTION('',(0.,1.,0.));
#7175=DIRECTION('',(0.,0.,1.));
#7176=DIRECTION('',(1.,0.,0.));
#7177=DIRECTION('',(0.,0.,-1.));
#7178=DIRECTION('',(1.,0.,0.));
#7179=DIRECTION('',(0.,0.,-1.));
#7180=DIRECTION('',(1.,0.,0.));
#7181=DIRECTION('',(0.,0.,-1.));
#7182=DIRECTION('',(-1.,0.,0.));
#7183=DIRECTION('',(0.,0.,1.));
#7184=DIRECTION('',(-1.,0.,0.));
#7185=DIRECTION('',(0.,0.,1.));
#7186=DIRECTION('',(-1.,0.,0.));
#7187=DIRECTION('',(0.,0.,1.));
#7188=DIRECTION('',(0.,-1.,0.));
#7189=DIRECTION('',(0.,0.,-1.));
#7190=DIRECTION('',(0.,-1.,0.));
#7191=DIRECTION('',(0.,0.,-1.));
#7192=DIRECTION('',(0.,-1.,0.));
#7193=DIRECTION('',(0.,0.,-1.));
#7194=DIRECTION('',(0.,0.,-1.));
#7195=DIRECTION('',(-1.,0.,0.));
#7196=DIRECTION('',(0.,0.,-1.));
#7197=DIRECTION('',(-1.,0.,0.));
#7198=DIRECTION('',(0.,0.,-1.));
#7199=DIRECTION('',(-1.,0.,0.));
#7200=DIRECTION('',(0.,0.,1.));
#7201=DIRECTION('',(1.,0.,0.));
#7202=DIRECTION('',(0.,0.,1.));
#7203=DIRECTION('',(1.,0.,0.));
#7204=DIRECTION('',(0.,0.,1.));
#7205=DIRECTION('',(1.,0.,0.));
#7206=DIRECTION('',(0.,0.,-1.));
#7207=DIRECTION('',(-1.,0.,0.));
#7208=DIRECTION('',(0.,0.,-1.));
#7209=DIRECTION('',(-1.,0.,0.));
#7210=DIRECTION('',(0.,0.,-1.));
#7211=DIRECTION('',(-1.,0.,0.));
#7212=DIRECTION('',(0.,0.,1.));
#7213=DIRECTION('',(1.,0.,0.));
#7214=DIRECTION('',(0.,0.,1.));
#7215=DIRECTION('',(1.,0.,0.));
#7216=DIRECTION('',(0.,0.,1.));
#7217=DIRECTION('',(1.,0.,0.));
#7218=DIRECTION('',(0.,0.,-1.));
#7219=DIRECTION('',(-1.,0.,0.));
#7220=DIRECTION('',(0.,0.,1.));
#7221=DIRECTION('',(1.,0.,0.));
#7222=DIRECTION('',(-8.67361737988403E-16,0.,1.));
#7223=DIRECTION('',(1.,0.,8.67361737988403E-16));
#7224=DIRECTION('',(0.,0.,1.));
#7225=DIRECTION('',(1.,0.,0.));
#7226=DIRECTION('',(0.,0.,-1.));
#7227=DIRECTION('',(-1.,0.,0.));
#7228=DIRECTION('',(0.,0.,1.));
#7229=DIRECTION('',(1.,0.,0.));
#7230=DIRECTION('',(0.,-8.673617379884E-16,1.));
#7231=DIRECTION('',(0.,-1.,-8.673617379884E-16));
#7232=DIRECTION('',(0.,0.,1.));
#7233=DIRECTION('',(1.,0.,0.));
#7234=DIRECTION('',(0.,0.,1.));
#7235=DIRECTION('',(1.,0.,0.));
#7236=DIRECTION('',(0.,0.,1.));
#7237=DIRECTION('',(1.,0.,0.));
#7238=DIRECTION('',(0.,0.,1.));
#7239=DIRECTION('',(1.,0.,0.));
#7240=DIRECTION('',(0.,0.,1.));
#7241=DIRECTION('',(1.,0.,0.));
#7242=DIRECTION('',(0.,0.,1.));
#7243=DIRECTION('',(1.,0.,0.));
#7244=DIRECTION('',(0.,0.,1.));
#7245=DIRECTION('',(1.,0.,0.));
#7246=DIRECTION('',(0.,0.,1.));
#7247=DIRECTION('',(1.,0.,0.));
#7248=DIRECTION('',(0.,0.,1.));
#7249=DIRECTION('',(1.,0.,0.));
#7250=DIRECTION('',(0.,1.,0.));
#7251=DIRECTION('',(0.,0.,1.));
#7252=DIRECTION('',(0.,1.,0.));
#7253=DIRECTION('',(0.,0.,1.));
#7254=DIRECTION('',(0.,-1.,0.));
#7255=DIRECTION('',(0.,0.,-1.));
#7256=DIRECTION('',(0.,0.,1.));
#7257=DIRECTION('',(1.,0.,0.));
#7258=DIRECTION('',(-1.,0.,0.));
#7259=DIRECTION('',(0.,0.,1.));
#7260=DIRECTION('',(0.,0.,1.));
#7261=DIRECTION('',(1.,0.,0.));
#7262=DIRECTION('',(-1.,0.,0.));
#7263=DIRECTION('',(0.,0.,1.));
#7264=DIRECTION('',(1.,0.,0.));
#7265=DIRECTION('',(0.,0.,-1.));
#7266=DIRECTION('',(-1.,0.,0.));
#7267=DIRECTION('',(0.,0.,1.));
#7268=DIRECTION('',(-1.,0.,0.));
#7269=DIRECTION('',(0.,0.,1.));
#7270=DIRECTION('',(-1.,0.,0.));
#7271=DIRECTION('',(0.,0.,1.));
#7272=DIRECTION('',(0.,0.,1.));
#7273=DIRECTION('',(1.,0.,0.));
#7274=DIRECTION('',(0.,1.,0.));
#7275=DIRECTION('',(0.,0.,1.));
#7276=DIRECTION('',(0.,0.,1.));
#7277=DIRECTION('',(1.,0.,0.));
#7278=DIRECTION('',(0.,-1.,0.));
#7279=DIRECTION('',(0.,0.,-1.));
#7280=DIRECTION('',(0.,-1.,0.));
#7281=DIRECTION('',(0.,0.,-1.));
#7282=DIRECTION('',(0.,-1.,0.));
#7283=DIRECTION('',(0.,-1.,0.));
#7284=DIRECTION('',(0.,-1.,0.));
#7285=DIRECTION('',(-1.,0.,0.));
#7286=DIRECTION('',(0.,0.,1.));
#7287=DIRECTION('',(0.,-1.,0.));
#7288=DIRECTION('',(0.,0.,-1.));
#7289=DIRECTION('',(0.,-1.,0.));
#7290=DIRECTION('',(0.,-1.,0.));
#7291=DIRECTION('',(0.,-1.,0.));
#7292=DIRECTION('',(0.,-1.,0.));
#7293=DIRECTION('',(0.,-1.,0.));
#7294=DIRECTION('',(0.119335520745512,0.,0.99285398397166));
#7295=DIRECTION('',(0.,-1.,0.));
#7296=DIRECTION('',(0.,-1.,0.));
#7297=DIRECTION('',(0.,0.,-1.));
#7298=DIRECTION('',(0.,-1.,0.));
#7299=DIRECTION('',(0.292345855248586,0.,0.956312658558367));
#7300=DIRECTION('',(0.,-1.,0.));
#7301=DIRECTION('',(0.,-1.,0.));
#7302=DIRECTION('',(0.,0.,-1.));
#7303=DIRECTION('',(-0.94047800769325,0.,0.339854552780061));
#7304=DIRECTION('',(0.339854552780061,0.,0.94047800769325));
#7305=DIRECTION('',(0.,-1.,0.));
#7306=DIRECTION('',(-0.339854552780061,0.,-0.94047800769325));
#7307=DIRECTION('',(0.,-1.,0.));
#7308=DIRECTION('',(0.,-1.,0.));
#7309=DIRECTION('',(0.107263403159206,0.,0.994230638404744));
#7310=DIRECTION('',(0.,-1.,0.));
#7311=DIRECTION('',(0.,-1.,0.));
#7312=DIRECTION('',(0.,0.,-1.));
#7313=DIRECTION('',(0.,-1.,0.));
#7314=DIRECTION('',(0.,-1.,0.));
#7315=DIRECTION('',(0.,-1.,0.));
#7316=DIRECTION('',(1.,0.,0.));
#7317=DIRECTION('',(0.,-1.,0.));
#7318=DIRECTION('',(0.,-1.,0.));
#7319=DIRECTION('',(0.,0.,-1.));
#7320=DIRECTION('',(-1.,0.,0.));
#7321=DIRECTION('',(0.,-1.,0.));
#7322=DIRECTION('',(1.,0.,0.));
#7323=DIRECTION('',(0.,-1.,0.));
#7324=DIRECTION('',(0.999050277563484,0.,-0.043572272150146));
#7325=DIRECTION('',(0.,-1.,0.));
#7326=DIRECTION('',(0.,-1.,0.));
#7327=DIRECTION('',(0.,0.,-1.));
#7328=DIRECTION('',(-1.,0.,0.));
#7329=DIRECTION('',(0.,0.,1.));
#7330=DIRECTION('',(0.,-1.,0.));
#7331=DIRECTION('',(0.,0.,-1.));
#7332=DIRECTION('',(0.,0.,-1.));
#7333=DIRECTION('',(-1.,0.,0.));
#7334=DIRECTION('',(0.,-1.,0.));
#7335=DIRECTION('',(1.,0.,0.));
#7336=DIRECTION('',(1.,0.,0.));
#7337=DIRECTION('',(0.,0.,-1.));
#7338=DIRECTION('',(0.,-1.,0.));
#7339=DIRECTION('',(0.,0.,1.));
#7340=DIRECTION('',(0.,0.,1.));
#7341=DIRECTION('',(1.,0.,0.));
#7342=DIRECTION('',(0.,-1.,0.));
#7343=DIRECTION('',(-1.,0.,0.));
#7344=DIRECTION('',(-1.,0.,0.));
#7345=DIRECTION('',(0.,0.,1.));
#7346=DIRECTION('',(0.,-1.,0.));
#7347=DIRECTION('',(0.,0.,-1.));
#7348=DIRECTION('',(-0.654930538417843,0.,0.755689082789817));
#7349=DIRECTION('',(0.755689082789817,0.,0.654930538417843));
#7350=DIRECTION('',(0.,-1.,0.));
#7351=DIRECTION('',(-0.755689082789817,0.,-0.654930538417843));
#7352=DIRECTION('',(0.801008168102475,0.,0.598653417791227));
#7353=DIRECTION('',(0.598653417791227,0.,-0.801008168102475));
#7354=DIRECTION('',(0.,-1.,0.));
#7355=DIRECTION('',(-0.598653417791227,0.,0.801008168102475));
#7356=DIRECTION('',(0.,0.,1.));
#7357=DIRECTION('',(1.,0.,0.));
#7358=DIRECTION('',(0.,-1.,0.));
#7359=DIRECTION('',(-1.,0.,0.));
#7360=DIRECTION('',(-0.797949741828181,0.,-0.602723991157096));
#7361=DIRECTION('',(-0.602723991157096,0.,0.797949741828181));
#7362=DIRECTION('',(0.,-1.,0.));
#7363=DIRECTION('',(0.602723991157096,0.,-0.797949741828181));
#7364=DIRECTION('',(-0.724515721981079,0.,0.689258274235599));
#7365=DIRECTION('',(0.689258274235599,0.,0.724515721981079));
#7366=DIRECTION('',(0.,-1.,0.));
#7367=DIRECTION('',(-0.689258274235599,0.,-0.724515721981079));
#7368=DIRECTION('',(0.,0.,-1.));
#7369=DIRECTION('',(-1.,0.,0.));
#7370=DIRECTION('',(0.,-1.,0.));
#7371=DIRECTION('',(1.,0.,0.));
#7372=DIRECTION('',(0.727288445628534,0.,-0.686331929065835));
#7373=DIRECTION('',(-0.686331929065835,0.,-0.727288445628534));
#7374=DIRECTION('',(0.686331929065835,0.,0.727288445628534));
#7375=DIRECTION('',(0.,-1.,0.));
#7376=DIRECTION('',(1.,0.,0.));
#7377=DIRECTION('',(0.,-1.,0.));
#7378=DIRECTION('',(0.,-1.,0.));
#7379=DIRECTION('',(0.,-1.,0.));
#7380=DIRECTION('',(-0.896774670957123,0.,0.442487502117002));
#7381=DIRECTION('',(0.442487502117002,0.,0.896774670957123));
#7382=DIRECTION('',(0.,-1.,0.));
#7383=DIRECTION('',(-0.442487502117002,0.,-0.896774670957123));
#7384=DIRECTION('',(0.,-1.,0.));
#7385=DIRECTION('',(0.,-1.,0.));
#7386=DIRECTION('',(0.,-1.,0.));
#7387=DIRECTION('',(0.,-1.,0.));
#7388=DIRECTION('',(0.,-1.,0.));
#7389=DIRECTION('',(0.,-1.,0.));
#7390=DIRECTION('',(0.,-1.,0.));
#7391=DIRECTION('',(-1.,0.,0.));
#7392=DIRECTION('',(0.,0.,1.));
#7393=DIRECTION('',(0.,-1.,0.));
#7394=DIRECTION('',(0.,0.,-1.));
#7395=DIRECTION('',(0.,-1.,0.));
#7396=DIRECTION('',(0.,-1.,0.));
#7397=DIRECTION('',(0.,-1.,0.));
#7398=DIRECTION('',(0.,-1.,0.));
#7399=DIRECTION('',(1.,0.,0.));
#7400=DIRECTION('',(0.,0.,1.));
#7401=DIRECTION('',(1.,0.,0.));
#7402=DIRECTION('',(0.,-1.,0.));
#7403=DIRECTION('',(-1.,0.,0.));
#7404=DIRECTION('',(0.,-1.,0.));
#7405=DIRECTION('',(-1.,0.,0.));
#7406=DIRECTION('',(0.,0.,1.));
#7407=DIRECTION('',(0.,-1.,0.));
#7408=DIRECTION('',(0.,0.,-1.));
#7409=DIRECTION('',(0.,0.,-1.));
#7410=DIRECTION('',(-1.,0.,0.));
#7411=DIRECTION('',(0.,-1.,0.));
#7412=DIRECTION('',(1.,0.,0.));
#7413=DIRECTION('',(1.,0.,0.));
#7414=DIRECTION('',(0.,0.,-1.));
#7415=DIRECTION('',(0.,0.,1.));
#7416=DIRECTION('',(0.,-1.,0.));
#7417=DIRECTION('',(1.,0.,0.));
#7418=DIRECTION('',(-1.,0.,0.));
#7419=DIRECTION('',(0.,0.,1.));
#7420=DIRECTION('',(0.,-1.,0.));
#7421=DIRECTION('',(0.,0.,-1.));
#7422=DIRECTION('',(0.,-1.,0.));
#7423=DIRECTION('',(0.,0.,-1.));
#7424=DIRECTION('',(-1.,0.,0.));
#7425=DIRECTION('',(0.,-1.,0.));
#7426=DIRECTION('',(1.,0.,0.));
#7427=DIRECTION('',(1.,0.,0.));
#7428=DIRECTION('',(0.,0.,-1.));
#7429=DIRECTION('',(0.,-1.,0.));
#7430=DIRECTION('',(0.,0.,1.));
#7431=DIRECTION('',(0.,-1.,0.));
#7432=DIRECTION('',(0.,-1.,0.));
#7433=DIRECTION('',(0.,-1.,0.));
#7434=DIRECTION('',(0.,-1.,0.));
#7435=DIRECTION('',(0.661046543161384,0.,-0.750344899212612));
#7436=DIRECTION('',(0.,-1.,0.));
#7437=DIRECTION('',(0.,-1.,0.));
#7438=DIRECTION('',(0.,0.,-1.));
#7439=DIRECTION('',(0.,0.,1.));
#7440=DIRECTION('',(1.,0.,0.));
#7441=DIRECTION('',(0.,-1.,0.));
#7442=DIRECTION('',(-1.,0.,0.));
#7443=DIRECTION('',(0.986911938069555,0.,0.161260120599595));
#7444=DIRECTION('',(0.161260120599595,0.,-0.986911938069555));
#7445=DIRECTION('',(0.,-1.,0.));
#7446=DIRECTION('',(-0.161260120599595,0.,0.986911938069555));
#7447=DIRECTION('',(0.,0.,1.));
#7448=DIRECTION('',(1.,0.,0.));
#7449=DIRECTION('',(0.,-1.,0.));
#7450=DIRECTION('',(-1.,0.,0.));
#7451=DIRECTION('',(-1.,0.,0.));
#7452=DIRECTION('',(0.,0.,1.));
#7453=DIRECTION('',(0.,-1.,0.));
#7454=DIRECTION('',(0.,0.,-1.));
#7455=DIRECTION('',(0.,0.,-1.));
#7456=DIRECTION('',(-1.,0.,0.));
#7457=DIRECTION('',(0.,-1.,0.));
#7458=DIRECTION('',(1.,0.,0.));
#7459=DIRECTION('',(1.,0.,0.));
#7460=DIRECTION('',(0.,0.,-1.));
#7461=DIRECTION('',(0.,-1.,0.));
#7462=DIRECTION('',(0.,0.,1.));
#7463=DIRECTION('',(0.,-1.,0.));
#7464=DIRECTION('',(0.,-1.,0.));
#7465=DIRECTION('',(0.,-1.,0.));
#7466=DIRECTION('',(0.,-1.,0.));
#7467=DIRECTION('',(1.,0.,0.));
#7468=DIRECTION('',(0.,0.,1.));
#7469=DIRECTION('',(1.,0.,0.));
#7470=DIRECTION('',(0.,-1.,0.));
#7471=DIRECTION('',(-1.,0.,0.));
#7472=DIRECTION('',(0.,-1.,0.));
#7473=DIRECTION('',(-1.,0.,0.));
#7474=DIRECTION('',(0.,0.,1.));
#7475=DIRECTION('',(0.,-1.,0.));
#7476=DIRECTION('',(0.,0.,-1.));
#7477=DIRECTION('',(0.,0.,-1.));
#7478=DIRECTION('',(-1.,0.,0.));
#7479=DIRECTION('',(0.,-1.,0.));
#7480=DIRECTION('',(1.,0.,0.));
#7481=DIRECTION('',(1.,0.,0.));
#7482=DIRECTION('',(0.,0.,-1.));
#7483=DIRECTION('',(0.,-1.,0.));
#7484=DIRECTION('',(0.,0.,1.));
#7485=DIRECTION('',(0.,0.,-1.));
#7486=DIRECTION('',(-1.,0.,0.));
#7487=DIRECTION('',(0.,-1.,0.));
#7488=DIRECTION('',(1.,0.,0.));
#7489=DIRECTION('',(-1.,0.,0.));
#7490=DIRECTION('',(0.,0.,1.));
#7491=DIRECTION('',(0.,-1.,0.));
#7492=DIRECTION('',(0.,0.,-1.));
#7493=DIRECTION('',(0.,0.,-1.));
#7494=DIRECTION('',(-1.,0.,0.));
#7495=DIRECTION('',(0.,-1.,0.));
#7496=DIRECTION('',(1.,0.,0.));
#7497=DIRECTION('',(1.,0.,0.));
#7498=DIRECTION('',(0.,0.,-1.));
#7499=DIRECTION('',(0.,-1.,0.));
#7500=DIRECTION('',(0.,0.,1.));
#7501=DIRECTION('',(0.,0.,1.));
#7502=DIRECTION('',(1.,0.,0.));
#7503=DIRECTION('',(0.,-1.,0.));
#7504=DIRECTION('',(-1.,0.,0.));
#7505=DIRECTION('',(-1.,0.,0.));
#7506=DIRECTION('',(0.,0.,1.));
#7507=DIRECTION('',(0.,-1.,0.));
#7508=DIRECTION('',(0.,0.,-1.));
#7509=DIRECTION('',(0.,0.,1.));
#7510=DIRECTION('',(1.,0.,0.));
#7511=DIRECTION('',(0.,-1.,0.));
#7512=DIRECTION('',(-1.,0.,0.));
#7513=DIRECTION('',(1.,0.,0.));
#7514=DIRECTION('',(0.,0.,-1.));
#7515=DIRECTION('',(0.,0.,1.));
#7516=DIRECTION('',(0.,-1.,0.));
#7517=DIRECTION('',(1.,0.,0.));
#7518=DIRECTION('',(0.,-1.,0.));
#7519=DIRECTION('',(0.,-1.,0.));
#7520=DIRECTION('',(0.,-1.,0.));
#7521=DIRECTION('',(-1.,0.,0.));
#7522=DIRECTION('',(0.,0.,1.));
#7523=DIRECTION('',(0.,-1.,0.));
#7524=DIRECTION('',(0.,0.,-1.));
#7525=DIRECTION('',(0.,-1.,0.));
#7526=DIRECTION('',(0.,-1.,0.));
#7527=DIRECTION('',(0.,-1.,0.));
#7528=DIRECTION('',(0.,-1.,0.));
#7529=DIRECTION('',(0.,-1.,0.));
#7530=DIRECTION('',(0.119335520745813,0.,0.992853983971624));
#7531=DIRECTION('',(0.,-1.,0.));
#7532=DIRECTION('',(0.,-1.,0.));
#7533=DIRECTION('',(0.,0.,-1.));
#7534=DIRECTION('',(0.,-1.,0.));
#7535=DIRECTION('',(0.292345855248591,0.,0.956312658558366));
#7536=DIRECTION('',(0.,-1.,0.));
#7537=DIRECTION('',(0.,-1.,0.));
#7538=DIRECTION('',(0.,0.,-1.));
#7539=DIRECTION('',(-0.940478007693249,0.,0.339854552780064));
#7540=DIRECTION('',(0.339854552780064,0.,0.940478007693249));
#7541=DIRECTION('',(0.,-1.,0.));
#7542=DIRECTION('',(-0.339854552780064,0.,-0.940478007693249));
#7543=DIRECTION('',(0.,-1.,0.));
#7544=DIRECTION('',(0.,-1.,0.));
#7545=DIRECTION('',(0.107263403158894,0.,0.994230638404778));
#7546=DIRECTION('',(0.,-1.,0.));
#7547=DIRECTION('',(0.,-1.,0.));
#7548=DIRECTION('',(0.,0.,-1.));
#7549=DIRECTION('',(0.,-1.,0.));
#7550=DIRECTION('',(0.,-1.,0.));
#7551=DIRECTION('',(0.,-1.,0.));
#7552=DIRECTION('',(1.,0.,0.));
#7553=DIRECTION('',(0.,-1.,0.));
#7554=DIRECTION('',(0.,-1.,0.));
#7555=DIRECTION('',(0.,0.,-1.));
#7556=DIRECTION('',(-1.,0.,0.));
#7557=DIRECTION('',(0.,-1.,0.));
#7558=DIRECTION('',(1.,0.,0.));
#7559=DIRECTION('',(0.,-1.,0.));
#7560=DIRECTION('',(0.999050277563483,0.,-0.043572272150161));
#7561=DIRECTION('',(0.,-1.,0.));
#7562=DIRECTION('',(0.,-1.,0.));
#7563=DIRECTION('',(0.,0.,-1.));
#7564=DIRECTION('',(-1.,0.,0.));
#7565=DIRECTION('',(0.,0.,1.));
#7566=DIRECTION('',(0.,-1.,0.));
#7567=DIRECTION('',(0.,0.,-1.));
#7568=DIRECTION('',(0.,0.,-1.));
#7569=DIRECTION('',(-1.,0.,0.));
#7570=DIRECTION('',(0.,-1.,0.));
#7571=DIRECTION('',(1.,0.,0.));
#7572=DIRECTION('',(1.,0.,0.));
#7573=DIRECTION('',(0.,0.,-1.));
#7574=DIRECTION('',(0.,-1.,0.));
#7575=DIRECTION('',(0.,0.,1.));
#7576=DIRECTION('',(0.,0.,1.));
#7577=DIRECTION('',(1.,0.,0.));
#7578=DIRECTION('',(0.,-1.,0.));
#7579=DIRECTION('',(-1.,0.,0.));
#7580=DIRECTION('',(-1.,0.,0.));
#7581=DIRECTION('',(0.,0.,1.));
#7582=DIRECTION('',(0.,-1.,0.));
#7583=DIRECTION('',(0.,0.,-1.));
#7584=DIRECTION('',(-0.654930538417843,0.,0.755689082789817));
#7585=DIRECTION('',(0.755689082789817,0.,0.654930538417843));
#7586=DIRECTION('',(0.,-1.,0.));
#7587=DIRECTION('',(-0.755689082789817,0.,-0.654930538417843));
#7588=DIRECTION('',(0.801008168102475,0.,0.598653417791226));
#7589=DIRECTION('',(0.598653417791227,0.,-0.801008168102475));
#7590=DIRECTION('',(0.,-1.,0.));
#7591=DIRECTION('',(-0.598653417791226,0.,0.801008168102475));
#7592=DIRECTION('',(0.,0.,1.));
#7593=DIRECTION('',(1.,0.,0.));
#7594=DIRECTION('',(0.,-1.,0.));
#7595=DIRECTION('',(-1.,0.,0.));
#7596=DIRECTION('',(-0.79794974182818,0.,-0.602723991157097));
#7597=DIRECTION('',(-0.602723991157097,0.,0.79794974182818));
#7598=DIRECTION('',(0.,-1.,0.));
#7599=DIRECTION('',(0.602723991157097,0.,-0.79794974182818));
#7600=DIRECTION('',(-0.724515721981078,0.,0.6892582742356));
#7601=DIRECTION('',(0.6892582742356,0.,0.724515721981078));
#7602=DIRECTION('',(0.,-1.,0.));
#7603=DIRECTION('',(-0.6892582742356,0.,-0.724515721981078));
#7604=DIRECTION('',(0.,0.,-1.));
#7605=DIRECTION('',(-1.,0.,0.));
#7606=DIRECTION('',(0.,-1.,0.));
#7607=DIRECTION('',(1.,0.,0.));
#7608=DIRECTION('',(0.727288445628535,0.,-0.686331929065835));
#7609=DIRECTION('',(-0.686331929065835,0.,-0.727288445628535));
#7610=DIRECTION('',(0.686331929065835,0.,0.727288445628535));
#7611=DIRECTION('',(0.,-1.,0.));
#7612=DIRECTION('',(1.,0.,0.));
#7613=DIRECTION('',(0.,-1.,0.));
#7614=DIRECTION('',(0.,-1.,0.));
#7615=DIRECTION('',(0.,-1.,0.));
#7616=DIRECTION('',(0.,-1.,0.));
#7617=DIRECTION('',(0.,-1.,0.));
#7618=DIRECTION('',(0.,-1.,0.));
#7619=DIRECTION('',(-0.0404293456554286,0.,0.999182399769869));
#7620=DIRECTION('',(0.999182399769869,0.,0.0404293456554286));
#7621=DIRECTION('',(-0.999182399769869,0.,-0.0404293456554286));
#7622=DIRECTION('',(0.,-1.,0.));
#7623=DIRECTION('',(-0.999182399769869,0.,-0.0404293456554286));
#7624=DIRECTION('',(1.,0.,0.));
#7625=DIRECTION('',(0.,0.,-1.));
#7626=DIRECTION('',(0.,0.,1.));
#7627=DIRECTION('',(0.,-1.,0.));
#7628=DIRECTION('',(0.,0.,1.));
#7629=DIRECTION('',(0.978443288149809,0.,0.206515694015224));
#7630=DIRECTION('',(0.206515694015224,0.,-0.978443288149809));
#7631=DIRECTION('',(0.,-1.,0.));
#7632=DIRECTION('',(-0.206515694015224,0.,0.978443288149809));
#7633=DIRECTION('',(0.,-1.,0.));
#7634=DIRECTION('',(0.,0.,1.));
#7635=DIRECTION('',(1.,0.,0.));
#7636=DIRECTION('',(0.,-1.,0.));
#7637=DIRECTION('',(-1.,0.,0.));
#7638=DIRECTION('',(-1.,0.,0.));
#7639=DIRECTION('',(0.,0.,1.));
#7640=DIRECTION('',(0.,-1.,0.));
#7641=DIRECTION('',(0.,0.,-1.));
#7642=DIRECTION('',(0.,-1.,0.));
#7643=DIRECTION('',(0.,-1.,0.));
#7644=DIRECTION('',(0.,-1.,0.));
#7645=DIRECTION('',(-0.127254001219895,0.,0.99187016245753));
#7646=DIRECTION('',(0.,-1.,0.));
#7647=DIRECTION('',(0.,-1.,0.));
#7648=DIRECTION('',(0.,0.,-1.));
#7649=DIRECTION('',(0.,-1.,0.));
#7650=DIRECTION('',(-0.363016395587693,0.,0.93178275179063));
#7651=DIRECTION('',(0.,-1.,0.));
#7652=DIRECTION('',(0.,-1.,0.));
#7653=DIRECTION('',(0.,0.,-1.));
#7654=DIRECTION('',(0.927506804963738,0.,0.373806269003021));
#7655=DIRECTION('',(0.373806269003021,0.,-0.927506804963738));
#7656=DIRECTION('',(0.,-1.,0.));
#7657=DIRECTION('',(-0.373806269003021,0.,0.927506804963738));
#7658=DIRECTION('',(0.,-1.,0.));
#7659=DIRECTION('',(0.,-1.,0.));
#7660=DIRECTION('',(0.,-1.,0.));
#7661=DIRECTION('',(1.,0.,0.));
#7662=DIRECTION('',(0.,0.,-1.));
#7663=DIRECTION('',(0.,-1.,0.));
#7664=DIRECTION('',(0.,0.,1.));
#7665=DIRECTION('',(0.0326847650539509,0.,-0.99946571033396));
#7666=DIRECTION('',(-0.99946571033396,0.,-0.0326847650539509));
#7667=DIRECTION('',(0.,-1.,0.));
#7668=DIRECTION('',(0.99946571033396,0.,0.0326847650539509));
#7669=DIRECTION('',(0.,-1.,0.));
#7670=DIRECTION('',(0.,-1.,0.));
#7671=DIRECTION('',(0.,-1.,0.));
#7672=DIRECTION('',(0.,-1.,0.));
#7673=DIRECTION('',(0.,-1.,0.));
#7674=DIRECTION('',(0.,0.,1.));
#7675=DIRECTION('',(1.,0.,0.));
#7676=DIRECTION('',(-1.,0.,0.));
#7677=DIRECTION('',(0.,-1.,0.));
#7678=DIRECTION('',(1.,0.,0.));
#7679=DIRECTION('',(0.,-1.,0.));
#7680=DIRECTION('',(0.,-1.,0.));
#7681=DIRECTION('',(0.,-1.,0.));
#7682=DIRECTION('',(0.,-1.,0.));
#7683=DIRECTION('',(0.,-1.,0.));
#7684=DIRECTION('',(0.,-1.,0.));
#7685=DIRECTION('',(0.,-1.,0.));
#7686=DIRECTION('',(0.,-1.,0.));
#7687=DIRECTION('',(0.,-1.,0.));
#7688=DIRECTION('',(0.,-1.,0.));
#7689=DIRECTION('',(0.,-1.,0.));
#7690=DIRECTION('',(0.,0.,-1.));
#7691=DIRECTION('',(-1.,0.,0.));
#7692=DIRECTION('',(0.,-1.,0.));
#7693=DIRECTION('',(1.,0.,0.));
#7694=DIRECTION('',(0.,-1.,0.));
#7695=DIRECTION('',(0.999331631269844,0.,-0.0365553107434664));
#7696=DIRECTION('',(0.,-1.,0.));
#7697=DIRECTION('',(0.,-1.,0.));
#7698=DIRECTION('',(0.,0.,-1.));
#7699=DIRECTION('',(-1.,0.,0.));
#7700=DIRECTION('',(0.,0.,1.));
#7701=DIRECTION('',(0.,-1.,0.));
#7702=DIRECTION('',(0.,0.,-1.));
#7703=DIRECTION('',(0.,0.,-1.));
#7704=DIRECTION('',(-1.,0.,0.));
#7705=DIRECTION('',(0.,-1.,0.));
#7706=DIRECTION('',(1.,0.,0.));
#7707=DIRECTION('',(1.,0.,0.));
#7708=DIRECTION('',(0.,0.,-1.));
#7709=DIRECTION('',(0.,-1.,0.));
#7710=DIRECTION('',(0.,0.,1.));
#7711=DIRECTION('',(0.,0.,1.));
#7712=DIRECTION('',(1.,0.,0.));
#7713=DIRECTION('',(0.,-1.,0.));
#7714=DIRECTION('',(-1.,0.,0.));
#7715=DIRECTION('',(-0.970786493373323,0.,0.239944960947148));
#7716=DIRECTION('',(0.239944960947148,0.,0.970786493373323));
#7717=DIRECTION('',(0.,-1.,0.));
#7718=DIRECTION('',(-0.239944960947148,0.,-0.970786493373322));
#7719=DIRECTION('',(0.,0.,1.));
#7720=DIRECTION('',(1.,0.,0.));
#7721=DIRECTION('',(0.,-1.,0.));
#7722=DIRECTION('',(-1.,0.,0.));
#7723=DIRECTION('',(0.,-1.,0.));
#7724=DIRECTION('',(-0.632771373895159,0.,-0.774338678085263));
#7725=DIRECTION('',(0.,-1.,0.));
#7726=DIRECTION('',(0.,-1.,0.));
#7727=DIRECTION('',(0.,0.,-1.));
#7728=DIRECTION('',(0.,-1.,0.));
#7729=DIRECTION('',(0.,-1.,0.));
#7730=DIRECTION('',(0.,-1.,0.));
#7731=DIRECTION('',(0.,-1.,0.));
#7732=DIRECTION('',(1.,0.,0.));
#7733=DIRECTION('',(0.,-1.,0.));
#7734=DIRECTION('',(0.,-1.,0.));
#7735=DIRECTION('',(0.,-1.,0.));
#7736=DIRECTION('',(0.,-1.,0.));
#7737=DIRECTION('',(0.,-1.,0.));
#7738=DIRECTION('',(0.,-1.,0.));
#7739=DIRECTION('',(-0.0404293456554285,0.,0.999182399769869));
#7740=DIRECTION('',(0.999182399769869,0.,0.0404293456554285));
#7741=DIRECTION('',(-0.999182399769869,0.,-0.0404293456554285));
#7742=DIRECTION('',(0.,-1.,0.));
#7743=DIRECTION('',(-0.999182399769869,0.,-0.0404293456554285));
#7744=DIRECTION('',(1.,0.,0.));
#7745=DIRECTION('',(0.,0.,-1.));
#7746=DIRECTION('',(0.,0.,1.));
#7747=DIRECTION('',(0.,-1.,0.));
#7748=DIRECTION('',(0.,0.,1.));
#7749=DIRECTION('',(0.978443288149809,0.,0.206515694015224));
#7750=DIRECTION('',(0.206515694015224,0.,-0.978443288149809));
#7751=DIRECTION('',(0.,-1.,0.));
#7752=DIRECTION('',(-0.206515694015224,0.,0.978443288149809));
#7753=DIRECTION('',(0.,-1.,0.));
#7754=DIRECTION('',(0.,0.,1.));
#7755=DIRECTION('',(1.,0.,0.));
#7756=DIRECTION('',(0.,-1.,0.));
#7757=DIRECTION('',(-1.,0.,0.));
#7758=DIRECTION('',(-1.,0.,0.));
#7759=DIRECTION('',(0.,0.,1.));
#7760=DIRECTION('',(0.,-1.,0.));
#7761=DIRECTION('',(0.,0.,-1.));
#7762=DIRECTION('',(0.,-1.,0.));
#7763=DIRECTION('',(0.,-1.,0.));
#7764=DIRECTION('',(0.,-1.,0.));
#7765=DIRECTION('',(-0.1272540012199,0.,0.991870162457529));
#7766=DIRECTION('',(0.,-1.,0.));
#7767=DIRECTION('',(0.,-1.,0.));
#7768=DIRECTION('',(0.,0.,-1.));
#7769=DIRECTION('',(0.,-1.,0.));
#7770=DIRECTION('',(-0.36301639558772,0.,0.93178275179062));
#7771=DIRECTION('',(0.,-1.,0.));
#7772=DIRECTION('',(0.,-1.,0.));
#7773=DIRECTION('',(0.,0.,-1.));
#7774=DIRECTION('',(0.927506804963741,0.,0.373806269003014));
#7775=DIRECTION('',(0.373806269003014,0.,-0.927506804963741));
#7776=DIRECTION('',(0.,-1.,0.));
#7777=DIRECTION('',(-0.373806269003014,0.,0.927506804963741));
#7778=DIRECTION('',(0.,-1.,0.));
#7779=DIRECTION('',(0.,-1.,0.));
#7780=DIRECTION('',(0.,-1.,0.));
#7781=DIRECTION('',(1.,0.,0.));
#7782=DIRECTION('',(0.,0.,-1.));
#7783=DIRECTION('',(0.,-1.,0.));
#7784=DIRECTION('',(0.,0.,1.));
#7785=DIRECTION('',(0.03268476505395,0.,-0.99946571033396));
#7786=DIRECTION('',(-0.99946571033396,0.,-0.03268476505395));
#7787=DIRECTION('',(0.,-1.,0.));
#7788=DIRECTION('',(0.99946571033396,0.,0.03268476505395));
#7789=DIRECTION('',(0.,-1.,0.));
#7790=DIRECTION('',(0.,-1.,0.));
#7791=DIRECTION('',(0.,-1.,0.));
#7792=DIRECTION('',(0.,-1.,0.));
#7793=DIRECTION('',(0.,-1.,0.));
#7794=DIRECTION('',(0.,0.,1.));
#7795=DIRECTION('',(1.,0.,0.));
#7796=DIRECTION('',(-1.,0.,0.));
#7797=DIRECTION('',(0.,-1.,0.));
#7798=DIRECTION('',(1.,0.,0.));
#7799=DIRECTION('',(0.,0.,-1.));
#7800=DIRECTION('',(-1.,0.,0.));
#7801=DIRECTION('',(1.,0.,0.));
#7802=DIRECTION('',(0.,-1.,0.));
#7803=DIRECTION('',(1.,0.,0.));
#7804=DIRECTION('',(0.,-1.,0.));
#7805=DIRECTION('',(-1.,0.,0.));
#7806=DIRECTION('',(0.,0.,1.));
#7807=DIRECTION('',(0.,0.,-1.));
#7808=DIRECTION('',(0.,-1.,0.));
#7809=DIRECTION('',(0.,0.,-1.));
#7810=DIRECTION('',(0.,0.,1.));
#7811=DIRECTION('',(1.,0.,0.));
#7812=DIRECTION('',(-1.,0.,0.));
#7813=DIRECTION('',(0.,-1.,0.));
#7814=DIRECTION('',(-1.,0.,0.));
#7815=DIRECTION('',(0.,-1.,0.));
#7816=DIRECTION('',(0.,-1.,0.));
#7817=DIRECTION('',(0.,-1.,0.));
#7818=DIRECTION('',(0.,-1.,0.));
#7819=DIRECTION('',(0.,-1.,0.));
#7820=DIRECTION('',(0.,-1.,0.));
#7821=DIRECTION('',(0.,0.,-1.));
#7822=DIRECTION('',(-1.,0.,0.));
#7823=DIRECTION('',(0.,-1.,0.));
#7824=DIRECTION('',(1.,0.,0.));
#7825=DIRECTION('',(1.,0.,0.));
#7826=DIRECTION('',(0.,0.,-1.));
#7827=DIRECTION('',(0.,-1.,0.));
#7828=DIRECTION('',(0.,0.,1.));
#7829=DIRECTION('',(0.,0.,1.));
#7830=DIRECTION('',(1.,0.,0.));
#7831=DIRECTION('',(0.,-1.,0.));
#7832=DIRECTION('',(-1.,0.,0.));
#7833=DIRECTION('',(-1.,0.,0.));
#7834=DIRECTION('',(0.,0.,1.));
#7835=DIRECTION('',(0.,-1.,0.));
#7836=DIRECTION('',(0.,0.,-1.));
#7837=DIRECTION('',(0.,0.,1.));
#7838=DIRECTION('',(1.,0.,0.));
#7839=DIRECTION('',(0.,-1.,0.));
#7840=DIRECTION('',(-1.,0.,0.));
#7841=DIRECTION('',(0.,-1.,0.));
#7842=DIRECTION('',(1.,0.,0.));
#7843=DIRECTION('',(0.,-1.,0.));
#7844=DIRECTION('',(0.,-1.,0.));
#7845=DIRECTION('',(0.,-1.,0.));
#7846=DIRECTION('',(0.,-1.,0.));
#7847=DIRECTION('',(0.,-1.,0.));
#7848=DIRECTION('',(0.,-1.,0.));
#7849=DIRECTION('',(-0.0404293456554285,0.,0.999182399769869));
#7850=DIRECTION('',(0.999182399769869,0.,0.0404293456554285));
#7851=DIRECTION('',(-0.999182399769869,0.,-0.0404293456554285));
#7852=DIRECTION('',(0.,-1.,0.));
#7853=DIRECTION('',(-0.999182399769869,0.,-0.0404293456554285));
#7854=DIRECTION('',(1.,0.,0.));
#7855=DIRECTION('',(0.,0.,-1.));
#7856=DIRECTION('',(0.,0.,1.));
#7857=DIRECTION('',(0.,-1.,0.));
#7858=DIRECTION('',(0.,0.,1.));
#7859=DIRECTION('',(0.978443288149809,0.,0.206515694015224));
#7860=DIRECTION('',(0.206515694015224,0.,-0.978443288149809));
#7861=DIRECTION('',(0.,-1.,0.));
#7862=DIRECTION('',(-0.206515694015224,0.,0.978443288149809));
#7863=DIRECTION('',(0.,-1.,0.));
#7864=DIRECTION('',(0.,0.,1.));
#7865=DIRECTION('',(1.,0.,0.));
#7866=DIRECTION('',(0.,-1.,0.));
#7867=DIRECTION('',(-1.,0.,0.));
#7868=DIRECTION('',(-1.,0.,0.));
#7869=DIRECTION('',(0.,0.,1.));
#7870=DIRECTION('',(0.,-1.,0.));
#7871=DIRECTION('',(0.,0.,-1.));
#7872=DIRECTION('',(0.,-1.,0.));
#7873=DIRECTION('',(0.,-1.,0.));
#7874=DIRECTION('',(0.,-1.,0.));
#7875=DIRECTION('',(-0.127254001219898,0.,0.99187016245753));
#7876=DIRECTION('',(0.,-1.,0.));
#7877=DIRECTION('',(0.,-1.,0.));
#7878=DIRECTION('',(0.,0.,-1.));
#7879=DIRECTION('',(0.,-1.,0.));
#7880=DIRECTION('',(-0.363016395587708,0.,0.931782751790624));
#7881=DIRECTION('',(0.,-1.,0.));
#7882=DIRECTION('',(0.,-1.,0.));
#7883=DIRECTION('',(0.,0.,-1.));
#7884=DIRECTION('',(0.927506804963741,0.,0.373806269003014));
#7885=DIRECTION('',(0.373806269003014,0.,-0.927506804963741));
#7886=DIRECTION('',(0.,-1.,0.));
#7887=DIRECTION('',(-0.373806269003014,0.,0.927506804963741));
#7888=DIRECTION('',(0.,-1.,0.));
#7889=DIRECTION('',(0.,-1.,0.));
#7890=DIRECTION('',(0.,-1.,0.));
#7891=DIRECTION('',(1.,0.,0.));
#7892=DIRECTION('',(0.,0.,-1.));
#7893=DIRECTION('',(0.,-1.,0.));
#7894=DIRECTION('',(0.,0.,1.));
#7895=DIRECTION('',(0.0326847650539513,0.,-0.99946571033396));
#7896=DIRECTION('',(-0.99946571033396,0.,-0.0326847650539513));
#7897=DIRECTION('',(0.,-1.,0.));
#7898=DIRECTION('',(0.99946571033396,0.,0.0326847650539513));
#7899=DIRECTION('',(0.,-1.,0.));
#7900=DIRECTION('',(0.,-1.,0.));
#7901=DIRECTION('',(0.,-1.,0.));
#7902=DIRECTION('',(0.,-1.,0.));
#7903=DIRECTION('',(0.,-1.,0.));
#7904=DIRECTION('',(0.,0.,1.));
#7905=DIRECTION('',(1.,0.,0.));
#7906=DIRECTION('',(-1.,0.,0.));
#7907=DIRECTION('',(0.,-1.,0.));
#7908=DIRECTION('',(1.,0.,0.));
#7909=DIRECTION('',(0.,-1.,0.));
#7910=DIRECTION('',(0.,-1.,0.));
#7911=DIRECTION('',(0.,-1.,0.));
#7912=DIRECTION('',(0.,-1.,0.));
#7913=DIRECTION('',(0.,-1.,0.));
#7914=DIRECTION('',(0.,-1.,0.));
#7915=DIRECTION('',(0.,-1.,0.));
#7916=DIRECTION('',(0.,-1.,0.));
#7917=DIRECTION('',(1.,0.,0.));
#7918=DIRECTION('',(0.,0.,-1.));
#7919=DIRECTION('',(0.,0.,1.));
#7920=DIRECTION('',(0.,-1.,0.));
#7921=DIRECTION('',(0.,0.,1.));
#7922=DIRECTION('',(0.,0.,1.));
#7923=DIRECTION('',(1.,0.,0.));
#7924=DIRECTION('',(0.,-1.,0.));
#7925=DIRECTION('',(-1.,0.,0.));
#7926=DIRECTION('',(0.,-1.,0.));
#7927=DIRECTION('',(0.988888894104193,0.,0.148656500420893));
#7928=DIRECTION('',(0.148656500420893,0.,-0.988888894104193));
#7929=DIRECTION('',(0.,-1.,0.));
#7930=DIRECTION('',(-0.148656500420893,0.,0.988888894104193));
#7931=DIRECTION('',(0.,0.,1.));
#7932=DIRECTION('',(1.,0.,0.));
#7933=DIRECTION('',(0.,-1.,0.));
#7934=DIRECTION('',(-1.,0.,0.));
#7935=DIRECTION('',(-1.,0.,0.));
#7936=DIRECTION('',(0.,0.,1.));
#7937=DIRECTION('',(0.,-1.,0.));
#7938=DIRECTION('',(0.,0.,-1.));
#7939=DIRECTION('',(0.,0.,-1.));
#7940=DIRECTION('',(-1.,0.,0.));
#7941=DIRECTION('',(0.,-1.,0.));
#7942=DIRECTION('',(1.,0.,0.));
#7943=DIRECTION('',(1.,0.,0.));
#7944=DIRECTION('',(0.,0.,-1.));
#7945=DIRECTION('',(0.,-1.,0.));
#7946=DIRECTION('',(0.,0.,1.));
#7947=DIRECTION('',(0.998548302510376,0.,0.053863601380217));
#7948=DIRECTION('',(0.053863601380217,0.,-0.998548302510376));
#7949=DIRECTION('',(0.,-1.,0.));
#7950=DIRECTION('',(-0.053863601380217,0.,0.998548302510376));
#7951=DIRECTION('',(0.996056818377214,0.,0.0887176113534544));
#7952=DIRECTION('',(0.0887176113534544,0.,-0.996056818377214));
#7953=DIRECTION('',(0.,-1.,0.));
#7954=DIRECTION('',(-0.0887176113534544,0.,0.996056818377214));
#7955=DIRECTION('',(0.,0.,-1.));
#7956=DIRECTION('',(-1.,0.,0.));
#7957=DIRECTION('',(0.,-1.,0.));
#7958=DIRECTION('',(1.,0.,0.));
#7959=DIRECTION('',(0.,-1.,0.));
#7960=DIRECTION('',(0.,-1.,0.));
#7961=DIRECTION('',(0.,-1.,0.));
#7962=DIRECTION('',(0.,-1.,0.));
#7963=DIRECTION('',(0.,-1.,0.));
#7964=DIRECTION('',(0.,-1.,0.));
#7965=DIRECTION('',(1.,0.,0.));
#7966=DIRECTION('',(0.,0.,1.));
#7967=DIRECTION('',(1.,0.,0.));
#7968=DIRECTION('',(0.,-1.,0.));
#7969=DIRECTION('',(-1.,0.,0.));
#7970=DIRECTION('',(0.,-1.,0.));
#7971=DIRECTION('',(-1.,0.,0.));
#7972=DIRECTION('',(0.,0.,1.));
#7973=DIRECTION('',(0.,-1.,0.));
#7974=DIRECTION('',(0.,0.,-1.));
#7975=DIRECTION('',(0.,0.,-1.));
#7976=DIRECTION('',(-1.,0.,0.));
#7977=DIRECTION('',(0.,-1.,0.));
#7978=DIRECTION('',(1.,0.,0.));
#7979=DIRECTION('',(1.,0.,0.));
#7980=DIRECTION('',(0.,0.,-1.));
#7981=DIRECTION('',(0.,-1.,0.));
#7982=DIRECTION('',(0.,0.,1.));
#7983=DIRECTION('',(0.,0.,-1.));
#7984=DIRECTION('',(-1.,0.,0.));
#7985=DIRECTION('',(0.,-1.,0.));
#7986=DIRECTION('',(1.,0.,0.));
#7987=DIRECTION('',(-1.,0.,0.));
#7988=DIRECTION('',(0.,0.,1.));
#7989=DIRECTION('',(0.,-1.,0.));
#7990=DIRECTION('',(0.,0.,-1.));
#7991=DIRECTION('',(0.,0.,-1.));
#7992=DIRECTION('',(-1.,0.,0.));
#7993=DIRECTION('',(0.,-1.,0.));
#7994=DIRECTION('',(1.,0.,0.));
#7995=DIRECTION('',(1.,0.,0.));
#7996=DIRECTION('',(0.,0.,-1.));
#7997=DIRECTION('',(0.,-1.,0.));
#7998=DIRECTION('',(0.,0.,1.));
#7999=DIRECTION('',(0.,0.,1.));
#8000=DIRECTION('',(1.,0.,0.));
#8001=DIRECTION('',(0.,-1.,0.));
#8002=DIRECTION('',(-1.,0.,0.));
#8003=DIRECTION('',(-1.,0.,0.));
#8004=DIRECTION('',(0.,0.,1.));
#8005=DIRECTION('',(0.,-1.,0.));
#8006=DIRECTION('',(0.,0.,-1.));
#8007=DIRECTION('',(0.,0.,1.));
#8008=DIRECTION('',(1.,0.,0.));
#8009=DIRECTION('',(0.,-1.,0.));
#8010=DIRECTION('',(-1.,0.,0.));
#8011=DIRECTION('',(1.,0.,0.));
#8012=DIRECTION('',(0.,0.,-1.));
#8013=DIRECTION('',(0.,0.,1.));
#8014=DIRECTION('',(0.,-1.,0.));
#8015=DIRECTION('',(1.,0.,0.));
#8016=DIRECTION('',(0.,1.,0.));
#8017=DIRECTION('',(0.,0.,1.));
#8018=DIRECTION('',(0.,1.,0.));
#8019=DIRECTION('',(0.,0.,1.));
#8020=DIRECTION('',(0.,1.,0.));
#8021=DIRECTION('',(0.,0.,1.));
#8022=DIRECTION('',(0.,1.,0.));
#8023=DIRECTION('',(0.,0.,1.));
#8024=DIRECTION('',(0.,1.,0.));
#8025=DIRECTION('',(0.,0.,1.));
#8026=DIRECTION('',(0.,1.,0.));
#8027=DIRECTION('',(0.,0.,1.));
#8028=DIRECTION('',(1.,0.,0.));
#8029=DIRECTION('',(0.,0.,-1.));
#8030=DIRECTION('',(0.,1.,0.));
#8031=DIRECTION('',(0.,0.,-1.));
#8032=DIRECTION('',(0.,1.,0.));
#8033=DIRECTION('',(0.,0.,-1.));
#8034=DIRECTION('',(1.,0.,0.));
#8035=DIRECTION('',(0.,0.,-1.));
#8036=DIRECTION('',(1.,0.,0.));
#8037=DIRECTION('',(0.,0.,-1.));
#8038=DIRECTION('',(0.,0.,-1.));
#8039=DIRECTION('',(0.,1.,0.));
#8040=DIRECTION('',(0.,0.,-1.));
#8041=DIRECTION('',(0.,1.,0.));
#8042=DIRECTION('',(1.,0.,0.));
#8043=DIRECTION('',(0.,0.,-1.));
#8044=DIRECTION('',(1.3010426069826E-16,0.,1.));
#8045=DIRECTION('',(1.,0.,-1.3010426069826E-16));
#8046=DIRECTION('',(0.,1.,0.));
#8047=DIRECTION('',(1.,0.,-1.3010426069826E-16));
#8048=DIRECTION('',(0.,1.,0.));
#8049=DIRECTION('',(1.,0.,-1.3010426069826E-16));
#8050=DIRECTION('',(1.,0.,-1.3010426069826E-16));
#8051=DIRECTION('',(-1.3010426069826E-16,0.,-1.));
#8052=DIRECTION('',(1.,0.,0.));
#8053=DIRECTION('',(0.,0.,-1.));
#8054=DIRECTION('',(-1.,0.,0.));
#8055=DIRECTION('',(0.,0.,1.));
#8056=DIRECTION('',(0.,1.,0.));
#8057=DIRECTION('',(0.,0.,1.));
#8058=DIRECTION('',(0.,0.,1.));
#8059=DIRECTION('',(1.,0.,0.));
#8060=DIRECTION('',(0.,1.,0.));
#8061=DIRECTION('',(0.,0.,1.));
#8062=DIRECTION('',(0.,1.,0.));
#8063=DIRECTION('',(0.,0.,1.));
#8064=DIRECTION('',(0.,1.,0.));
#8065=DIRECTION('',(0.,0.,1.));
#8066=DIRECTION('',(0.,0.,-1.));
#8067=DIRECTION('',(-1.,0.,0.));
#8068=DIRECTION('',(0.,-1.,0.));
#8069=DIRECTION('',(0.,0.,-1.));
#8070=DIRECTION('',(0.,-1.,0.));
#8071=DIRECTION('',(-0.707106781186548,0.707106781186548,9.19976050010024E-17));
#8072=DIRECTION('',(-0.707106781186548,-0.707106781186548,9.19976050010024E-17));
#8073=DIRECTION('',(0.,1.,0.));
#8074=DIRECTION('',(0.,0.,1.));
#8075=DIRECTION('',(-0.707106781186548,-0.707106781186548,9.19976050010024E-17));
#8076=DIRECTION('',(-0.707106781186548,0.707106781186548,9.19976050010024E-17));
#8077=DIRECTION('',(0.,1.,0.));
#8078=DIRECTION('',(-1.,0.,1.3010426069826E-16));
#8079=DIRECTION('',(1.3010426069826E-16,0.,1.));
#8080=DIRECTION('',(-1.,0.,1.3010426069826E-16));
#8081=DIRECTION('',(0.,0.,-1.));
#8082=DIRECTION('',(-1.,0.,0.));
#8083=DIRECTION('',(0.,0.,-1.));
#8084=DIRECTION('',(-1.,0.,0.));
#8085=DIRECTION('',(0.,0.,-1.));
#8086=DIRECTION('',(-1.,0.,0.));
#8087=DIRECTION('',(0.,0.,1.));
#8088=DIRECTION('',(1.,0.,0.));
#8089=DIRECTION('',(0.,0.,1.));
#8090=DIRECTION('',(1.,0.,0.));
#8091=DIRECTION('',(0.,0.,-1.));
#8092=DIRECTION('',(-1.,0.,0.));
#8093=DIRECTION('',(1.,0.,0.));
#8094=DIRECTION('',(0.,0.,-1.));
#8095=DIRECTION('',(1.21969949994872E-14,-0.5,-0.866025403784441));
#8096=DIRECTION('',(0.,0.866025403784441,-0.5));
#8097=DIRECTION('',(1.,0.,0.));
#8098=DIRECTION('',(0.,0.,-1.));
#8099=DIRECTION('',(0.,-0.500000000000006,-0.866025403784435));
#8100=DIRECTION('',(0.,0.866025403784436,-0.500000000000006));
#8101=DIRECTION('',(0.,-1.,0.));
#8102=DIRECTION('',(0.,0.,-1.));
#8103=DIRECTION('',(0.,-1.,0.));
#8104=DIRECTION('',(0.,0.,-1.));
#8105=DIRECTION('',(0.,1.,0.));
#8106=DIRECTION('',(0.,0.,1.));
#8107=DIRECTION('',(-0.707106781186548,-0.707106781186548,9.19976050010024E-17));
#8108=DIRECTION('',(-0.707106781186548,0.707106781186548,9.19976050010024E-17));
#8109=DIRECTION('',(0.,-1.,0.));
#8110=DIRECTION('',(0.,0.,-1.));
#8111=DIRECTION('',(-0.707106781186548,0.707106781186548,9.19976050010024E-17));
#8112=DIRECTION('',(-0.707106781186548,-0.707106781186548,9.19976050010024E-17));
#8113=DIRECTION('',(-1.,0.,1.3010426069826E-16));
#8114=DIRECTION('',(1.3010426069826E-16,0.,1.));
#8115=DIRECTION('',(0.,0.,1.));
#8116=DIRECTION('',(1.,0.,0.));
#8117=DIRECTION('',(0.,0.,1.));
#8118=DIRECTION('',(1.,0.,0.));
#8119=DIRECTION('',(0.,-1.,0.));
#8120=DIRECTION('',(0.,0.,-1.));
#8121=DIRECTION('',(0.,-1.,0.));
#8122=DIRECTION('',(0.,0.,-1.));
#8123=DIRECTION('',(0.,-1.,0.));
#8124=DIRECTION('',(0.,0.,-1.));
#8125=DIRECTION('',(0.,0.,1.));
#8126=DIRECTION('',(1.,0.,0.));
#8127=DIRECTION('',(-1.,0.,0.));
#8128=DIRECTION('',(0.,0.,1.));
#8129=DIRECTION('',(-1.,0.,0.));
#8130=DIRECTION('',(0.,0.,1.));
#8131=DIRECTION('',(-1.,0.,0.));
#8132=DIRECTION('',(0.,0.,1.));
#8133=DIRECTION('',(0.,0.,1.));
#8134=DIRECTION('',(1.,0.,0.));
#8135=DIRECTION('',(0.,1.,0.));
#8136=DIRECTION('',(0.,0.,1.));
#8137=DIRECTION('',(0.,1.,0.));
#8138=DIRECTION('',(0.,0.,1.));
#8139=DIRECTION('',(0.,1.,0.));
#8140=DIRECTION('',(0.,0.,1.));
#8141=DIRECTION('',(0.,0.,1.));
#8142=DIRECTION('',(1.,0.,0.));
#8143=DIRECTION('',(1.,0.,0.));
#8144=DIRECTION('',(0.,0.,-1.));
#8145=DIRECTION('',(1.,0.,0.));
#8146=DIRECTION('',(0.,0.,-1.));
#8147=DIRECTION('',(1.,0.,0.));
#8148=DIRECTION('',(0.,0.,-1.));
#8149=DIRECTION('',(0.,0.,1.));
#8150=DIRECTION('',(1.,0.,0.));
#8151=DIRECTION('',(0.,-1.,0.));
#8152=DIRECTION('',(0.,0.,-1.));
#8153=DIRECTION('',(0.,-1.,0.));
#8154=DIRECTION('',(0.,0.,-1.));
#8155=DIRECTION('',(0.,-1.,0.));
#8156=DIRECTION('',(0.,0.,-1.));
#8157=DIRECTION('',(0.,0.,1.));
#8158=DIRECTION('',(1.,0.,0.));
#8159=DIRECTION('',(-1.,0.,0.));
#8160=DIRECTION('',(0.,0.,1.));
#8161=DIRECTION('',(-1.,0.,0.));
#8162=DIRECTION('',(0.,0.,1.));
#8163=DIRECTION('',(-1.,0.,0.));
#8164=DIRECTION('',(0.,0.,1.));
#8165=DIRECTION('',(0.,0.,1.));
#8166=DIRECTION('',(1.,0.,0.));
#8167=DIRECTION('',(0.,1.,0.));
#8168=DIRECTION('',(0.,0.,1.));
#8169=DIRECTION('',(0.,1.,0.));
#8170=DIRECTION('',(0.,0.,1.));
#8171=DIRECTION('',(0.,1.,0.));
#8172=DIRECTION('',(0.,0.,1.));
#8173=DIRECTION('',(0.,0.,-1.));
#8174=DIRECTION('',(-1.,0.,0.));
#8175=DIRECTION('',(0.,0.,-1.));
#8176=DIRECTION('',(-1.,0.,0.));
#8177=DIRECTION('',(0.,0.,1.));
#8178=DIRECTION('',(1.,0.,0.));
#8179=DIRECTION('',(1.,0.,0.));
#8180=DIRECTION('',(0.,0.,-1.));
#8181=DIRECTION('',(1.,0.,0.));
#8182=DIRECTION('',(0.,0.,-1.));
#8183=DIRECTION('',(1.,0.,0.));
#8184=DIRECTION('',(0.,0.,-1.));
#8185=DIRECTION('',(0.,0.,1.));
#8186=DIRECTION('',(1.,0.,0.));
#8187=DIRECTION('',(0.,-1.,0.));
#8188=DIRECTION('',(0.,0.,-1.));
#8189=DIRECTION('',(0.,-1.,0.));
#8190=DIRECTION('',(0.,0.,-1.));
#8191=DIRECTION('',(0.,-1.,0.));
#8192=DIRECTION('',(0.,0.,-1.));
#8193=DIRECTION('',(0.,0.,1.));
#8194=DIRECTION('',(1.,0.,0.));
#8195=DIRECTION('',(-1.,0.,0.));
#8196=DIRECTION('',(0.,0.,1.));
#8197=DIRECTION('',(-1.,0.,0.));
#8198=DIRECTION('',(0.,0.,1.));
#8199=DIRECTION('',(-1.,0.,0.));
#8200=DIRECTION('',(0.,0.,1.));
#8201=DIRECTION('',(0.,0.,1.));
#8202=DIRECTION('',(1.,0.,0.));
#8203=DIRECTION('',(0.,1.,0.));
#8204=DIRECTION('',(0.,0.,1.));
#8205=DIRECTION('',(0.,1.,0.));
#8206=DIRECTION('',(0.,0.,1.));
#8207=DIRECTION('',(0.,1.,0.));
#8208=DIRECTION('',(0.,0.,1.));
#8209=DIRECTION('',(0.,0.,1.));
#8210=DIRECTION('',(1.,0.,0.));
#8211=DIRECTION('',(1.,0.,0.));
#8212=DIRECTION('',(0.,0.,-1.));
#8213=DIRECTION('',(1.,0.,0.));
#8214=DIRECTION('',(0.,0.,-1.));
#8215=DIRECTION('',(1.,0.,0.));
#8216=DIRECTION('',(0.,0.,-1.));
#8217=DIRECTION('',(0.,0.,1.));
#8218=DIRECTION('',(1.,0.,0.));
#8219=CARTESIAN_POINT('',(0.,0.,0.));
#8220=CARTESIAN_POINT('',(-0.00602383625507355,-0.00606998149305582,0.014));
#8221=CARTESIAN_POINT('',(-0.0570238362550736,-0.00606998149305582,0.014));
#8222=CARTESIAN_POINT('',(-0.0570238362550736,0.0449300185069442,0.014));
#8223=CARTESIAN_POINT('',(-0.0570238362550735,-0.0570699814930558,0.014));
#8224=CARTESIAN_POINT('',(0.0449761637449265,-0.0570699814930558,0.014));
#8225=CARTESIAN_POINT('',(0.0449761637449265,-0.0570699814930558,0.014));
#8226=CARTESIAN_POINT('',(0.0449761637449265,-0.00606998149305582,0.014));
#8227=CARTESIAN_POINT('',(0.0449761637449265,0.0449300185069442,0.014));
#8228=CARTESIAN_POINT('',(-0.00602383625507355,0.0449300185069442,0.014));
#8229=CARTESIAN_POINT('',(0.00997616374492646,0.0449300185069442,0.014));
#8230=CARTESIAN_POINT('',(0.00997616374492646,0.0429300185069442,0.014));
#8231=CARTESIAN_POINT('',(0.00997616374492646,0.0429300185069442,0.014));
#8232=CARTESIAN_POINT('',(0.0409761637449264,0.0429300185069442,0.014));
#8233=CARTESIAN_POINT('',(0.0409761637449264,0.0429300185069442,0.014));
#8234=CARTESIAN_POINT('',(0.0409761637449264,0.0409300185069442,0.014));
#8235=CARTESIAN_POINT('',(0.0429761637449265,0.0409300185069442,0.014));
#8236=CARTESIAN_POINT('',(0.0429761637449265,-0.0530699814930558,0.014));
#8237=CARTESIAN_POINT('',(0.0429761637449265,-0.0530699814930558,0.014));
#8238=CARTESIAN_POINT('',(0.0409761637449264,-0.0530699814930558,0.014));
#8239=CARTESIAN_POINT('',(0.0409761637449264,-0.0550699814930558,0.014));
#8240=CARTESIAN_POINT('',(-0.00602383625507355,-0.0550699814930558,0.014));
#8241=CARTESIAN_POINT('',(-0.0530238362550735,-0.0550699814930558,0.014));
#8242=CARTESIAN_POINT('',(-0.0530238362550736,-0.0530699814930558,0.014));
#8243=CARTESIAN_POINT('',(-0.0550238362550736,-0.0530699814930558,0.014));
#8244=CARTESIAN_POINT('',(-0.0550238362550736,0.0409300185069442,0.014));
#8245=CARTESIAN_POINT('',(-0.0550238362550736,0.0409300185069442,0.014));
#8246=CARTESIAN_POINT('',(-0.0530238362550736,0.0409300185069442,0.014));
#8247=CARTESIAN_POINT('',(-0.0530238362550736,0.0429300185069442,0.014));
#8248=CARTESIAN_POINT('',(-0.0120238362550735,0.0429300185069442,0.014));
#8249=CARTESIAN_POINT('',(-0.0120238362550735,0.0429300185069442,0.014));
#8250=CARTESIAN_POINT('',(-0.0120238362550735,-0.00606998149305582,0.014));
#8251=CARTESIAN_POINT('',(-0.0120238362550735,0.0449300185069442,0.014));
#8252=CARTESIAN_POINT('',(-0.00602383625507355,0.0449300185069442,0.014));
#8253=CARTESIAN_POINT('',(-0.00402383625507355,0.0459300185069442,0.013));
#8254=CARTESIAN_POINT('',(-0.0570238362550736,0.0459300185069442,0.013));
#8255=CARTESIAN_POINT('',(-0.0570238362550736,0.0459300185069442,0.001));
#8256=CARTESIAN_POINT('',(-0.0570238362550736,0.0459300185069442,0.013));
#8257=CARTESIAN_POINT('',(-0.00402383625507355,0.0459300185069442,0.013));
#8258=CARTESIAN_POINT('',(-0.0120238362550735,0.0459300185069442,0.013));
#8259=CARTESIAN_POINT('',(-0.0120238362550735,0.0459300185069442,0.013));
#8260=CARTESIAN_POINT('',(-0.0120238362550735,0.0459300185069442,0.004));
#8261=CARTESIAN_POINT('',(-0.0100238362550735,0.0459300185069442,0.004));
#8262=CARTESIAN_POINT('',(-0.0100238362550735,0.0459300185069442,0.002));
#8263=CARTESIAN_POINT('',(-0.00402383625507355,0.0459300185069442,0.002));
#8264=CARTESIAN_POINT('',(0.00797616374492646,0.0459300185069442,0.002));
#8265=CARTESIAN_POINT('',(0.00797616374492646,0.0459300185069442,0.004));
#8266=CARTESIAN_POINT('',(0.00997616374492646,0.0459300185069442,0.004));
#8267=CARTESIAN_POINT('',(0.00997616374492646,0.0459300185069442,0.013));
#8268=CARTESIAN_POINT('',(0.00997616374492646,0.0459300185069442,0.013));
#8269=CARTESIAN_POINT('',(-0.00402383625507355,0.0459300185069442,0.013));
#8270=CARTESIAN_POINT('',(0.0449761637449265,0.0459300185069442,0.013));
#8271=CARTESIAN_POINT('',(0.0449761637449265,0.0459300185069442,0.013));
#8272=CARTESIAN_POINT('',(0.0449761637449265,0.0459300185069442,0.001));
#8273=CARTESIAN_POINT('',(-0.0570238362550736,0.0459300185069442,0.001));
#8274=CARTESIAN_POINT('',(-0.00402383625507355,0.0419300185069442,0.013));
#8275=CARTESIAN_POINT('',(-0.0120238362550735,0.0419300185069442,0.013));
#8276=CARTESIAN_POINT('',(-0.0120238362550735,0.0419300185069442,0.005));
#8277=CARTESIAN_POINT('',(-0.0120238362550735,0.0419300185069442,0.013));
#8278=CARTESIAN_POINT('',(-0.0530238362550736,0.0419300185069442,0.013));
#8279=CARTESIAN_POINT('',(-0.0530238362550736,0.0419300185069442,0.013));
#8280=CARTESIAN_POINT('',(-0.0530238362550736,0.0419300185069442,0.005));
#8281=CARTESIAN_POINT('',(-0.0530238362550736,0.0419300185069442,0.005));
#8282=CARTESIAN_POINT('',(-0.00402383625507355,0.0419300185069442,0.005));
#8283=CARTESIAN_POINT('',(-0.00602383625507355,-0.00606998149305582,0.004));
#8284=CARTESIAN_POINT('',(-0.00602383625507355,0.0409300185069442,0.004));
#8285=CARTESIAN_POINT('',(0.0409761637449264,0.0409300185069442,0.004));
#8286=CARTESIAN_POINT('',(0.00970821455249533,0.0409300185069442,0.004));
#8287=CARTESIAN_POINT('',(0.00970821455249533,0.0209300185069442,0.004));
#8288=CARTESIAN_POINT('',(0.00970821455249533,0.0201979676993753,0.004));
#8289=CARTESIAN_POINT('',(-0.0110238362550735,0.0201979676993753,0.004));
#8290=CARTESIAN_POINT('',(-0.0117558870626424,0.0201979676993753,0.004));
#8291=CARTESIAN_POINT('',(-0.0117558870626424,0.0409300185069442,0.004));
#8292=CARTESIAN_POINT('',(-0.0117558870626424,0.0409300185069442,0.004));
#8293=CARTESIAN_POINT('',(-0.00602383625507355,0.0409300185069442,0.004));
#8294=CARTESIAN_POINT('',(-0.0530238362550736,0.0409300185069442,0.004));
#8295=CARTESIAN_POINT('',(-0.0530238362550736,-0.00606998149305582,0.004));
#8296=CARTESIAN_POINT('',(-0.0530238362550736,-0.0530699814930558,0.004));
#8297=CARTESIAN_POINT('',(0.0419761637449265,-0.0530699814930558,0.004));
#8298=CARTESIAN_POINT('',(0.0409761637449264,-0.0530699814930558,0.004));
#8299=CARTESIAN_POINT('',(0.0409761637449264,-0.00606998149305582,0.004));
#8300=CARTESIAN_POINT('',(-0.00402383625507355,0.0409300185069442,0.005));
#8301=CARTESIAN_POINT('',(-0.0117558870626424,0.0409300185069442,0.004));
#8302=CARTESIAN_POINT('',(-0.0117558870626424,0.0412967138604375,0.004));
#8303=CARTESIAN_POINT('',(-0.0120238362550736,0.0416130667847035,0.00418307432110165));
#8304=CARTESIAN_POINT('',(-0.0120238362550736,0.0417960439107286,0.0045));
#8305=CARTESIAN_POINT('',(-0.0120238362550735,0.0417960439107286,0.0045));
#8306=CARTESIAN_POINT('',(-0.0120238362550735,0.0409300185069442,0.005));
#8307=CARTESIAN_POINT('',(-0.0530238362550736,0.0409300185069442,0.005));
#8308=CARTESIAN_POINT('',(-0.00602383625507354,-0.0580699814930558,0.013));
#8309=CARTESIAN_POINT('',(0.0421235766711316,-0.0580699814930558,0.00362737735139776));
#8310=CARTESIAN_POINT('',(0.0421486504914099,-0.0580699814930558,0.00362737735139776));
#8311=CARTESIAN_POINT('',(0.0420985028508533,-0.0580699814930558,0.00362737735139776));
#8312=CARTESIAN_POINT('',(0.0420985028508533,-0.0580699814930558,0.00362737735139776));
#8313=CARTESIAN_POINT('',(0.0414555384594311,-0.0580699814930558,0.00269248205244961));
#8314=CARTESIAN_POINT('',(0.0401731916509122,-0.0580699814930558,0.00269248205244961));
#8315=CARTESIAN_POINT('',(0.0401731916509122,-0.0580699814930558,0.00269248205244961));
#8316=CARTESIAN_POINT('',(0.0401731916509122,-0.0580699814930558,0.00269248205244961));
#8317=CARTESIAN_POINT('',(0.0389696482775536,-0.0580699814930558,0.00269248205244961));
#8318=CARTESIAN_POINT('',(0.0383007145722718,-0.0580699814930558,0.00351544065372676));
#8319=CARTESIAN_POINT('',(0.0383007145722718,-0.0580699814930558,0.00351544065372676));
#8320=CARTESIAN_POINT('',(0.0383007145722718,-0.0580699814930558,0.00351544065372676));
#8321=CARTESIAN_POINT('',(0.0376317808669899,-0.0580699814930558,0.00433839925500391));
#8322=CARTESIAN_POINT('',(0.0376317808669899,-0.0580699814930558,0.00585536538184122));
#8323=CARTESIAN_POINT('',(0.0376317808669899,-0.0580699814930558,0.00585536538184122));
#8324=CARTESIAN_POINT('',(0.0376317808669899,-0.0580699814930558,0.00585536538184122));
#8325=CARTESIAN_POINT('',(0.0376317808669899,-0.0580699814930558,0.00737233150867854));
#8326=CARTESIAN_POINT('',(0.0383034010530159,-0.0580699814930558,0.00821230448800168));
#8327=CARTESIAN_POINT('',(0.0383034010530159,-0.0580699814930558,0.00821230448800168));
#8328=CARTESIAN_POINT('',(0.0383034010530159,-0.0580699814930558,0.00821230448800168));
#8329=CARTESIAN_POINT('',(0.0389750212390419,-0.0580699814930558,0.00905227746732482));
#8330=CARTESIAN_POINT('',(0.0401731916509122,-0.0580699814930558,0.00905227746732482));
#8331=CARTESIAN_POINT('',(0.0401731916509122,-0.0580699814930558,0.00905227746732482));
#8332=CARTESIAN_POINT('',(0.0401731916509122,-0.0580699814930558,0.00905227746732482));
#8333=CARTESIAN_POINT('',(0.0414215097033391,-0.0580699814930558,0.00905227746732482));
#8334=CARTESIAN_POINT('',(0.0420877569278768,-0.0580699814930558,0.00814424697581771));
#8335=CARTESIAN_POINT('',(0.0420877569278768,-0.0580699814930558,0.00814424697581771));
#8336=CARTESIAN_POINT('',(0.0421244721647129,-0.0580699814930558,0.00814424697581771));
#8337=CARTESIAN_POINT('',(0.0421611874015491,-0.0580699814930558,0.00814424697581771));
#8338=CARTESIAN_POINT('',(0.0421414865427589,-0.0580699814930558,0.0083654338904156));
#8339=CARTESIAN_POINT('',(0.0421217856839689,-0.0580699814930558,0.00858662080501348));
#8340=CARTESIAN_POINT('',(0.042110144267411,-0.0580699814930558,0.00880243475812316));
#8341=CARTESIAN_POINT('',(0.0420985028508533,-0.0580699814930558,0.00901824871123283));
#8342=CARTESIAN_POINT('',(0.0420985028508533,-0.0580699814930558,0.0102665667636598));
#8343=CARTESIAN_POINT('',(0.0420985028508533,-0.0580699814930558,0.0115148848160867));
#8344=CARTESIAN_POINT('',(0.0425632640195833,-0.0580699814930558,0.0115148848160867));
#8345=CARTESIAN_POINT('',(0.0430280251883132,-0.0580699814930558,0.0115148848160867));
#8346=CARTESIAN_POINT('',(0.0430280251883132,-0.0580699814930558,0.00716009952989433));
#8347=CARTESIAN_POINT('',(0.0430280251883132,-0.0580699814930558,0.00280531424370197));
#8348=CARTESIAN_POINT('',(0.0426501268969759,-0.0580699814930558,0.00280531424370197));
#8349=CARTESIAN_POINT('',(0.0422722286056387,-0.0580699814930558,0.00280531424370197));
#8350=CARTESIAN_POINT('',(0.0422104395485243,-0.0580699814930558,0.00321634579754986));
#8351=CARTESIAN_POINT('',(0.0300272493740132,-0.0580699814930558,0.00860453067664084));
#8352=CARTESIAN_POINT('',(0.0300272493740132,-0.0580699814930558,0.00736158558570212));
#8353=CARTESIAN_POINT('',(0.0291792169524578,-0.0580699814930558,0.00669265188042026));
#8354=CARTESIAN_POINT('',(0.0300272493740132,-0.0580699814930558,0.00860453067664084));
#8355=CARTESIAN_POINT('',(0.0291792169524578,-0.0580699814930558,0.00669265188042026));
#8356=CARTESIAN_POINT('',(0.0291792169524578,-0.0580699814930558,0.00669265188042026));
#8357=CARTESIAN_POINT('',(0.0283311845309023,-0.0580699814930558,0.0060237181751384));
#8358=CARTESIAN_POINT('',(0.026753324840532,-0.0580699814930558,0.0060237181751384));
#8359=CARTESIAN_POINT('',(0.026753324840532,-0.0580699814930558,0.0060237181751384));
#8360=CARTESIAN_POINT('',(0.0262715492937561,-0.0580699814930558,0.0060237181751384));
#8361=CARTESIAN_POINT('',(0.0257897737469801,-0.0580699814930558,0.0060237181751384));
#8362=CARTESIAN_POINT('',(0.0257897737469801,-0.0580699814930558,0.00441451620942019));
#8363=CARTESIAN_POINT('',(0.0257897737469801,-0.0580699814930558,0.00280531424370197));
#8364=CARTESIAN_POINT('',(0.0253142666552738,-0.0580699814930558,0.00280531424370197));
#8365=CARTESIAN_POINT('',(0.0248387595635674,-0.0580699814930558,0.00280531424370197));
#8366=CARTESIAN_POINT('',(0.0248387595635674,-0.0580699814930558,0.00689682441697215));
#8367=CARTESIAN_POINT('',(0.0248387595635674,-0.0580699814930558,0.0109883345902423));
#8368=CARTESIAN_POINT('',(0.0258999194574883,-0.0580699814930558,0.0109883345902423));
#8369=CARTESIAN_POINT('',(0.0269610793514094,-0.0580699814930558,0.0109883345902423));
#8370=CARTESIAN_POINT('',(0.0269610793514094,-0.0580699814930558,0.0109883345902423));
#8371=CARTESIAN_POINT('',(0.0300272493740132,-0.0580699814930558,0.0109883345902423));
#8372=CARTESIAN_POINT('',(0.0300272493740132,-0.0580699814930558,0.00860453067664084));
#8373=CARTESIAN_POINT('',(-0.00875299566070733,-0.0580699814930558,0.00903974055718567));
#8374=CARTESIAN_POINT('',(-0.00754407932586059,-0.0580699814930558,0.00903974055718567));
#8375=CARTESIAN_POINT('',(-0.00687514562057873,-0.0580699814930558,0.00821409547516441));
#8376=CARTESIAN_POINT('',(-0.00875299566070733,-0.0580699814930558,0.00903974055718567));
#8377=CARTESIAN_POINT('',(-0.00687514562057873,-0.0580699814930558,0.00821409547516441));
#8378=CARTESIAN_POINT('',(-0.00687514562057873,-0.0580699814930558,0.00821409547516441));
#8379=CARTESIAN_POINT('',(-0.00620621191529687,-0.0580699814930558,0.00738845039314316));
#8380=CARTESIAN_POINT('',(-0.00620621191529687,-0.0580699814930558,0.00587864821495679));
#8381=CARTESIAN_POINT('',(-0.00620621191529687,-0.0580699814930558,0.00587864821495679));
#8382=CARTESIAN_POINT('',(-0.00620621191529687,-0.0580699814930558,0.00587864821495679));
#8383=CARTESIAN_POINT('',(-0.00620621191529687,-0.0580699814930558,0.00436705504960769));
#8384=CARTESIAN_POINT('',(-0.00688051858206694,-0.0580699814930558,0.00352976855102865));
#8385=CARTESIAN_POINT('',(-0.00688051858206694,-0.0580699814930558,0.00352976855102865));
#8386=CARTESIAN_POINT('',(-0.00688051858206694,-0.0580699814930558,0.00352976855102865));
#8387=CARTESIAN_POINT('',(-0.00755482524883701,-0.0580699814930558,0.00269248205244961));
#8388=CARTESIAN_POINT('',(-0.00875299566070733,-0.0580699814930558,0.00269248205244961));
#8389=CARTESIAN_POINT('',(-0.00875299566070733,-0.0580699814930558,0.00269248205244961));
#8390=CARTESIAN_POINT('',(-0.00875299566070733,-0.0580699814930558,0.00269248205244961));
#8391=CARTESIAN_POINT('',(-0.00935297636022386,-0.0580699814930558,0.00269248205244961));
#8392=CARTESIAN_POINT('',(-0.00984818431072033,-0.0580699814930558,0.00291366896704749));
#8393=CARTESIAN_POINT('',(-0.00984818431072033,-0.0580699814930558,0.00291366896704749));
#8394=CARTESIAN_POINT('',(-0.00900805853905274,-0.0580699814930558,0.00477967367405344));
#8395=CARTESIAN_POINT('',(-0.0106773064442552,-0.0580699814930558,0.00359513958246851));
#8396=CARTESIAN_POINT('',(-0.0107123356167404,-0.0580699814930558,0.00359513958246851));
#8397=CARTESIAN_POINT('',(-0.0107463643728324,-0.0580699814930558,0.00359513958246851));
#8398=CARTESIAN_POINT('',(-0.0108439731732015,-0.0580699814930558,0.00320022691308524));
#8399=CARTESIAN_POINT('',(-0.0109415819735706,-0.0580699814930558,0.00280531424370197));
#8400=CARTESIAN_POINT('',(-0.0112747055858395,-0.0580699814930558,0.00280531424370197));
#8401=CARTESIAN_POINT('',(-0.0116078291981084,-0.0580699814930558,0.00280531424370197));
#8402=CARTESIAN_POINT('',(-0.0116078291981084,-0.0580699814930558,0.00716009952989433));
#8403=CARTESIAN_POINT('',(-0.0116078291981084,-0.0580699814930558,0.0115148848160867));
#8404=CARTESIAN_POINT('',(-0.0111430680293784,-0.0580699814930558,0.0115148848160867));
#8405=CARTESIAN_POINT('',(-0.0106783068606484,-0.0580699814930558,0.0115148848160867));
#8406=CARTESIAN_POINT('',(-0.0106783068606484,-0.0580699814930558,0.0104564114029098));
#8407=CARTESIAN_POINT('',(-0.0106785367337432,-0.0580699814930558,0.00939793691705181));
#8408=CARTESIAN_POINT('',(-0.0270365823670324,-0.0580699814930558,0.0093216036452509));
#8409=CARTESIAN_POINT('',(-0.0107225784046005,-0.0580699814930558,0.00812275512986488));
#8410=CARTESIAN_POINT('',(-0.0107006942001826,-0.0580699814930558,0.00812275512986488));
#8411=CARTESIAN_POINT('',(-0.0106783068606484,-0.0580699814930558,0.00812275512986488));
#8412=CARTESIAN_POINT('',(-0.0106783068606484,-0.0580699814930558,0.00812275512986488));
#8413=CARTESIAN_POINT('',(-0.010029969507738,-0.0580699814930558,0.00903974055718567));
#8414=CARTESIAN_POINT('',(-0.00875299566070733,-0.0580699814930558,0.00903974055718567));
#8415=CARTESIAN_POINT('',(0.0196019130997275,-0.0580699814930558,0.00594491473997802));
#8416=CARTESIAN_POINT('',(0.0198419053795342,-0.0580699814930558,0.00628699328806058));
#8417=CARTESIAN_POINT('',(0.0203344268492866,-0.0580699814930558,0.00684040832134597));
#8418=CARTESIAN_POINT('',(0.0196019130997275,-0.0580699814930558,0.00594491473997802));
#8419=CARTESIAN_POINT('',(0.0203344268492866,-0.0580699814930558,0.00684040832134597));
#8420=CARTESIAN_POINT('',(0.0213248427502795,-0.0580699814930558,0.00788992679870921));
#8421=CARTESIAN_POINT('',(0.0223152586512725,-0.0580699814930558,0.00893944527607245));
#8422=CARTESIAN_POINT('',(0.0228668826973951,-0.0580699814930558,0.00893944527607245));
#8423=CARTESIAN_POINT('',(0.0234185067435178,-0.0580699814930558,0.00893944527607245));
#8424=CARTESIAN_POINT('',(0.022175561652579,-0.0580699814930558,0.00763292014085661));
#8425=CARTESIAN_POINT('',(0.0209326165616403,-0.0580699814930558,0.00632639500564077));
#8426=CARTESIAN_POINT('',(0.0222624245299717,-0.0580699814930558,0.00456585462467137));
#8427=CARTESIAN_POINT('',(0.0235922324983031,-0.0580699814930558,0.00280531424370197));
#8428=CARTESIAN_POINT('',(0.0230298625292041,-0.0580699814930558,0.00280531424370197));
#8429=CARTESIAN_POINT('',(0.022467492560105,-0.0580699814930558,0.00280531424370198));
#8430=CARTESIAN_POINT('',(0.0213839453266498,-0.0580699814930558,0.0042551183519367));
#8431=CARTESIAN_POINT('',(0.0203003980931946,-0.0580699814930558,0.00570492246017141));
#8432=CARTESIAN_POINT('',(0.019951155596461,-0.0580699814930558,0.00540224562966904));
#8433=CARTESIAN_POINT('',(0.0196019130997275,-0.0580699814930558,0.00509956879916667));
#8434=CARTESIAN_POINT('',(0.0196019130997275,-0.0580699814930558,0.00395244152143432));
#8435=CARTESIAN_POINT('',(0.0196019130997275,-0.0580699814930558,0.00280531424370197));
#8436=CARTESIAN_POINT('',(0.0191425248924858,-0.0580699814930558,0.00280531424370197));
#8437=CARTESIAN_POINT('',(0.0186831366852441,-0.0580699814930558,0.00280531424370197));
#8438=CARTESIAN_POINT('',(0.0186831366852441,-0.0580699814930558,0.00716009952989433));
#8439=CARTESIAN_POINT('',(0.0186831366852441,-0.0580699814930558,0.0115148848160867));
#8440=CARTESIAN_POINT('',(0.0191425248924858,-0.0580699814930558,0.0115148848160867));
#8441=CARTESIAN_POINT('',(0.0196019130997275,-0.0580699814930558,0.0115148848160867));
#8442=CARTESIAN_POINT('',(0.0196019130997275,-0.0580699814930558,0.00920540686973874));
#8443=CARTESIAN_POINT('',(0.0196024071591289,-0.0580699814930558,0.00689591937560897));
#8444=CARTESIAN_POINT('',(0.0034884943790225,-0.0580699814930558,0.0072073234759655));
#8445=CARTESIAN_POINT('',(0.0195571384206591,-0.0580699814930558,0.00594491473997802));
#8446=CARTESIAN_POINT('',(0.0195795257601933,-0.0580699814930558,0.00594491473997802));
#8447=CARTESIAN_POINT('',(0.00427195848028956,-0.0580699814930558,0.00280531424370197));
#8448=CARTESIAN_POINT('',(0.00474746557199594,-0.0580699814930558,0.00280531424370197));
#8449=CARTESIAN_POINT('',(0.00379645138858317,-0.0580699814930558,0.00280531424370197));
#8450=CARTESIAN_POINT('',(0.00379645138858317,-0.0580699814930558,0.00473062544364307));
#8451=CARTESIAN_POINT('',(0.00379645138858317,-0.0580699814930558,0.00665593664358417));
#8452=CARTESIAN_POINT('',(0.00164099833823051,-0.0580699814930558,0.00665593664358417));
#8453=CARTESIAN_POINT('',(-0.000514454712122157,-0.0580699814930558,0.00665593664358417));
#8454=CARTESIAN_POINT('',(-0.000514454712122157,-0.0580699814930558,0.00473062544364307));
#8455=CARTESIAN_POINT('',(-0.000514454712122157,-0.0580699814930558,0.00280531424370197));
#8456=CARTESIAN_POINT('',(-0.000989961803828539,-0.0580699814930558,0.00280531424370197));
#8457=CARTESIAN_POINT('',(-0.00146546889553492,-0.0580699814930558,0.00280531424370197));
#8458=CARTESIAN_POINT('',(-0.00146546889553492,-0.0580699814930558,0.00689682441697215));
#8459=CARTESIAN_POINT('',(-0.00146546889553492,-0.0580699814930558,0.0109883345902423));
#8460=CARTESIAN_POINT('',(-0.000989961803828539,-0.0580699814930558,0.0109883345902423));
#8461=CARTESIAN_POINT('',(-0.000514454712122157,-0.0580699814930558,0.0109883345902423));
#8462=CARTESIAN_POINT('',(-0.000514454712122157,-0.0580699814930558,0.00924749506806303));
#8463=CARTESIAN_POINT('',(-0.000514454712122157,-0.0580699814930558,0.00750665554588373));
#8464=CARTESIAN_POINT('',(0.00164099833823051,-0.0580699814930558,0.00750665554588373));
#8465=CARTESIAN_POINT('',(0.00379645138858317,-0.0580699814930558,0.00750665554588373));
#8466=CARTESIAN_POINT('',(0.00379645138858317,-0.0580699814930558,0.00924749506806303));
#8467=CARTESIAN_POINT('',(0.00379645138858317,-0.0580699814930558,0.0109883345902423));
#8468=CARTESIAN_POINT('',(0.00427195848028956,-0.0580699814930558,0.0109883345902423));
#8469=CARTESIAN_POINT('',(0.00474746557199594,-0.0580699814930558,0.0109883345902423));
#8470=CARTESIAN_POINT('',(0.00474746557199594,-0.0580699814930558,0.00689682441697215));
#8471=CARTESIAN_POINT('',(-0.0210776738210744,-0.0580699814930558,0.00280531424370197));
#8472=CARTESIAN_POINT('',(-0.0206129126523445,-0.0580699814930558,0.00280531424370197));
#8473=CARTESIAN_POINT('',(-0.0215424349898044,-0.0580699814930558,0.00280531424370197));
#8474=CARTESIAN_POINT('',(-0.0215424349898044,-0.0580699814930558,0.00716009952989433));
#8475=CARTESIAN_POINT('',(-0.0215424349898044,-0.0580699814930558,0.0115148848160867));
#8476=CARTESIAN_POINT('',(-0.0210776738210744,-0.0580699814930558,0.0115148848160867));
#8477=CARTESIAN_POINT('',(-0.0206129126523445,-0.0580699814930558,0.0115148848160867));
#8478=CARTESIAN_POINT('',(-0.0206129126523445,-0.0580699814930558,0.00716009952989433));
#8479=CARTESIAN_POINT('',(-0.0338715906180784,-0.0580699814930558,0.00594491473997802));
#8480=CARTESIAN_POINT('',(-0.0336315983382718,-0.0580699814930558,0.00628699328806058));
#8481=CARTESIAN_POINT('',(-0.0331390768685194,-0.0580699814930558,0.00684040832134597));
#8482=CARTESIAN_POINT('',(-0.0338715906180784,-0.0580699814930558,0.00594491473997802));
#8483=CARTESIAN_POINT('',(-0.0331390768685194,-0.0580699814930558,0.00684040832134597));
#8484=CARTESIAN_POINT('',(-0.0321486609675265,-0.0580699814930558,0.00788992679870921));
#8485=CARTESIAN_POINT('',(-0.0311582450665335,-0.0580699814930558,0.00893944527607245));
#8486=CARTESIAN_POINT('',(-0.0306066210204109,-0.0580699814930558,0.00893944527607245));
#8487=CARTESIAN_POINT('',(-0.0300549969742882,-0.0580699814930558,0.00893944527607246));
#8488=CARTESIAN_POINT('',(-0.031297942065227,-0.0580699814930558,0.00763292014085661));
#8489=CARTESIAN_POINT('',(-0.0325408871561656,-0.0580699814930558,0.00632639500564077));
#8490=CARTESIAN_POINT('',(-0.0312110791878343,-0.0580699814930558,0.00456585462467137));
#8491=CARTESIAN_POINT('',(-0.0298812712195028,-0.0580699814930558,0.00280531424370197));
#8492=CARTESIAN_POINT('',(-0.0304436411886019,-0.0580699814930558,0.00280531424370197));
#8493=CARTESIAN_POINT('',(-0.031006011157701,-0.0580699814930558,0.00280531424370197));
#8494=CARTESIAN_POINT('',(-0.0320895583911562,-0.0580699814930558,0.00425511835193669));
#8495=CARTESIAN_POINT('',(-0.0331731056246114,-0.0580699814930558,0.00570492246017141));
#8496=CARTESIAN_POINT('',(-0.0335223481213449,-0.0580699814930558,0.00540224562966904));
#8497=CARTESIAN_POINT('',(-0.0338715906180784,-0.0580699814930558,0.00509956879916667));
#8498=CARTESIAN_POINT('',(-0.0338715906180784,-0.0580699814930558,0.00395244152143432));
#8499=CARTESIAN_POINT('',(-0.0338715906180784,-0.0580699814930558,0.00280531424370197));
#8500=CARTESIAN_POINT('',(-0.0343309788253202,-0.0580699814930558,0.00280531424370197));
#8501=CARTESIAN_POINT('',(-0.034790367032562,-0.0580699814930558,0.00280531424370197));
#8502=CARTESIAN_POINT('',(-0.034790367032562,-0.0580699814930558,0.00716009952989433));
#8503=CARTESIAN_POINT('',(-0.034790367032562,-0.0580699814930558,0.0115148848160867));
#8504=CARTESIAN_POINT('',(-0.0343309788253202,-0.0580699814930558,0.0115148848160867));
#8505=CARTESIAN_POINT('',(-0.0338715906180784,-0.0580699814930558,0.0115148848160867));
#8506=CARTESIAN_POINT('',(-0.0338715906180784,-0.0580699814930558,0.00920540686973874));
#8507=CARTESIAN_POINT('',(-0.033871096558677,-0.0580699814930558,0.00689591937560897));
#8508=CARTESIAN_POINT('',(-0.0499850093387354,-0.0580699814930558,0.00720732347596316));
#8509=CARTESIAN_POINT('',(-0.0339163652971468,-0.0580699814930558,0.00594491473997802));
#8510=CARTESIAN_POINT('',(-0.0338939779576126,-0.0580699814930558,0.00594491473997802));
#8511=CARTESIAN_POINT('',(0.0449761637449265,-0.0580699814930558,0.013));
#8512=CARTESIAN_POINT('',(0.0449761637449265,-0.0580699814930558,0.001));
#8513=CARTESIAN_POINT('',(0.0449761637449265,-0.0580699814930558,0.013));
#8514=CARTESIAN_POINT('',(-0.0570238362550736,-0.0580699814930558,0.013));
#8515=CARTESIAN_POINT('',(-0.0570238362550735,-0.0580699814930558,0.013));
#8516=CARTESIAN_POINT('',(-0.0570238362550736,-0.0580699814930558,0.));
#8517=CARTESIAN_POINT('',(-0.0570238362550736,-0.0580699814930558,0.001));
#8518=CARTESIAN_POINT('',(-0.00602383625507354,-0.0580699814930558,0.001));
#8519=CARTESIAN_POINT('',(-0.0377956434916328,-0.0580699814930558,0.00269248205244961));
#8520=CARTESIAN_POINT('',(-0.0391281379407083,-0.0580699814930558,0.00269248205244961));
#8521=CARTESIAN_POINT('',(-0.0398588607031045,-0.0580699814930558,0.00351275417298265));
#8522=CARTESIAN_POINT('',(-0.0377956434916328,-0.0580699814930558,0.00269248205244961));
#8523=CARTESIAN_POINT('',(-0.0398588607031045,-0.0580699814930558,0.00351275417298265));
#8524=CARTESIAN_POINT('',(-0.0398588607031045,-0.0580699814930558,0.00351275417298265));
#8525=CARTESIAN_POINT('',(-0.0405895834655008,-0.0580699814930558,0.0043330262935157));
#8526=CARTESIAN_POINT('',(-0.0405895834655008,-0.0580699814930558,0.00583387353588839));
#8527=CARTESIAN_POINT('',(-0.0405895834655008,-0.0580699814930558,0.00583387353588839));
#8528=CARTESIAN_POINT('',(-0.0405895834655008,-0.0580699814930558,0.00583387353588839));
#8529=CARTESIAN_POINT('',(-0.0405895834655008,-0.0580699814930558,0.00737233150867854));
#8530=CARTESIAN_POINT('',(-0.0398472192865468,-0.0580699814930558,0.00821230448800168));
#8531=CARTESIAN_POINT('',(-0.0398472192865468,-0.0580699814930558,0.00821230448800168));
#8532=CARTESIAN_POINT('',(-0.0398472192865468,-0.0580699814930558,0.00821230448800168));
#8533=CARTESIAN_POINT('',(-0.0391048551075928,-0.0580699814930558,0.00905227746732482));
#8534=CARTESIAN_POINT('',(-0.0377347499280998,-0.0580699814930558,0.00905227746732482));
#8535=CARTESIAN_POINT('',(-0.0377347499280998,-0.0580699814930558,0.00905227746732482));
#8536=CARTESIAN_POINT('',(-0.0377394593274945,-0.0580699814930558,0.00488428291563247));
#8537=CARTESIAN_POINT('',(-0.0368500022697083,-0.0580699814930558,0.00895645965411845));
#8538=CARTESIAN_POINT('',(-0.0368500022697083,-0.0580699814930558,0.00895645965411845));
#8539=CARTESIAN_POINT('',(-0.0364076284405125,-0.0580699814930558,0.00886064184091208));
#8540=CARTESIAN_POINT('',(-0.0361568902377295,-0.0580699814930558,0.00873169076519509));
#8541=CARTESIAN_POINT('',(-0.0361568902377295,-0.0580699814930558,0.00873169076519509));
#8542=CARTESIAN_POINT('',(-0.036299273717167,-0.0580699814930558,0.00833767358939319));
#8543=CARTESIAN_POINT('',(-0.0364415609825672,-0.0580699814930558,0.00794392266627288));
#8544=CARTESIAN_POINT('',(-0.0380239309255706,-0.0580699814930558,0.00393369125542887));
#8545=CARTESIAN_POINT('',(-0.0371133719274307,-0.0580699814930558,0.00814743669501894));
#8546=CARTESIAN_POINT('',(-0.0378186516007775,-0.0580699814930558,0.00518943340307616));
#8547=CARTESIAN_POINT('',(-0.0377562417740526,-0.0580699814930558,0.0082284233724663));
#8548=CARTESIAN_POINT('',(-0.0377562417740526,-0.0580699814930558,0.0082284233724663));
#8549=CARTESIAN_POINT('',(-0.0396260323719489,-0.0580699814930558,0.0082284233724663));
#8550=CARTESIAN_POINT('',(-0.0396260323719489,-0.0580699814930558,0.00584461945886481));
#8551=CARTESIAN_POINT('',(-0.0396260323719489,-0.0580699814930558,0.00584461945886481));
#8552=CARTESIAN_POINT('',(-0.0396260323719489,-0.0580699814930558,0.00584461945886481));
#8553=CARTESIAN_POINT('',(-0.0396260323719489,-0.0580699814930558,0.00471450655917845));
#8554=CARTESIAN_POINT('',(-0.0391702261390326,-0.0580699814930558,0.00411004839175508));
#8555=CARTESIAN_POINT('',(-0.0391702261390326,-0.0580699814930558,0.00411004839175508));
#8556=CARTESIAN_POINT('',(-0.0391702261390326,-0.0580699814930558,0.00411004839175508));
#8557=CARTESIAN_POINT('',(-0.0387144199061163,-0.0580699814930558,0.00350559022433171));
#8558=CARTESIAN_POINT('',(-0.0378189263247483,-0.0580699814930558,0.00350559022433171));
#8559=CARTESIAN_POINT('',(-0.0378189263247483,-0.0580699814930558,0.00350559022433171));
#8560=CARTESIAN_POINT('',(-0.0378189263247483,-0.0580699814930558,0.00350559022433171));
#8561=CARTESIAN_POINT('',(-0.0370523838190974,-0.0580699814930558,0.00350559022433171));
#8562=CARTESIAN_POINT('',(-0.0362464395958663,-0.0580699814930558,0.00383513186227512));
#8563=CARTESIAN_POINT('',(-0.0362464395958663,-0.0580699814930558,0.00383513186227512));
#8564=CARTESIAN_POINT('',(-0.0362464395958663,-0.0580699814930558,0.00342410030842723));
#8565=CARTESIAN_POINT('',(-0.0362464395958663,-0.0580699814930558,0.00301306875457934));
#8566=CARTESIAN_POINT('',(-0.0362464395958663,-0.0580699814930558,0.00301306875457934));
#8567=CARTESIAN_POINT('',(-0.0368607481926847,-0.0580699814930558,0.00269248205244961));
#8568=CARTESIAN_POINT('',(-0.0377956434916328,-0.0580699814930558,0.00269248205244961));
#8569=CARTESIAN_POINT('',(-0.0251315732639272,-0.0580699814930558,0.0102540298535206));
#8570=CARTESIAN_POINT('',(-0.0264801865974673,-0.0580699814930558,0.0102540298535206));
#8571=CARTESIAN_POINT('',(-0.0272610570004202,-0.0580699814930558,0.00935584979140855));
#8572=CARTESIAN_POINT('',(-0.0251315732639272,-0.0580699814930558,0.0102540298535206));
#8573=CARTESIAN_POINT('',(-0.0272610570004202,-0.0580699814930558,0.00935584979140855));
#8574=CARTESIAN_POINT('',(-0.0272610570004202,-0.0580699814930558,0.00935584979140855));
#8575=CARTESIAN_POINT('',(-0.028041927403373,-0.0580699814930558,0.0084576697292965));
#8576=CARTESIAN_POINT('',(-0.028041927403373,-0.0580699814930558,0.00689592892339079));
#8577=CARTESIAN_POINT('',(-0.028041927403373,-0.0580699814930558,0.00689592892339079));
#8578=CARTESIAN_POINT('',(-0.028041927403373,-0.0580699814930558,0.00689592892339079));
#8579=CARTESIAN_POINT('',(-0.028041927403373,-0.0580699814930558,0.00529120442557941));
#8580=CARTESIAN_POINT('',(-0.0272888173014426,-0.0580699814930558,0.00441451620942019));
#8581=CARTESIAN_POINT('',(-0.0272888173014426,-0.0580699814930558,0.00441451620942019));
#8582=CARTESIAN_POINT('',(-0.0272888173014426,-0.0580699814930558,0.00441451620942019));
#8583=CARTESIAN_POINT('',(-0.0265357071995121,-0.0580699814930558,0.00353782799326096));
#8584=CARTESIAN_POINT('',(-0.0251423191869036,-0.0580699814930558,0.00353782799326096));
#8585=CARTESIAN_POINT('',(-0.0251423191869036,-0.0580699814930558,0.00353782799326096));
#8586=CARTESIAN_POINT('',(-0.0251423191869036,-0.0580699814930558,0.00353782799326096));
#8587=CARTESIAN_POINT('',(-0.0242862273231159,-0.0580699814930558,0.00353782799326096));
#8588=CARTESIAN_POINT('',(-0.0231883521923587,-0.0580699814930558,0.00384587778525153));
#8589=CARTESIAN_POINT('',(-0.0231883521923587,-0.0580699814930558,0.00384587778525153));
#8590=CARTESIAN_POINT('',(-0.0231883521923587,-0.0580699814930558,0.00342947326991543));
#8591=CARTESIAN_POINT('',(-0.0231883521923587,-0.0580699814930558,0.00301306875457934));
#8592=CARTESIAN_POINT('',(-0.0231883521923587,-0.0580699814930558,0.00301306875457934));
#8593=CARTESIAN_POINT('',(-0.0240390710946583,-0.0580699814930558,0.00269248205244961));
#8594=CARTESIAN_POINT('',(-0.0252873891470852,-0.0580699814930558,0.00269248205244961));
#8595=CARTESIAN_POINT('',(-0.0252873891470852,-0.0580699814930558,0.00269248205244961));
#8596=CARTESIAN_POINT('',(-0.0252873891470852,-0.0580699814930558,0.00269248205244961));
#8597=CARTESIAN_POINT('',(-0.0270944951942858,-0.0580699814930558,0.00269248205244961));
#8598=CARTESIAN_POINT('',(-0.0280768516530464,-0.0580699814930558,0.00379035718320672));
#8599=CARTESIAN_POINT('',(-0.0280768516530464,-0.0580699814930558,0.00379035718320672));
#8600=CARTESIAN_POINT('',(-0.0280768516530464,-0.0580699814930558,0.00379035718320672));
#8601=CARTESIAN_POINT('',(-0.029059208111807,-0.0580699814930558,0.00488823231396383));
#8602=CARTESIAN_POINT('',(-0.029059208111807,-0.0580699814930558,0.00690846583352994));
#8603=CARTESIAN_POINT('',(-0.029059208111807,-0.0580699814930558,0.00690846583352994));
#8604=CARTESIAN_POINT('',(-0.029059208111807,-0.0580699814930558,0.00690846583352994));
#8605=CARTESIAN_POINT('',(-0.029059208111807,-0.0580699814930558,0.00817290277042149));
#8606=CARTESIAN_POINT('',(-0.0285863875008448,-0.0580699814930558,0.00912391695383425));
#8607=CARTESIAN_POINT('',(-0.0285863875008448,-0.0580699814930558,0.00912391695383425));
#8608=CARTESIAN_POINT('',(-0.0285863875008448,-0.0580699814930558,0.00912391695383425));
#8609=CARTESIAN_POINT('',(-0.0281135668898825,-0.0580699814930558,0.010074931137247));
#8610=CARTESIAN_POINT('',(-0.0272207597892586,-0.0580699814930558,0.0105898399465336));
#8611=CARTESIAN_POINT('',(-0.0272207597892586,-0.0580699814930558,0.0105898399465336));
#8612=CARTESIAN_POINT('',(-0.0272207597892586,-0.0580699814930558,0.0105898399465336));
#8613=CARTESIAN_POINT('',(-0.0263279526886348,-0.0580699814930558,0.0111047487558202));
#8614=CARTESIAN_POINT('',(-0.0251190363537881,-0.0580699814930558,0.0111047487558202));
#8615=CARTESIAN_POINT('',(-0.0251190363537881,-0.0580699814930558,0.0111047487558202));
#8616=CARTESIAN_POINT('',(-0.0251190363537881,-0.0580699814930558,0.0111047487558202));
#8617=CARTESIAN_POINT('',(-0.0238331075709436,-0.0580699814930558,0.0111047487558202));
#8618=CARTESIAN_POINT('',(-0.0228695564773918,-0.0580699814930558,0.0106355101191834));
#8619=CARTESIAN_POINT('',(-0.0228695564773918,-0.0580699814930558,0.0106355101191834));
#8620=CARTESIAN_POINT('',(-0.0230710425331996,-0.0580699814930558,0.0102271650460796));
#8621=CARTESIAN_POINT('',(-0.0232725285890074,-0.0580699814930558,0.00981881997297579));
#8622=CARTESIAN_POINT('',(-0.0232725285890074,-0.0580699814930558,0.00981881997297579));
#8623=CARTESIAN_POINT('',(-0.0242020509264672,-0.0580699814930558,0.0102540298535206));
#8624=CARTESIAN_POINT('',(-0.0251315732639272,-0.0580699814930558,0.0102540298535206));
#8625=CARTESIAN_POINT('',(-0.0177688250379199,-0.0580699814930558,0.00694965853827286));
#8626=CARTESIAN_POINT('',(-0.0177688250379199,-0.0580699814930558,0.00893944527607245));
#8627=CARTESIAN_POINT('',(-0.0177688250379199,-0.0580699814930558,0.00495987180047327));
#8628=CARTESIAN_POINT('',(-0.0177688250379199,-0.0580699814930558,0.00495987180047327));
#8629=CARTESIAN_POINT('',(-0.0177688250379199,-0.0580699814930558,0.00420944817928693));
#8630=CARTESIAN_POINT('',(-0.0174276419834187,-0.0580699814930558,0.00384050482376333));
#8631=CARTESIAN_POINT('',(-0.0174276419834187,-0.0580699814930558,0.00384050482376333));
#8632=CARTESIAN_POINT('',(-0.0174276419834187,-0.0580699814930558,0.00384050482376333));
#8633=CARTESIAN_POINT('',(-0.0170864589289175,-0.0580699814930558,0.00347156146823973));
#8634=CARTESIAN_POINT('',(-0.0163593181408467,-0.0580699814930558,0.00347156146823973));
#8635=CARTESIAN_POINT('',(-0.0163593181408467,-0.0580699814930558,0.00347156146823973));
#8636=CARTESIAN_POINT('',(-0.0163593181408467,-0.0580699814930558,0.00347156146823973));
#8637=CARTESIAN_POINT('',(-0.0153957670472948,-0.0580699814930558,0.00347156146823973));
#8638=CARTESIAN_POINT('',(-0.0149516022309363,-0.0580699814930558,0.00399721620050272));
#8639=CARTESIAN_POINT('',(-0.0149516022309363,-0.0580699814930558,0.00399721620050272));
#8640=CARTESIAN_POINT('',(-0.0149516022309363,-0.0580699814930558,0.00399721620050272));
#8641=CARTESIAN_POINT('',(-0.0145074374145778,-0.0580699814930558,0.00452287093276571));
#8642=CARTESIAN_POINT('',(-0.0145074374145778,-0.0580699814930558,0.00571566838314782));
#8643=CARTESIAN_POINT('',(-0.0145074374145778,-0.0580699814930558,0.00571566838314782));
#8644=CARTESIAN_POINT('',(-0.0145074374145778,-0.0580699814930558,0.00732755682961014));
#8645=CARTESIAN_POINT('',(-0.0145074374145778,-0.0580699814930558,0.00893944527607245));
#8646=CARTESIAN_POINT('',(-0.0140426762458478,-0.0580699814930558,0.00893944527607245));
#8647=CARTESIAN_POINT('',(-0.0135779150771179,-0.0580699814930558,0.00893944527607246));
#8648=CARTESIAN_POINT('',(-0.0135779150771179,-0.0580699814930558,0.00587237975988721));
#8649=CARTESIAN_POINT('',(-0.0135779150771179,-0.0580699814930558,0.00280531424370197));
#8650=CARTESIAN_POINT('',(-0.0139611863299433,-0.0580699814930558,0.00280531424370197));
#8651=CARTESIAN_POINT('',(-0.0143444575827688,-0.0580699814930558,0.00280531424370197));
#8652=CARTESIAN_POINT('',(-0.0144116196013714,-0.0580699814930558,0.00321634579754986));
#8653=CARTESIAN_POINT('',(-0.014478781619974,-0.0580699814930558,0.00362737735139776));
#8654=CARTESIAN_POINT('',(-0.0145038554402523,-0.0580699814930558,0.00362737735139776));
#8655=CARTESIAN_POINT('',(-0.0145284516579857,-0.0580699814930558,0.00362737735139776));
#8656=CARTESIAN_POINT('',(-0.0160903134520471,-0.0580699814930558,0.00461336569537448));
#8657=CARTESIAN_POINT('',(-0.0153205455864599,-0.0580699814930558,0.00293336982583759));
#8658=CARTESIAN_POINT('',(-0.0153205455864599,-0.0580699814930558,0.00293336982583759));
#8659=CARTESIAN_POINT('',(-0.0158273949535142,-0.0580699814930558,0.00269248205244961));
#8660=CARTESIAN_POINT('',(-0.0164775232935873,-0.0580699814930558,0.00269248205244961));
#8661=CARTESIAN_POINT('',(-0.0164775232935873,-0.0580699814930558,0.00269248205244961));
#8662=CARTESIAN_POINT('',(-0.0164775232935873,-0.0580699814930558,0.00269248205244961));
#8663=CARTESIAN_POINT('',(-0.0175968902702972,-0.0580699814930558,0.00269248205244961));
#8664=CARTESIAN_POINT('',(-0.0181529917843267,-0.0580699814930558,0.00322440523978218));
#8665=CARTESIAN_POINT('',(-0.0181529917843267,-0.0580699814930558,0.00322440523978218));
#8666=CARTESIAN_POINT('',(-0.0181529917843267,-0.0580699814930558,0.00322440523978218));
#8667=CARTESIAN_POINT('',(-0.0187090932983562,-0.0580699814930558,0.00375632842711474));
#8668=CARTESIAN_POINT('',(-0.0187090932983562,-0.0580699814930558,0.00492584304438129));
#8669=CARTESIAN_POINT('',(-0.0187090932983562,-0.0580699814930558,0.00492584304438129));
#8670=CARTESIAN_POINT('',(-0.0187090932983562,-0.0580699814930558,0.00693264416022687));
#8671=CARTESIAN_POINT('',(-0.0187090932983562,-0.0580699814930558,0.00893944527607245));
#8672=CARTESIAN_POINT('',(-0.018238959168138,-0.0580699814930558,0.00893944527607245));
#8673=CARTESIAN_POINT('',(0.0156778602261732,-0.0580699814930558,0.00269248205244961));
#8674=CARTESIAN_POINT('',(0.0143453657770977,-0.0580699814930558,0.00269248205244961));
#8675=CARTESIAN_POINT('',(0.0136146430147014,-0.0580699814930558,0.00351275417298265));
#8676=CARTESIAN_POINT('',(0.0156778602261732,-0.0580699814930558,0.00269248205244961));
#8677=CARTESIAN_POINT('',(0.0136146430147014,-0.0580699814930558,0.00351275417298265));
#8678=CARTESIAN_POINT('',(0.0136146430147014,-0.0580699814930558,0.00351275417298265));
#8679=CARTESIAN_POINT('',(0.0128839202523052,-0.0580699814930558,0.0043330262935157));
#8680=CARTESIAN_POINT('',(0.0128839202523052,-0.0580699814930558,0.00583387353588839));
#8681=CARTESIAN_POINT('',(0.0128839202523052,-0.0580699814930558,0.00583387353588839));
#8682=CARTESIAN_POINT('',(0.0128839202523052,-0.0580699814930558,0.00583387353588839));
#8683=CARTESIAN_POINT('',(0.0128839202523052,-0.0580699814930558,0.00737233150867854));
#8684=CARTESIAN_POINT('',(0.0136262844312592,-0.0580699814930558,0.00821230448800168));
#8685=CARTESIAN_POINT('',(0.0136262844312592,-0.0580699814930558,0.00821230448800168));
#8686=CARTESIAN_POINT('',(0.0136262844312592,-0.0580699814930558,0.00821230448800168));
#8687=CARTESIAN_POINT('',(0.0143686486102132,-0.0580699814930558,0.00905227746732482));
#8688=CARTESIAN_POINT('',(0.0157387537897062,-0.0580699814930558,0.00905227746732482));
#8689=CARTESIAN_POINT('',(0.0157387537897062,-0.0580699814930558,0.00905227746732482));
#8690=CARTESIAN_POINT('',(0.0157340443906174,-0.0580699814930558,0.00488428291845591));
#8691=CARTESIAN_POINT('',(0.0166235014480978,-0.0580699814930558,0.00895645965411845));
#8692=CARTESIAN_POINT('',(0.0166235014480978,-0.0580699814930558,0.00895645965411845));
#8693=CARTESIAN_POINT('',(0.0170658752772935,-0.0580699814930558,0.00886064184091208));
#8694=CARTESIAN_POINT('',(0.0173166134800765,-0.0580699814930558,0.00873169076519509));
#8695=CARTESIAN_POINT('',(0.0173166134800765,-0.0580699814930558,0.00873169076519509));
#8696=CARTESIAN_POINT('',(0.017174230000639,-0.0580699814930558,0.00833767358939319));
#8697=CARTESIAN_POINT('',(0.0170319427352387,-0.0580699814930558,0.00794392266627286));
#8698=CARTESIAN_POINT('',(0.0154495727922359,-0.0580699814930558,0.00393369125543064));
#8699=CARTESIAN_POINT('',(0.0163601317903752,-0.0580699814930558,0.00814743669501885));
#8700=CARTESIAN_POINT('',(0.0156548521170296,-0.0580699814930558,0.00518943340309323));
#8701=CARTESIAN_POINT('',(0.0157172619437533,-0.0580699814930558,0.0082284233724663));
#8702=CARTESIAN_POINT('',(0.0157172619437533,-0.0580699814930558,0.0082284233724663));
#8703=CARTESIAN_POINT('',(0.0138474713458571,-0.0580699814930558,0.0082284233724663));
#8704=CARTESIAN_POINT('',(0.0138474713458571,-0.0580699814930558,0.00584461945886481));
#8705=CARTESIAN_POINT('',(0.0138474713458571,-0.0580699814930558,0.00584461945886481));
#8706=CARTESIAN_POINT('',(0.0138474713458571,-0.0580699814930558,0.00584461945886481));
#8707=CARTESIAN_POINT('',(0.0138474713458571,-0.0580699814930558,0.00471450655917845));
#8708=CARTESIAN_POINT('',(0.0143032775787734,-0.0580699814930558,0.00411004839175508));
#8709=CARTESIAN_POINT('',(0.0143032775787734,-0.0580699814930558,0.00411004839175508));
#8710=CARTESIAN_POINT('',(0.0143032775787734,-0.0580699814930558,0.00411004839175508));
#8711=CARTESIAN_POINT('',(0.0147590838116897,-0.0580699814930558,0.00350559022433171));
#8712=CARTESIAN_POINT('',(0.0156545773930576,-0.0580699814930558,0.00350559022433171));
#8713=CARTESIAN_POINT('',(0.0156545773930576,-0.0580699814930558,0.00350559022433171));
#8714=CARTESIAN_POINT('',(0.0156545773930576,-0.0580699814930558,0.00350559022433171));
#8715=CARTESIAN_POINT('',(0.0164211198987086,-0.0580699814930558,0.00350559022433171));
#8716=CARTESIAN_POINT('',(0.0172270641219398,-0.0580699814930558,0.00383513186227512));
#8717=CARTESIAN_POINT('',(0.0172270641219398,-0.0580699814930558,0.00383513186227512));
#8718=CARTESIAN_POINT('',(0.0172270641219398,-0.0580699814930558,0.00342410030842723));
#8719=CARTESIAN_POINT('',(0.0172270641219398,-0.0580699814930558,0.00301306875457934));
#8720=CARTESIAN_POINT('',(0.0172270641219398,-0.0580699814930558,0.00301306875457934));
#8721=CARTESIAN_POINT('',(0.0166127555251213,-0.0580699814930558,0.00269248205244961));
#8722=CARTESIAN_POINT('',(0.0156778602261732,-0.0580699814930558,0.00269248205244961));
#8723=CARTESIAN_POINT('',(-0.0429420451037544,-0.0580699814930558,0.00324231511140953));
#8724=CARTESIAN_POINT('',(-0.0428498092648735,-0.0580699814930558,0.00280531424370197));
#8725=CARTESIAN_POINT('',(-0.0430342809426353,-0.0580699814930558,0.00367931597911709));
#8726=CARTESIAN_POINT('',(-0.0430566682821696,-0.0580699814930558,0.00367931597911709));
#8727=CARTESIAN_POINT('',(-0.0430790556217037,-0.0580699814930558,0.00367931597911709));
#8728=CARTESIAN_POINT('',(-0.0430790556217037,-0.0580699814930558,0.00367931597911709));
#8729=CARTESIAN_POINT('',(-0.0435375483353641,-0.0580699814930558,0.00310261811271614));
#8730=CARTESIAN_POINT('',(-0.0439933545682804,-0.0580699814930558,0.00289755008258288));
#8731=CARTESIAN_POINT('',(-0.0439933545682804,-0.0580699814930558,0.00289755008258288));
#8732=CARTESIAN_POINT('',(-0.0439933545682804,-0.0580699814930558,0.00289755008258288));
#8733=CARTESIAN_POINT('',(-0.0444491608011967,-0.0580699814930558,0.00269248205244961));
#8734=CARTESIAN_POINT('',(-0.0451333178973618,-0.0580699814930558,0.00269248205244961));
#8735=CARTESIAN_POINT('',(-0.0451333178973618,-0.0580699814930558,0.00269248205244961));
#8736=CARTESIAN_POINT('',(-0.0451333178973618,-0.0580699814930558,0.00269248205244961));
#8737=CARTESIAN_POINT('',(-0.0460449303631944,-0.0580699814930558,0.00269248205244961));
#8738=CARTESIAN_POINT('',(-0.0465625256532251,-0.0580699814930558,0.00316351167624915));
#8739=CARTESIAN_POINT('',(-0.0465625256532251,-0.0580699814930558,0.00316351167624915));
#8740=CARTESIAN_POINT('',(-0.0465625256532251,-0.0580699814930558,0.00316351167624915));
#8741=CARTESIAN_POINT('',(-0.0470801209432557,-0.0580699814930558,0.0036345413000487));
#8742=CARTESIAN_POINT('',(-0.0470801209432557,-0.0580699814930558,0.00450137908681288));
#8743=CARTESIAN_POINT('',(-0.0470801209432557,-0.0580699814930558,0.00450137908681288));
#8744=CARTESIAN_POINT('',(-0.0470801209432557,-0.0580699814930558,0.00450137908681288));
#8745=CARTESIAN_POINT('',(-0.0470801209432557,-0.0580699814930558,0.00635863277457001));
#8746=CARTESIAN_POINT('',(-0.0441088732402769,-0.0580699814930558,0.00644818213270681));
#8747=CARTESIAN_POINT('',(-0.0441088732402769,-0.0580699814930558,0.00644818213270681));
#8748=CARTESIAN_POINT('',(-0.0435885914695021,-0.0580699814930558,0.0064651965107528));
#8749=CARTESIAN_POINT('',(-0.0430683096987273,-0.0580699814930558,0.00648221088879879));
#8750=CARTESIAN_POINT('',(-0.0430683096987273,-0.0580699814930558,0.00667295102163017));
#8751=CARTESIAN_POINT('',(-0.0430683096987273,-0.0580699814930558,0.00686369115446154));
#8752=CARTESIAN_POINT('',(-0.0430683096987273,-0.0580699814930558,0.00686369115446154));
#8753=CARTESIAN_POINT('',(-0.0430683096987273,-0.0580699814930558,0.00758545898104411));
#8754=CARTESIAN_POINT('',(-0.0433781504778806,-0.0580699814930558,0.0079293285162894));
#8755=CARTESIAN_POINT('',(-0.0433781504778806,-0.0580699814930558,0.0079293285162894));
#8756=CARTESIAN_POINT('',(-0.0433781504778806,-0.0580699814930558,0.0079293285162894));
#8757=CARTESIAN_POINT('',(-0.0436879912570339,-0.0580699814930558,0.0082731980515347));
#8758=CARTESIAN_POINT('',(-0.044372148353199,-0.0580699814930558,0.0082731980515347));
#8759=CARTESIAN_POINT('',(-0.044372148353199,-0.0580699814930558,0.0082731980515347));
#8760=CARTESIAN_POINT('',(-0.044372148353199,-0.0580699814930558,0.0082731980515347));
#8761=CARTESIAN_POINT('',(-0.04513869085885,-0.0580699814930558,0.0082731980515347));
#8762=CARTESIAN_POINT('',(-0.0461058239267274,-0.0580699814930558,0.00780395941489789));
#8763=CARTESIAN_POINT('',(-0.0461058239267274,-0.0580699814930558,0.00780395941489789));
#8764=CARTESIAN_POINT('',(-0.0462491028997463,-0.0580699814930558,0.00815947036670097));
#8765=CARTESIAN_POINT('',(-0.0463925428744056,-0.0580699814930558,0.00851538079750845));
#8766=CARTESIAN_POINT('',(-0.0443265672794624,-0.0580699814930558,0.00465023817789047));
#8767=CARTESIAN_POINT('',(-0.045399223277711,-0.0580699814930558,0.00889982392010757));
#8768=CARTESIAN_POINT('',(-0.0443093191027438,-0.0580699814930558,0.00472678766428456));
#8769=CARTESIAN_POINT('',(-0.0443148367639915,-0.0580699814930558,0.00903974055718567));
#8770=CARTESIAN_POINT('',(-0.0443148367639915,-0.0580699814930558,0.00903974055718567));
#8771=CARTESIAN_POINT('',(-0.0432187526203971,-0.0580699814930558,0.00903974055718567));
#8772=CARTESIAN_POINT('',(-0.0426895159138087,-0.0580699814930558,0.00855348754250287));
#8773=CARTESIAN_POINT('',(-0.0426895159138087,-0.0580699814930558,0.00855348754250287));
#8774=CARTESIAN_POINT('',(-0.0426895159138087,-0.0580699814930558,0.00855348754250287));
#8775=CARTESIAN_POINT('',(-0.0421602792072202,-0.0580699814930558,0.00806723452782007));
#8776=CARTESIAN_POINT('',(-0.0421602792072202,-0.0580699814930558,0.00699264223017852));
#8777=CARTESIAN_POINT('',(-0.0421602792072202,-0.0580699814930558,0.00699264223017852));
#8778=CARTESIAN_POINT('',(-0.0421602792072202,-0.0580699814930558,0.00489897823694025));
#8779=CARTESIAN_POINT('',(-0.0421602792072202,-0.0580699814930558,0.00280531424370197));
#8780=CARTESIAN_POINT('',(-0.0425050442360469,-0.0580699814930558,0.00280531424370197));
#8781=CARTESIAN_POINT('',(0.0105314586140516,-0.0580699814930558,0.00324231511140953));
#8782=CARTESIAN_POINT('',(0.0106236944529324,-0.0580699814930558,0.00280531424370197));
#8783=CARTESIAN_POINT('',(0.0104392227751707,-0.0580699814930558,0.00367931597911709));
#8784=CARTESIAN_POINT('',(0.0104168354356365,-0.0580699814930558,0.00367931597911709));
#8785=CARTESIAN_POINT('',(0.0103944480961023,-0.0580699814930558,0.00367931597911709));
#8786=CARTESIAN_POINT('',(0.0103944480961023,-0.0580699814930558,0.00367931597911709));
#8787=CARTESIAN_POINT('',(0.00993595538244186,-0.0580699814930558,0.00310261811271614));
#8788=CARTESIAN_POINT('',(0.00948014914952557,-0.0580699814930558,0.00289755008258288));
#8789=CARTESIAN_POINT('',(0.00948014914952557,-0.0580699814930558,0.00289755008258288));
#8790=CARTESIAN_POINT('',(0.00948014914952557,-0.0580699814930558,0.00289755008258288));
#8791=CARTESIAN_POINT('',(0.00902434291660929,-0.0580699814930558,0.00269248205244961));
#8792=CARTESIAN_POINT('',(0.00834018582044416,-0.0580699814930558,0.00269248205244961));
#8793=CARTESIAN_POINT('',(0.00834018582044416,-0.0580699814930558,0.00269248205244961));
#8794=CARTESIAN_POINT('',(0.00834018582044416,-0.0580699814930558,0.00269248205244961));
#8795=CARTESIAN_POINT('',(0.00742857335461159,-0.0580699814930558,0.00269248205244961));
#8796=CARTESIAN_POINT('',(0.00691097806458092,-0.0580699814930558,0.00316351167624915));
#8797=CARTESIAN_POINT('',(0.00691097806458092,-0.0580699814930558,0.00316351167624915));
#8798=CARTESIAN_POINT('',(0.00691097806458092,-0.0580699814930558,0.00316351167624915));
#8799=CARTESIAN_POINT('',(0.00639338277455024,-0.0580699814930558,0.0036345413000487));
#8800=CARTESIAN_POINT('',(0.00639338277455024,-0.0580699814930558,0.00450137908681288));
#8801=CARTESIAN_POINT('',(0.00639338277455024,-0.0580699814930558,0.00450137908681288));
#8802=CARTESIAN_POINT('',(0.00639338277455024,-0.0580699814930558,0.00450137908681288));
#8803=CARTESIAN_POINT('',(0.00639338277455024,-0.0580699814930558,0.00635863277457001));
#8804=CARTESIAN_POINT('',(0.00936463047752911,-0.0580699814930558,0.00644818213270681));
#8805=CARTESIAN_POINT('',(0.00936463047752911,-0.0580699814930558,0.00644818213270681));
#8806=CARTESIAN_POINT('',(0.00988491224830389,-0.0580699814930558,0.0064651965107528));
#8807=CARTESIAN_POINT('',(0.0104051940190787,-0.0580699814930558,0.00648221088879879));
#8808=CARTESIAN_POINT('',(0.0104051940190787,-0.0580699814930558,0.00667295102163017));
#8809=CARTESIAN_POINT('',(0.0104051940190787,-0.0580699814930558,0.00686369115446154));
#8810=CARTESIAN_POINT('',(0.0104051940190787,-0.0580699814930558,0.00686369115446154));
#8811=CARTESIAN_POINT('',(0.0104051940190787,-0.0580699814930558,0.00758545898104411));
#8812=CARTESIAN_POINT('',(0.0100953532399254,-0.0580699814930558,0.0079293285162894));
#8813=CARTESIAN_POINT('',(0.0100953532399254,-0.0580699814930558,0.0079293285162894));
#8814=CARTESIAN_POINT('',(0.0100953532399254,-0.0580699814930558,0.0079293285162894));
#8815=CARTESIAN_POINT('',(0.00978551246077205,-0.0580699814930558,0.0082731980515347));
#8816=CARTESIAN_POINT('',(0.00910135536460693,-0.0580699814930558,0.0082731980515347));
#8817=CARTESIAN_POINT('',(0.00910135536460693,-0.0580699814930558,0.0082731980515347));
#8818=CARTESIAN_POINT('',(0.00910135536460693,-0.0580699814930558,0.0082731980515347));
#8819=CARTESIAN_POINT('',(0.00833481285895597,-0.0580699814930558,0.0082731980515347));
#8820=CARTESIAN_POINT('',(0.00736767979107857,-0.0580699814930558,0.00780395941489789));
#8821=CARTESIAN_POINT('',(0.00736767979107857,-0.0580699814930558,0.00780395941489789));
#8822=CARTESIAN_POINT('',(0.0072244008180597,-0.0580699814930558,0.00815947036670097));
#8823=CARTESIAN_POINT('',(0.00708096084638239,-0.0580699814930558,0.0085153807964253));
#8824=CARTESIAN_POINT('',(0.00914693643834396,-0.0580699814930558,0.00465023817788982));
#8825=CARTESIAN_POINT('',(0.00807428044009501,-0.0580699814930558,0.00889982392010757));
#8826=CARTESIAN_POINT('',(0.0091641846150622,-0.0580699814930558,0.00472678766428487));
#8827=CARTESIAN_POINT('',(0.00915866695381447,-0.0580699814930558,0.00903974055718567));
#8828=CARTESIAN_POINT('',(0.00915866695381447,-0.0580699814930558,0.00903974055718567));
#8829=CARTESIAN_POINT('',(0.0102547510974089,-0.0580699814930558,0.00903974055718567));
#8830=CARTESIAN_POINT('',(0.0107839878039973,-0.0580699814930558,0.00855348754250287));
#8831=CARTESIAN_POINT('',(0.0107839878039973,-0.0580699814930558,0.00855348754250287));
#8832=CARTESIAN_POINT('',(0.0107839878039973,-0.0580699814930558,0.00855348754250287));
#8833=CARTESIAN_POINT('',(0.0113132245105858,-0.0580699814930558,0.00806723452782007));
#8834=CARTESIAN_POINT('',(0.0113132245105858,-0.0580699814930558,0.00699264223017852));
#8835=CARTESIAN_POINT('',(0.0113132245105858,-0.0580699814930558,0.00699264223017852));
#8836=CARTESIAN_POINT('',(0.0113132245105858,-0.0580699814930558,0.00489897823694025));
#8837=CARTESIAN_POINT('',(0.0113132245105858,-0.0580699814930558,0.00280531424370197));
#8838=CARTESIAN_POINT('',(0.0109684594817591,-0.0580699814930558,0.00280531424370197));
#8839=CARTESIAN_POINT('',(0.0352793192287363,-0.0580699814930558,0.00324231511140953));
#8840=CARTESIAN_POINT('',(0.0353715550676172,-0.0580699814930558,0.00280531424370197));
#8841=CARTESIAN_POINT('',(0.0351870833898554,-0.0580699814930558,0.00367931597911709));
#8842=CARTESIAN_POINT('',(0.0351646960503212,-0.0580699814930558,0.00367931597911709));
#8843=CARTESIAN_POINT('',(0.035142308710787,-0.0580699814930558,0.00367931597911709));
#8844=CARTESIAN_POINT('',(0.035142308710787,-0.0580699814930558,0.00367931597911709));
#8845=CARTESIAN_POINT('',(0.0346838159971266,-0.0580699814930558,0.00310261811271614));
#8846=CARTESIAN_POINT('',(0.0342280097642104,-0.0580699814930558,0.00289755008258288));
#8847=CARTESIAN_POINT('',(0.0342280097642104,-0.0580699814930558,0.00289755008258288));
#8848=CARTESIAN_POINT('',(0.0342280097642104,-0.0580699814930558,0.00289755008258288));
#8849=CARTESIAN_POINT('',(0.0337722035312941,-0.0580699814930558,0.00269248205244961));
#8850=CARTESIAN_POINT('',(0.0330880464351289,-0.0580699814930558,0.00269248205244961));
#8851=CARTESIAN_POINT('',(0.0330880464351289,-0.0580699814930558,0.00269248205244961));
#8852=CARTESIAN_POINT('',(0.0330880464351289,-0.0580699814930558,0.00269248205244961));
#8853=CARTESIAN_POINT('',(0.0321764339692964,-0.0580699814930558,0.00269248205244961));
#8854=CARTESIAN_POINT('',(0.0316588386792657,-0.0580699814930558,0.00316351167624915));
#8855=CARTESIAN_POINT('',(0.0316588386792657,-0.0580699814930558,0.00316351167624915));
#8856=CARTESIAN_POINT('',(0.0316588386792657,-0.0580699814930558,0.00316351167624915));
#8857=CARTESIAN_POINT('',(0.031141243389235,-0.0580699814930558,0.0036345413000487));
#8858=CARTESIAN_POINT('',(0.031141243389235,-0.0580699814930558,0.00450137908681288));
#8859=CARTESIAN_POINT('',(0.031141243389235,-0.0580699814930558,0.00450137908681288));
#8860=CARTESIAN_POINT('',(0.031141243389235,-0.0580699814930558,0.00450137908681288));
#8861=CARTESIAN_POINT('',(0.031141243389235,-0.0580699814930558,0.00635863277457001));
#8862=CARTESIAN_POINT('',(0.0341124910922139,-0.0580699814930558,0.00644818213270681));
#8863=CARTESIAN_POINT('',(0.0341124910922139,-0.0580699814930558,0.00644818213270681));
#8864=CARTESIAN_POINT('',(0.0346327728629887,-0.0580699814930558,0.0064651965107528));
#8865=CARTESIAN_POINT('',(0.0351530546337634,-0.0580699814930558,0.00648221088879879));
#8866=CARTESIAN_POINT('',(0.0351530546337634,-0.0580699814930558,0.00667295102163017));
#8867=CARTESIAN_POINT('',(0.0351530546337634,-0.0580699814930558,0.00686369115446154));
#8868=CARTESIAN_POINT('',(0.0351530546337634,-0.0580699814930558,0.00686369115446154));
#8869=CARTESIAN_POINT('',(0.0351530546337634,-0.0580699814930558,0.00758545898104411));
#8870=CARTESIAN_POINT('',(0.0348432138546102,-0.0580699814930558,0.0079293285162894));
#8871=CARTESIAN_POINT('',(0.0348432138546102,-0.0580699814930558,0.0079293285162894));
#8872=CARTESIAN_POINT('',(0.0348432138546102,-0.0580699814930558,0.0079293285162894));
#8873=CARTESIAN_POINT('',(0.0345333730754568,-0.0580699814930558,0.0082731980515347));
#8874=CARTESIAN_POINT('',(0.0338492159792917,-0.0580699814930558,0.0082731980515347));
#8875=CARTESIAN_POINT('',(0.0338492159792917,-0.0580699814930558,0.0082731980515347));
#8876=CARTESIAN_POINT('',(0.0338492159792917,-0.0580699814930558,0.0082731980515347));
#8877=CARTESIAN_POINT('',(0.0330826734736408,-0.0580699814930558,0.0082731980515347));
#8878=CARTESIAN_POINT('',(0.0321155404057634,-0.0580699814930558,0.00780395941489789));
#8879=CARTESIAN_POINT('',(0.0321155404057634,-0.0580699814930558,0.00780395941489789));
#8880=CARTESIAN_POINT('',(0.0319722614327445,-0.0580699814930558,0.00815947036670097));
#8881=CARTESIAN_POINT('',(0.0318288214610671,-0.0580699814930558,0.00851538079642529));
#8882=CARTESIAN_POINT('',(0.0338947970530285,-0.0580699814930558,0.0046502381778902));
#8883=CARTESIAN_POINT('',(0.0328221410547798,-0.0580699814930558,0.00889982392010757));
#8884=CARTESIAN_POINT('',(0.033912045229747,-0.0580699814930558,0.0047267876642845));
#8885=CARTESIAN_POINT('',(0.0339065275684992,-0.0580699814930558,0.00903974055718567));
#8886=CARTESIAN_POINT('',(0.0339065275684992,-0.0580699814930558,0.00903974055718567));
#8887=CARTESIAN_POINT('',(0.0350026117120936,-0.0580699814930558,0.00903974055718567));
#8888=CARTESIAN_POINT('',(0.0355318484186821,-0.0580699814930558,0.00855348754250287));
#8889=CARTESIAN_POINT('',(0.0355318484186821,-0.0580699814930558,0.00855348754250287));
#8890=CARTESIAN_POINT('',(0.0355318484186821,-0.0580699814930558,0.00855348754250287));
#8891=CARTESIAN_POINT('',(0.0360610851252706,-0.0580699814930558,0.00806723452782007));
#8892=CARTESIAN_POINT('',(0.0360610851252706,-0.0580699814930558,0.00699264223017852));
#8893=CARTESIAN_POINT('',(0.0360610851252706,-0.0580699814930558,0.00699264223017852));
#8894=CARTESIAN_POINT('',(0.0360610851252706,-0.0580699814930558,0.00489897823694025));
#8895=CARTESIAN_POINT('',(0.0360610851252706,-0.0580699814930558,0.00280531424370197));
#8896=CARTESIAN_POINT('',(0.0357163200964439,-0.0580699814930558,0.00280531424370197));
#8897=CARTESIAN_POINT('',(-0.0492015452375164,-0.0580699814930558,0.00280531424370197));
#8898=CARTESIAN_POINT('',(-0.04872603814581,-0.0580699814930558,0.00280531424370197));
#8899=CARTESIAN_POINT('',(-0.0496770523292228,-0.0580699814930558,0.00280531424370197));
#8900=CARTESIAN_POINT('',(-0.0496770523292228,-0.0580699814930558,0.00473062544364307));
#8901=CARTESIAN_POINT('',(-0.0496770523292228,-0.0580699814930558,0.00665593664358417));
#8902=CARTESIAN_POINT('',(-0.0518325053795755,-0.0580699814930558,0.00665593664358417));
#8903=CARTESIAN_POINT('',(-0.0539879584299281,-0.0580699814930558,0.00665593664358417));
#8904=CARTESIAN_POINT('',(-0.0539879584299281,-0.0580699814930558,0.00473062544364307));
#8905=CARTESIAN_POINT('',(-0.0539879584299281,-0.0580699814930558,0.00280531424370197));
#8906=CARTESIAN_POINT('',(-0.0544634655216345,-0.0580699814930558,0.00280531424370197));
#8907=CARTESIAN_POINT('',(-0.0549389726133409,-0.0580699814930558,0.00280531424370197));
#8908=CARTESIAN_POINT('',(-0.0549389726133409,-0.0580699814930558,0.00689682441697215));
#8909=CARTESIAN_POINT('',(-0.0549389726133409,-0.0580699814930558,0.0109883345902423));
#8910=CARTESIAN_POINT('',(-0.0544634655216345,-0.0580699814930558,0.0109883345902423));
#8911=CARTESIAN_POINT('',(-0.0539879584299281,-0.0580699814930558,0.0109883345902423));
#8912=CARTESIAN_POINT('',(-0.0539879584299281,-0.0580699814930558,0.00924749506806303));
#8913=CARTESIAN_POINT('',(-0.0539879584299281,-0.0580699814930558,0.00750665554588373));
#8914=CARTESIAN_POINT('',(-0.0518325053795755,-0.0580699814930558,0.00750665554588373));
#8915=CARTESIAN_POINT('',(-0.0496770523292228,-0.0580699814930558,0.00750665554588373));
#8916=CARTESIAN_POINT('',(-0.0496770523292228,-0.0580699814930558,0.00924749506806303));
#8917=CARTESIAN_POINT('',(-0.0496770523292228,-0.0580699814930558,0.0109883345902423));
#8918=CARTESIAN_POINT('',(-0.0492015452375164,-0.0580699814930558,0.0109883345902423));
#8919=CARTESIAN_POINT('',(-0.04872603814581,-0.0580699814930558,0.0109883345902423));
#8920=CARTESIAN_POINT('',(-0.04872603814581,-0.0580699814930558,0.00689682441697215));
#8921=CARTESIAN_POINT('',(-0.0580238362550736,0.0439300185069442,0.013));
#8922=CARTESIAN_POINT('',(-0.0580238362550736,-0.0570699814930558,0.013));
#8923=CARTESIAN_POINT('',(-0.0580238362550736,-0.0570699814930558,0.001));
#8924=CARTESIAN_POINT('',(-0.0580238362550736,-0.0570699814930558,0.013));
#8925=CARTESIAN_POINT('',(-0.0580238362550736,0.0439300185069442,0.013));
#8926=CARTESIAN_POINT('',(-0.0580238362550736,0.0449300185069442,0.013));
#8927=CARTESIAN_POINT('',(-0.0580238362550736,0.0449300185069442,0.013));
#8928=CARTESIAN_POINT('',(-0.0580238362550736,0.0449300185069442,0.001));
#8929=CARTESIAN_POINT('',(-0.0580238362550736,-0.0570699814930558,0.001));
#8930=CARTESIAN_POINT('',(0.0459761637449265,-0.00606998149305582,0.013));
#8931=CARTESIAN_POINT('',(0.0459761637449265,0.0449300185069442,0.013));
#8932=CARTESIAN_POINT('',(0.0459761637449265,0.0449300185069442,0.001));
#8933=CARTESIAN_POINT('',(0.0459761637449265,0.0449300185069442,0.013));
#8934=CARTESIAN_POINT('',(0.0459761637449265,-0.00606998149305582,0.013));
#8935=CARTESIAN_POINT('',(0.0459761637449265,-0.0570699814930558,0.013));
#8936=CARTESIAN_POINT('',(0.0459761637449265,-0.0570699814930558,0.));
#8937=CARTESIAN_POINT('',(0.0459761637449265,-0.0570699814930558,0.001));
#8938=CARTESIAN_POINT('',(0.0459761637449265,0.0449300185069442,0.001));
#8939=CARTESIAN_POINT('',(-0.00602383625507355,-0.00606998149305582,0.));
#8940=CARTESIAN_POINT('',(-0.00602383625507355,-0.0570699814930558,0.));
#8941=CARTESIAN_POINT('',(0.0449761637449265,-0.0570699814930558,0.));
#8942=CARTESIAN_POINT('',(-0.0570238362550736,-0.0570699814930558,0.));
#8943=CARTESIAN_POINT('',(-0.0570238362550736,0.0449300185069442,0.));
#8944=CARTESIAN_POINT('',(-0.0570238362550736,0.0449300185069442,0.));
#8945=CARTESIAN_POINT('',(0.0449761637449265,0.0449300185069442,0.));
#8946=CARTESIAN_POINT('',(0.0449761637449265,0.0449300185069442,0.));
#8947=CARTESIAN_POINT('',(0.0449761637449265,-0.0570699814930558,0.));
#8948=CARTESIAN_POINT('',(-0.0540238362550736,0.0439300185069442,0.013));
#8949=CARTESIAN_POINT('',(-0.0540238362550736,0.0409300185069442,0.013));
#8950=CARTESIAN_POINT('',(-0.0540238362550736,0.0409300185069442,0.005));
#8951=CARTESIAN_POINT('',(-0.0540238362550736,0.0409300185069442,0.013));
#8952=CARTESIAN_POINT('',(-0.0540238362550736,-0.0530699814930558,0.013));
#8953=CARTESIAN_POINT('',(-0.0540238362550736,-0.0530699814930558,0.013));
#8954=CARTESIAN_POINT('',(-0.0540238362550736,-0.0530699814930558,0.013));
#8955=CARTESIAN_POINT('',(-0.0540238362550736,-0.0530699814930558,0.005));
#8956=CARTESIAN_POINT('',(-0.0540238362550736,0.0439300185069442,0.005));
#8957=CARTESIAN_POINT('',(-0.00602383625507354,-0.0540699814930558,0.013));
#8958=CARTESIAN_POINT('',(-0.0530238362550735,-0.0540699814930558,0.013));
#8959=CARTESIAN_POINT('',(-0.0530238362550736,-0.0540699814930558,0.005));
#8960=CARTESIAN_POINT('',(-0.0530238362550735,-0.0540699814930558,0.013));
#8961=CARTESIAN_POINT('',(-0.00602383625507354,-0.0540699814930558,0.013));
#8962=CARTESIAN_POINT('',(0.0409761637449264,-0.0540699814930558,0.013));
#8963=CARTESIAN_POINT('',(0.0409761637449264,-0.0540699814930558,0.013));
#8964=CARTESIAN_POINT('',(0.0409761637449264,-0.0540699814930558,0.005));
#8965=CARTESIAN_POINT('',(-0.0540238362550736,-0.0540699814930558,0.005));
#8966=CARTESIAN_POINT('',(0.0419761637449265,-0.00606998149305582,0.013));
#8967=CARTESIAN_POINT('',(0.0419761637449265,-0.0530699814930558,0.013));
#8968=CARTESIAN_POINT('',(0.0419761637449265,-0.0530699814930558,0.005));
#8969=CARTESIAN_POINT('',(0.0419761637449265,-0.0530699814930558,0.013));
#8970=CARTESIAN_POINT('',(0.0419761637449265,0.0409300185069442,0.013));
#8971=CARTESIAN_POINT('',(0.0419761637449265,0.0409300185069442,0.013));
#8972=CARTESIAN_POINT('',(0.0419761637449265,0.0409300185069442,0.005));
#8973=CARTESIAN_POINT('',(0.0419761637449265,0.0409300185069442,0.005));
#8974=CARTESIAN_POINT('',(0.0419761637449265,-0.00606998149305582,0.005));
#8975=CARTESIAN_POINT('',(-0.00402383625507355,0.0419300185069442,0.013));
#8976=CARTESIAN_POINT('',(0.0409761637449264,0.0419300185069442,0.013));
#8977=CARTESIAN_POINT('',(0.0409761637449264,0.0419300185069442,0.005));
#8978=CARTESIAN_POINT('',(0.0409761637449264,0.0419300185069442,0.013));
#8979=CARTESIAN_POINT('',(0.00997616374492646,0.0419300185069442,0.013));
#8980=CARTESIAN_POINT('',(0.00997616374492646,0.0419300185069442,0.013));
#8981=CARTESIAN_POINT('',(0.00997616374492646,0.0419300185069442,0.013));
#8982=CARTESIAN_POINT('',(0.00997616374492646,0.0419300185069442,0.005));
#8983=CARTESIAN_POINT('',(-0.00402383625507355,0.0419300185069442,0.005));
#8984=CARTESIAN_POINT('',(-0.0530238362550736,0.0439300185069442,0.005));
#8985=CARTESIAN_POINT('',(-0.0530238362550736,-0.0530699814930558,0.005));
#8986=CARTESIAN_POINT('',(-0.0530238362550736,0.0409300185069442,0.005));
#8987=CARTESIAN_POINT('',(-0.00402383625507355,0.0409300185069442,0.005));
#8988=CARTESIAN_POINT('',(0.00997616374492646,0.0409300185069442,0.005));
#8989=CARTESIAN_POINT('',(0.00997616374492646,0.0417960439107286,0.0045));
#8990=CARTESIAN_POINT('',(0.00997616374492646,0.0417960439107286,0.0045));
#8991=CARTESIAN_POINT('',(0.00997616374492646,0.0416128196092161,0.00418264620059896));
#8992=CARTESIAN_POINT('',(0.00970821455249646,0.0412961270316443,0.0039999999999999));
#8993=CARTESIAN_POINT('',(0.00970821455249651,0.0409300185069441,0.00399999999999994));
#8994=CARTESIAN_POINT('',(0.0409761637449264,0.0409300185069442,0.005));
#8995=CARTESIAN_POINT('',(-0.00602383625507355,-0.0530699814930558,0.005));
#8996=CARTESIAN_POINT('',(0.0409761637449264,-0.0530699814930558,0.005));
#8997=CARTESIAN_POINT('',(-0.0530238362550736,-0.0530699814930558,0.005));
#8998=CARTESIAN_POINT('',(0.0409761637449264,-0.00606998149305582,0.005));
#8999=CARTESIAN_POINT('',(0.0409761637449264,-0.0530699814930558,0.005));
#9000=CARTESIAN_POINT('',(0.0409761637449264,0.0409300185069442,0.005));
#9001=CARTESIAN_POINT('',(-0.0570238362550736,0.0449300185069442,0.013));
#9002=CARTESIAN_POINT('',(-0.0570238362550736,0.0449300185069442,0.013));
#9003=CARTESIAN_POINT('',(-0.0570238362550736,0.0449300185069442,0.001));
#9004=CARTESIAN_POINT('',(-0.0570238362550736,-0.0570699814930558,0.013));
#9005=CARTESIAN_POINT('',(-0.0570238362550736,-0.0570699814930558,0.013));
#9006=CARTESIAN_POINT('',(-0.0570238362550736,-0.0570699814930558,0.001));
#9007=CARTESIAN_POINT('',(0.0449761637449265,0.0449300185069442,0.013));
#9008=CARTESIAN_POINT('',(0.0449761637449265,0.0449300185069442,0.013));
#9009=CARTESIAN_POINT('',(0.0449761637449265,0.0449300185069442,0.001));
#9010=CARTESIAN_POINT('',(0.0449761637449265,-0.0570699814930558,0.013));
#9011=CARTESIAN_POINT('',(0.0449761637449265,-0.0570699814930558,0.013));
#9012=CARTESIAN_POINT('',(0.0449761637449265,-0.0570699814930558,0.001));
#9013=CARTESIAN_POINT('',(0.0409761637449264,-0.0530699814930558,0.013));
#9014=CARTESIAN_POINT('',(0.0409761637449264,-0.0530699814930558,0.013));
#9015=CARTESIAN_POINT('',(0.0409761637449264,-0.0530699814930558,0.005));
#9016=CARTESIAN_POINT('',(0.0409761637449264,-0.0530699814930558,0.005));
#9017=CARTESIAN_POINT('',(-0.0530238362550736,-0.0530699814930558,0.013));
#9018=CARTESIAN_POINT('',(-0.0530238362550736,-0.0530699814930558,0.013));
#9019=CARTESIAN_POINT('',(-0.0530238362550736,-0.0530699814930558,0.005));
#9020=CARTESIAN_POINT('',(-0.0530238362550736,-0.0530699814930558,0.005));
#9021=CARTESIAN_POINT('',(0.0409761637449264,0.0409300185069442,0.013));
#9022=CARTESIAN_POINT('',(0.0409761637449264,0.0409300185069442,0.013));
#9023=CARTESIAN_POINT('',(0.0409761637449264,0.0409300185069442,0.005));
#9024=CARTESIAN_POINT('',(0.0409761637449264,0.0409300185069442,0.005));
#9025=CARTESIAN_POINT('',(-0.0530238362550736,0.0409300185069442,0.013));
#9026=CARTESIAN_POINT('',(-0.0530238362550736,0.0409300185069442,0.013));
#9027=CARTESIAN_POINT('',(-0.0530238362550736,0.0409300185069442,0.005));
#9028=CARTESIAN_POINT('',(-0.0530238362550736,0.0409300185069442,0.005));
#9029=CARTESIAN_POINT('',(0.0449761637449265,-0.00606998149305582,0.001));
#9030=CARTESIAN_POINT('',(0.0449761637449265,0.0449300185069442,0.001));
#9031=CARTESIAN_POINT('',(0.0449761637449265,-0.0570699814930558,0.001));
#9032=CARTESIAN_POINT('',(0.0449761637449265,-0.0570699814930558,0.001));
#9033=CARTESIAN_POINT('',(0.0449761637449265,-0.0570699814930558,0.001));
#9034=CARTESIAN_POINT('',(0.0449761637449265,0.0449300185069442,0.001));
#9035=CARTESIAN_POINT('',(0.0449761637449265,0.0449300185069442,0.001));
#9036=CARTESIAN_POINT('',(-0.00602383625507354,-0.0570699814930558,0.001));
#9037=CARTESIAN_POINT('',(-0.0570238362550736,-0.0570699814930558,0.001));
#9038=CARTESIAN_POINT('',(-0.00602383625507355,0.0449300185069442,0.001));
#9039=CARTESIAN_POINT('',(-0.0570238362550736,0.0449300185069442,0.001));
#9040=CARTESIAN_POINT('',(-0.0570238362550736,-0.0570699814930558,0.001));
#9041=CARTESIAN_POINT('',(-0.0570238362550736,-0.0570699814930558,0.001));
#9042=CARTESIAN_POINT('',(-0.0570238362550736,0.0449300185069442,0.001));
#9043=CARTESIAN_POINT('',(-0.0570238362550736,0.0449300185069442,0.001));
#9044=CARTESIAN_POINT('',(-0.0570238362550736,-0.00606998149305582,0.001));
#9045=CARTESIAN_POINT('',(-0.0377956434916328,-0.0570699814930558,0.00269248205244961));
#9046=CARTESIAN_POINT('',(-0.0377956434916328,-0.0580699814930558,0.00269248205244961));
#9047=CARTESIAN_POINT('',(-0.0386839731243498,-0.0570699814930558,0.00269248205244961));
#9048=CARTESIAN_POINT('',(-0.0386839731243498,-0.0580699814930558,0.00269248205244961));
#9049=CARTESIAN_POINT('',(-0.0393717121948404,-0.0570699814930558,0.00296590609262729));
#9050=CARTESIAN_POINT('',(-0.0393717121948404,-0.0580699814930558,0.00296590609262729));
#9051=CARTESIAN_POINT('',(-0.0398588607031045,-0.0570699814930558,0.00351275417298265));
#9052=CARTESIAN_POINT('',(-0.0398588607031045,-0.0580699814930558,0.00351275417298265));
#9053=CARTESIAN_POINT('',(-0.0377956434916328,-0.0570699814930558,0.00269248205244961));
#9054=CARTESIAN_POINT('',(-0.0377956434916328,-0.0570699814930558,0.00269248205244961));
#9055=CARTESIAN_POINT('',(-0.0377956434916328,-0.0570699814930558,0.00269248205244961));
#9056=CARTESIAN_POINT('',(-0.0391281379407083,-0.0570699814930558,0.00269248205244961));
#9057=CARTESIAN_POINT('',(-0.0398588607031045,-0.0570699814930558,0.00351275417298265));
#9058=CARTESIAN_POINT('',(-0.0398588607031045,-0.0570699814930558,0.00351275417298265));
#9059=CARTESIAN_POINT('',(-0.0398588607031045,-0.0570699814930558,0.00351275417298265));
#9060=CARTESIAN_POINT('',(-0.0362464395958663,-0.0570699814930558,0.00301306875457934));
#9061=CARTESIAN_POINT('',(-0.0362464395958663,-0.0580699814930558,0.00301306875457934));
#9062=CARTESIAN_POINT('',(-0.0366559786604118,-0.0570699814930558,0.00279934428649285));
#9063=CARTESIAN_POINT('',(-0.0366559786604118,-0.0580699814930558,0.00279934428649285));
#9064=CARTESIAN_POINT('',(-0.0371723799590007,-0.0570699814930558,0.00269248205244961));
#9065=CARTESIAN_POINT('',(-0.0371723799590007,-0.0580699814930558,0.00269248205244961));
#9066=CARTESIAN_POINT('',(-0.0377956434916328,-0.0570699814930558,0.00269248205244961));
#9067=CARTESIAN_POINT('',(-0.0377956434916328,-0.0580699814930558,0.00269248205244961));
#9068=CARTESIAN_POINT('',(-0.0362464395958663,-0.0570699814930558,0.00301306875457934));
#9069=CARTESIAN_POINT('',(-0.0362464395958663,-0.0570699814930558,0.00301306875457934));
#9070=CARTESIAN_POINT('',(-0.0362464395958663,-0.0570699814930558,0.00301306875457934));
#9071=CARTESIAN_POINT('',(-0.0368607481926847,-0.0570699814930558,0.00269248205244961));
#9072=CARTESIAN_POINT('',(-0.0377956434916328,-0.0570699814930558,0.00269248205244961));
#9073=CARTESIAN_POINT('',(-0.0362464395958663,-0.0570699814930558,0.00342410030842723));
#9074=CARTESIAN_POINT('',(-0.0362464395958663,-0.0570699814930558,0.00383513186227512));
#9075=CARTESIAN_POINT('',(-0.0362464395958663,-0.0570699814930558,0.00383513186227512));
#9076=CARTESIAN_POINT('',(-0.0362464395958663,-0.0570699814930558,0.00342410030842723));
#9077=CARTESIAN_POINT('',(-0.0378189263247483,-0.0570699814930558,0.00350559022433171));
#9078=CARTESIAN_POINT('',(-0.0378189263247483,-0.0580699814930558,0.00350559022433171));
#9079=CARTESIAN_POINT('',(-0.0373078979876477,-0.0570699814930558,0.00350559022433171));
#9080=CARTESIAN_POINT('',(-0.0373078979876477,-0.0580699814930558,0.00350559022433171));
#9081=CARTESIAN_POINT('',(-0.036783735744687,-0.0570699814930558,0.00361543743697952));
#9082=CARTESIAN_POINT('',(-0.036783735744687,-0.0580699814930558,0.00361543743697952));
#9083=CARTESIAN_POINT('',(-0.0362464395958663,-0.0570699814930558,0.00383513186227512));
#9084=CARTESIAN_POINT('',(-0.0362464395958663,-0.0580699814930558,0.00383513186227512));
#9085=CARTESIAN_POINT('',(-0.0378189263247483,-0.0570699814930558,0.00350559022433171));
#9086=CARTESIAN_POINT('',(-0.0378189263247483,-0.0570699814930558,0.00350559022433171));
#9087=CARTESIAN_POINT('',(-0.0378189263247483,-0.0570699814930558,0.00350559022433171));
#9088=CARTESIAN_POINT('',(-0.0370523838190974,-0.0570699814930558,0.00350559022433171));
#9089=CARTESIAN_POINT('',(-0.0362464395958663,-0.0570699814930558,0.00383513186227512));
#9090=CARTESIAN_POINT('',(-0.0391702261390326,-0.0570699814930558,0.00411004839175508));
#9091=CARTESIAN_POINT('',(-0.0391702261390326,-0.0580699814930558,0.00411004839175508));
#9092=CARTESIAN_POINT('',(-0.0388663553170884,-0.0570699814930558,0.0037070762801395));
#9093=CARTESIAN_POINT('',(-0.0388663553170884,-0.0580699814930558,0.0037070762801395));
#9094=CARTESIAN_POINT('',(-0.0384159220456603,-0.0570699814930558,0.00350559022433171));
#9095=CARTESIAN_POINT('',(-0.0384159220456603,-0.0580699814930558,0.00350559022433171));
#9096=CARTESIAN_POINT('',(-0.0378189263247483,-0.0570699814930558,0.00350559022433171));
#9097=CARTESIAN_POINT('',(-0.0378189263247483,-0.0580699814930558,0.00350559022433171));
#9098=CARTESIAN_POINT('',(-0.0391702261390326,-0.0570699814930558,0.00411004839175508));
#9099=CARTESIAN_POINT('',(-0.0391702261390326,-0.0570699814930558,0.00411004839175508));
#9100=CARTESIAN_POINT('',(-0.0391702261390326,-0.0570699814930558,0.00411004839175508));
#9101=CARTESIAN_POINT('',(-0.0387144199061163,-0.0570699814930558,0.00350559022433171));
#9102=CARTESIAN_POINT('',(-0.0378189263247483,-0.0570699814930558,0.00350559022433171));
#9103=CARTESIAN_POINT('',(-0.0396260323719489,-0.0570699814930558,0.00584461945886481));
#9104=CARTESIAN_POINT('',(-0.0396260323719489,-0.0580699814930558,0.00584461945886481));
#9105=CARTESIAN_POINT('',(-0.0396260323719489,-0.0570699814930558,0.0050912108590739));
#9106=CARTESIAN_POINT('',(-0.0396260323719489,-0.0580699814930558,0.0050912108590739));
#9107=CARTESIAN_POINT('',(-0.0394740969609768,-0.0570699814930558,0.00451302050337066));
#9108=CARTESIAN_POINT('',(-0.0394740969609768,-0.0580699814930558,0.00451302050337066));
#9109=CARTESIAN_POINT('',(-0.0391702261390326,-0.0570699814930558,0.00411004839175508));
#9110=CARTESIAN_POINT('',(-0.0391702261390326,-0.0580699814930558,0.00411004839175508));
#9111=CARTESIAN_POINT('',(-0.0396260323719489,-0.0570699814930558,0.00584461945886481));
#9112=CARTESIAN_POINT('',(-0.0396260323719489,-0.0570699814930558,0.00584461945886481));
#9113=CARTESIAN_POINT('',(-0.0396260323719489,-0.0570699814930558,0.00584461945886481));
#9114=CARTESIAN_POINT('',(-0.0396260323719489,-0.0570699814930558,0.00471450655917845));
#9115=CARTESIAN_POINT('',(-0.0391702261390326,-0.0570699814930558,0.00411004839175508));
#9116=CARTESIAN_POINT('',(-0.0377562417740526,-0.0570699814930558,0.0082284233724663));
#9117=CARTESIAN_POINT('',(-0.0377562417740526,-0.0580699814930558,0.0082284233724663));
#9118=CARTESIAN_POINT('',(-0.0390027688393168,-0.0570699814930558,0.0082284233724663));
#9119=CARTESIAN_POINT('',(-0.0390027688393168,-0.0580699814930558,0.0082284233724663));
#9120=CARTESIAN_POINT('',(-0.0396260323719489,-0.0570699814930558,0.00743382206793247));
#9121=CARTESIAN_POINT('',(-0.0396260323719489,-0.0580699814930558,0.00743382206793247));
#9122=CARTESIAN_POINT('',(-0.0396260323719489,-0.0570699814930558,0.00584461945886481));
#9123=CARTESIAN_POINT('',(-0.0396260323719489,-0.0580699814930558,0.00584461945886481));
#9124=CARTESIAN_POINT('',(-0.0377562417740526,-0.0570699814930558,0.0082284233724663));
#9125=CARTESIAN_POINT('',(-0.0377562417740526,-0.0570699814930558,0.0082284233724663));
#9126=CARTESIAN_POINT('',(-0.0377562417740526,-0.0570699814930558,0.0082284233724663));
#9127=CARTESIAN_POINT('',(-0.0396260323719489,-0.0570699814930558,0.0082284233724663));
#9128=CARTESIAN_POINT('',(-0.0396260323719489,-0.0570699814930558,0.00584461945886481));
#9129=CARTESIAN_POINT('',(-0.0378186516007775,-0.0570699814930558,0.00518943340307616));
#9130=CARTESIAN_POINT('',(-0.0371132773826304,-0.0570699814930558,0.00814782895014318));
#9131=CARTESIAN_POINT('',(-0.0371133719274307,-0.0570699814930558,0.00814743669501894));
#9132=CARTESIAN_POINT('',(-0.0378186516007775,-0.0570699814930558,0.00518943340307616));
#9133=CARTESIAN_POINT('',(-0.0380239309255706,-0.0570699814930558,0.00393369125542887));
#9134=CARTESIAN_POINT('',(-0.0364415609825672,-0.0570699814930558,0.00794392266627288));
#9135=CARTESIAN_POINT('',(-0.0364415609825672,-0.0570699814930558,0.00794392266627288));
#9136=CARTESIAN_POINT('',(-0.0380239309255706,-0.0570699814930558,0.00393369125542887));
#9137=CARTESIAN_POINT('',(-0.036299273717167,-0.0570699814930558,0.00833767358939319));
#9138=CARTESIAN_POINT('',(-0.0361568902377295,-0.0570699814930558,0.00873169076519509));
#9139=CARTESIAN_POINT('',(-0.0361568902377295,-0.0570699814930558,0.00873169076519509));
#9140=CARTESIAN_POINT('',(-0.036299273717167,-0.0570699814930558,0.00833767358939319));
#9141=CARTESIAN_POINT('',(-0.0368500022697083,-0.0570699814930558,0.00895645965411845));
#9142=CARTESIAN_POINT('',(-0.0368500022697083,-0.0580699814930558,0.00895645965411845));
#9143=CARTESIAN_POINT('',(-0.0365550863835777,-0.0570699814930558,0.00889258111198087));
#9144=CARTESIAN_POINT('',(-0.0365550863835777,-0.0580699814930558,0.00889258111198087));
#9145=CARTESIAN_POINT('',(-0.0363240490395848,-0.0570699814930558,0.00881765814900642));
#9146=CARTESIAN_POINT('',(-0.0363240490395848,-0.0580699814930558,0.00881765814900642));
#9147=CARTESIAN_POINT('',(-0.0361568902377295,-0.0570699814930558,0.00873169076519509));
#9148=CARTESIAN_POINT('',(-0.0361568902377295,-0.0580699814930558,0.00873169076519509));
#9149=CARTESIAN_POINT('',(-0.0368500022697083,-0.0570699814930558,0.00895645965411845));
#9150=CARTESIAN_POINT('',(-0.0368500022697083,-0.0570699814930558,0.00895645965411845));
#9151=CARTESIAN_POINT('',(-0.0368500022697083,-0.0570699814930558,0.00895645965411845));
#9152=CARTESIAN_POINT('',(-0.0364076284405125,-0.0570699814930558,0.00886064184091208));
#9153=CARTESIAN_POINT('',(-0.0361568902377295,-0.0570699814930558,0.00873169076519509));
#9154=CARTESIAN_POINT('',(-0.0377394593274945,-0.0570699814930558,0.00488428291563247));
#9155=CARTESIAN_POINT('',(-0.0377347499280998,-0.0570699814930558,0.00905227746732482));
#9156=CARTESIAN_POINT('',(-0.0377347499280998,-0.0570699814930558,0.00905227746732482));
#9157=CARTESIAN_POINT('',(-0.0377394593274945,-0.0570699814930558,0.00488428291563247));
#9158=CARTESIAN_POINT('',(-0.0398472192865468,-0.0570699814930558,0.00821230448800168));
#9159=CARTESIAN_POINT('',(-0.0398472192865468,-0.0580699814930558,0.00821230448800168));
#9160=CARTESIAN_POINT('',(-0.0393523098339108,-0.0570699814930558,0.00877228647421711));
#9161=CARTESIAN_POINT('',(-0.0393523098339108,-0.0580699814930558,0.00877228647421711));
#9162=CARTESIAN_POINT('',(-0.0386481533810951,-0.0570699814930558,0.00905227746732482));
#9163=CARTESIAN_POINT('',(-0.0386481533810951,-0.0580699814930558,0.00905227746732482));
#9164=CARTESIAN_POINT('',(-0.0377347499280998,-0.0570699814930558,0.00905227746732482));
#9165=CARTESIAN_POINT('',(-0.0377347499280998,-0.0580699814930558,0.00905227746732482));
#9166=CARTESIAN_POINT('',(-0.0398472192865468,-0.0570699814930558,0.00821230448800168));
#9167=CARTESIAN_POINT('',(-0.0398472192865468,-0.0570699814930558,0.00821230448800168));
#9168=CARTESIAN_POINT('',(-0.0398472192865468,-0.0570699814930558,0.00821230448800168));
#9169=CARTESIAN_POINT('',(-0.0391048551075928,-0.0570699814930558,0.00905227746732482));
#9170=CARTESIAN_POINT('',(-0.0377347499280998,-0.0570699814930558,0.00905227746732482));
#9171=CARTESIAN_POINT('',(-0.0405895834655008,-0.0570699814930558,0.00583387353588839));
#9172=CARTESIAN_POINT('',(-0.0405895834655008,-0.0580699814930558,0.00583387353588839));
#9173=CARTESIAN_POINT('',(-0.0405895834655008,-0.0570699814930558,0.00685951218441516));
#9174=CARTESIAN_POINT('',(-0.0405895834655008,-0.0580699814930558,0.00685951218441516));
#9175=CARTESIAN_POINT('',(-0.0403421287391828,-0.0570699814930558,0.00765232250178625));
#9176=CARTESIAN_POINT('',(-0.0403421287391828,-0.0580699814930558,0.00765232250178625));
#9177=CARTESIAN_POINT('',(-0.0398472192865468,-0.0570699814930558,0.00821230448800168));
#9178=CARTESIAN_POINT('',(-0.0398472192865468,-0.0580699814930558,0.00821230448800168));
#9179=CARTESIAN_POINT('',(-0.0405895834655008,-0.0570699814930558,0.00583387353588839));
#9180=CARTESIAN_POINT('',(-0.0405895834655008,-0.0570699814930558,0.00583387353588839));
#9181=CARTESIAN_POINT('',(-0.0405895834655008,-0.0570699814930558,0.00583387353588839));
#9182=CARTESIAN_POINT('',(-0.0405895834655008,-0.0570699814930558,0.00737233150867854));
#9183=CARTESIAN_POINT('',(-0.0398472192865468,-0.0570699814930558,0.00821230448800168));
#9184=CARTESIAN_POINT('',(-0.0398588607031045,-0.0570699814930558,0.00351275417298265));
#9185=CARTESIAN_POINT('',(-0.0398588607031045,-0.0580699814930558,0.00351275417298265));
#9186=CARTESIAN_POINT('',(-0.0403460092113687,-0.0570699814930558,0.00405960225333802));
#9187=CARTESIAN_POINT('',(-0.0403460092113687,-0.0580699814930558,0.00405960225333802));
#9188=CARTESIAN_POINT('',(-0.0405895834655008,-0.0570699814930558,0.00483330870763993));
#9189=CARTESIAN_POINT('',(-0.0405895834655008,-0.0580699814930558,0.00483330870763993));
#9190=CARTESIAN_POINT('',(-0.0405895834655008,-0.0570699814930558,0.00583387353588839));
#9191=CARTESIAN_POINT('',(-0.0405895834655008,-0.0580699814930558,0.00583387353588839));
#9192=CARTESIAN_POINT('',(-0.0398588607031045,-0.0570699814930558,0.00351275417298265));
#9193=CARTESIAN_POINT('',(-0.0405895834655008,-0.0570699814930558,0.0043330262935157));
#9194=CARTESIAN_POINT('',(-0.0405895834655008,-0.0570699814930558,0.00583387353588839));
#9195=CARTESIAN_POINT('',(-0.00602383625507355,-0.0570699814930558,0.007));
#9196=CARTESIAN_POINT('',(-0.0338715906180784,-0.0570699814930558,0.00594491473997802));
#9197=CARTESIAN_POINT('',(-0.0338715906180784,-0.0580699814930558,0.00594491473997802));
#9198=CARTESIAN_POINT('',(-0.033711595764874,-0.0570699814930558,0.00617296710536639));
#9199=CARTESIAN_POINT('',(-0.033711595764874,-0.0580699814930558,0.00617296710536639));
#9200=CARTESIAN_POINT('',(-0.033467424515021,-0.0570699814930558,0.00647146496582238));
#9201=CARTESIAN_POINT('',(-0.033467424515021,-0.0580699814930558,0.00647146496582238));
#9202=CARTESIAN_POINT('',(-0.0331390768685194,-0.0570699814930558,0.00684040832134597));
#9203=CARTESIAN_POINT('',(-0.0331390768685194,-0.0580699814930558,0.00684040832134597));
#9204=CARTESIAN_POINT('',(-0.0338715906180784,-0.0570699814930558,0.00594491473997802));
#9205=CARTESIAN_POINT('',(-0.0338715906180784,-0.0570699814930558,0.00594491473997802));
#9206=CARTESIAN_POINT('',(-0.0338715906180784,-0.0570699814930558,0.00594491473997802));
#9207=CARTESIAN_POINT('',(-0.0336315983382718,-0.0570699814930558,0.00628699328806058));
#9208=CARTESIAN_POINT('',(-0.0331390768685194,-0.0570699814930558,0.00684040832134597));
#9209=CARTESIAN_POINT('',(-0.0331390768685194,-0.0570699814930558,0.00684040832134597));
#9210=CARTESIAN_POINT('',(-0.0331390768685194,-0.0570699814930558,0.00684040832134597));
#9211=CARTESIAN_POINT('',(-0.0338939779576126,-0.0570699814930558,0.00594491473997802));
#9212=CARTESIAN_POINT('',(-0.0339171093380763,-0.0570699814930558,0.00594491473997802));
#9213=CARTESIAN_POINT('',(-0.0339163652971468,-0.0570699814930558,0.00594491473997802));
#9214=CARTESIAN_POINT('',(-0.0338939779576126,-0.0570699814930558,0.00594491473997802));
#9215=CARTESIAN_POINT('',(-0.0499850093387354,-0.0570699814930558,0.00720732347596316));
#9216=CARTESIAN_POINT('',(-0.0338715906180784,-0.0570699814930558,0.00689592892339079));
#9217=CARTESIAN_POINT('',(-0.033871096558677,-0.0570699817430558,0.00689591937560897));
#9218=CARTESIAN_POINT('',(-0.0499850093387354,-0.0570699814930558,0.00720732347596316));
#9219=CARTESIAN_POINT('',(-0.0338715906180784,-0.0570699814930558,0.00920540686973874));
#9220=CARTESIAN_POINT('',(-0.0338715906180784,-0.0570699814930558,0.0115148848160867));
#9221=CARTESIAN_POINT('',(-0.0338715906180784,-0.0570699814930558,0.0115148848160867));
#9222=CARTESIAN_POINT('',(-0.0338715906180784,-0.0570699814930558,0.00920540686973874));
#9223=CARTESIAN_POINT('',(-0.0343309788253202,-0.0570699814930558,0.0115148848160867));
#9224=CARTESIAN_POINT('',(-0.034790367032562,-0.0570699814930558,0.0115148848160867));
#9225=CARTESIAN_POINT('',(-0.034790367032562,-0.0570699814930558,0.0115148848160867));
#9226=CARTESIAN_POINT('',(-0.0343309788253202,-0.0570699814930558,0.0115148848160867));
#9227=CARTESIAN_POINT('',(-0.034790367032562,-0.0570699814930558,0.00716009952989433));
#9228=CARTESIAN_POINT('',(-0.034790367032562,-0.0570699814930558,0.00280531424370197));
#9229=CARTESIAN_POINT('',(-0.034790367032562,-0.0570699814930558,0.00280531424370197));
#9230=CARTESIAN_POINT('',(-0.034790367032562,-0.0570699814930558,0.00716009952989433));
#9231=CARTESIAN_POINT('',(-0.0343309788253202,-0.0570699814930558,0.00280531424370197));
#9232=CARTESIAN_POINT('',(-0.0338715906180784,-0.0570699814930558,0.00280531424370197));
#9233=CARTESIAN_POINT('',(-0.0338715906180784,-0.0570699814930558,0.00280531424370197));
#9234=CARTESIAN_POINT('',(-0.0343309788253202,-0.0570699814930558,0.00280531424370197));
#9235=CARTESIAN_POINT('',(-0.0338715906180784,-0.0570699814930558,0.00395244152143432));
#9236=CARTESIAN_POINT('',(-0.0338715906180784,-0.0570699814930558,0.00509956879916667));
#9237=CARTESIAN_POINT('',(-0.0338715906180784,-0.0570699814930558,0.00509956879916667));
#9238=CARTESIAN_POINT('',(-0.0338715906180784,-0.0570699814930558,0.00395244152143432));
#9239=CARTESIAN_POINT('',(-0.0335223481213449,-0.0570699814930558,0.00540224562966904));
#9240=CARTESIAN_POINT('',(-0.0331731056246114,-0.0570699814930558,0.00570492246017141));
#9241=CARTESIAN_POINT('',(-0.0331731056246114,-0.0570699814930558,0.00570492246017141));
#9242=CARTESIAN_POINT('',(-0.0335223481213449,-0.0570699814930558,0.00540224562966904));
#9243=CARTESIAN_POINT('',(-0.0320895583911562,-0.0570699814930558,0.00425511835193669));
#9244=CARTESIAN_POINT('',(-0.031006011157701,-0.0570699814930558,0.00280531424370197));
#9245=CARTESIAN_POINT('',(-0.031006011157701,-0.0570699814930558,0.00280531424370197));
#9246=CARTESIAN_POINT('',(-0.0320895583911562,-0.0570699814930558,0.00425511835193669));
#9247=CARTESIAN_POINT('',(-0.0304436411886019,-0.0570699814930558,0.00280531424370197));
#9248=CARTESIAN_POINT('',(-0.0298812712195028,-0.0570699814930558,0.00280531424370197));
#9249=CARTESIAN_POINT('',(-0.0298812712195028,-0.0570699814930558,0.00280531424370197));
#9250=CARTESIAN_POINT('',(-0.0304436411886019,-0.0570699814930558,0.00280531424370197));
#9251=CARTESIAN_POINT('',(-0.0312110791878343,-0.0570699814930558,0.00456585462467137));
#9252=CARTESIAN_POINT('',(-0.0325408871561656,-0.0570699814930558,0.00632639500564077));
#9253=CARTESIAN_POINT('',(-0.0325408871561656,-0.0570699814930558,0.00632639500564077));
#9254=CARTESIAN_POINT('',(-0.0312110791878343,-0.0570699814930558,0.00456585462467137));
#9255=CARTESIAN_POINT('',(-0.031297942065227,-0.0570699814930558,0.00763292014085661));
#9256=CARTESIAN_POINT('',(-0.0300549969742882,-0.0570699814930558,0.00893944527607246));
#9257=CARTESIAN_POINT('',(-0.0300549969742882,-0.0570699814930558,0.00893944527607246));
#9258=CARTESIAN_POINT('',(-0.031297942065227,-0.0570699814930558,0.00763292014085661));
#9259=CARTESIAN_POINT('',(-0.0306066210204109,-0.0570699814930558,0.00893944527607245));
#9260=CARTESIAN_POINT('',(-0.0311582450665336,-0.0570699814930558,0.00893944527607245));
#9261=CARTESIAN_POINT('',(-0.0311582450665336,-0.0570699814930558,0.00893944527607245));
#9262=CARTESIAN_POINT('',(-0.0306066210204109,-0.0570699814930558,0.00893944527607245));
#9263=CARTESIAN_POINT('',(-0.0321486609675265,-0.0570699814930558,0.00788992679870921));
#9264=CARTESIAN_POINT('',(-0.0321486609675265,-0.0570699814930558,0.00788992679870921));
#9265=CARTESIAN_POINT('',(-0.00602383625507355,-0.0570699814930558,0.007));
#9266=CARTESIAN_POINT('',(-0.0251315732639272,-0.0570699814930558,0.0102540298535206));
#9267=CARTESIAN_POINT('',(-0.0251315732639272,-0.0580699814930558,0.0102540298535206));
#9268=CARTESIAN_POINT('',(-0.0260306488196206,-0.0570699814930558,0.0102540298535206));
#9269=CARTESIAN_POINT('',(-0.0260306488196206,-0.0580699814930558,0.0102540298535206));
#9270=CARTESIAN_POINT('',(-0.026740476731785,-0.0570699814930558,0.00995463649948325));
#9271=CARTESIAN_POINT('',(-0.026740476731785,-0.0580699814930558,0.00995463649948325));
#9272=CARTESIAN_POINT('',(-0.0272610570004202,-0.0570699814930558,0.00935584979140855));
#9273=CARTESIAN_POINT('',(-0.0272610570004202,-0.0580699814930558,0.00935584979140855));
#9274=CARTESIAN_POINT('',(-0.0251315732639272,-0.0570699814930558,0.0102540298535206));
#9275=CARTESIAN_POINT('',(-0.0251315732639272,-0.0570699814930558,0.0102540298535206));
#9276=CARTESIAN_POINT('',(-0.0251315732639272,-0.0570699814930558,0.0102540298535206));
#9277=CARTESIAN_POINT('',(-0.0264801865974673,-0.0570699814930558,0.0102540298535206));
#9278=CARTESIAN_POINT('',(-0.0272610570004202,-0.0570699814930558,0.00935584979140855));
#9279=CARTESIAN_POINT('',(-0.0272610570004202,-0.0570699814930558,0.00935584979140855));
#9280=CARTESIAN_POINT('',(-0.0272610570004202,-0.0570699814930558,0.00935584979140855));
#9281=CARTESIAN_POINT('',(-0.0232725285890074,-0.0570699814930558,0.00981881997297579));
#9282=CARTESIAN_POINT('',(-0.0232725285890074,-0.0580699814930558,0.00981881997297579));
#9283=CARTESIAN_POINT('',(-0.0238922101473139,-0.0570699814930558,0.010108959893339));
#9284=CARTESIAN_POINT('',(-0.0238922101473139,-0.0580699814930558,0.010108959893339));
#9285=CARTESIAN_POINT('',(-0.0245118917056206,-0.0570699814930558,0.0102540298535206));
#9286=CARTESIAN_POINT('',(-0.0245118917056206,-0.0580699814930558,0.0102540298535206));
#9287=CARTESIAN_POINT('',(-0.0251315732639272,-0.0570699814930558,0.0102540298535206));
#9288=CARTESIAN_POINT('',(-0.0251315732639272,-0.0580699814930558,0.0102540298535206));
#9289=CARTESIAN_POINT('',(-0.0232725285890074,-0.0570699814930558,0.00981881997297579));
#9290=CARTESIAN_POINT('',(-0.0232725285890074,-0.0570699814930558,0.00981881997297579));
#9291=CARTESIAN_POINT('',(-0.0232725285890074,-0.0570699814930558,0.00981881997297579));
#9292=CARTESIAN_POINT('',(-0.0242020509264672,-0.0570699814930558,0.0102540298535206));
#9293=CARTESIAN_POINT('',(-0.0251315732639272,-0.0570699814930558,0.0102540298535206));
#9294=CARTESIAN_POINT('',(-0.0230710425331996,-0.0570699814930558,0.0102271650460796));
#9295=CARTESIAN_POINT('',(-0.0228695564773918,-0.0570699814930558,0.0106355101191834));
#9296=CARTESIAN_POINT('',(-0.0228695564773918,-0.0570699814930558,0.0106355101191834));
#9297=CARTESIAN_POINT('',(-0.0230710425331996,-0.0570699814930558,0.0102271650460796));
#9298=CARTESIAN_POINT('',(-0.0251190363537881,-0.0570699814930558,0.0111047487558202));
#9299=CARTESIAN_POINT('',(-0.0251190363537881,-0.0580699814930558,0.0111047487558202));
#9300=CARTESIAN_POINT('',(-0.0242617504985585,-0.0570699814930558,0.0111047487558202));
#9301=CARTESIAN_POINT('',(-0.0242617504985585,-0.0580699814930558,0.0111047487558202));
#9302=CARTESIAN_POINT('',(-0.023511923873093,-0.0570699814930558,0.0109483358769412));
#9303=CARTESIAN_POINT('',(-0.023511923873093,-0.0580699814930558,0.0109483358769412));
#9304=CARTESIAN_POINT('',(-0.0228695564773918,-0.0570699814930558,0.0106355101191834));
#9305=CARTESIAN_POINT('',(-0.0228695564773918,-0.0580699814930558,0.0106355101191834));
#9306=CARTESIAN_POINT('',(-0.0251190363537881,-0.0570699814930558,0.0111047487558202));
#9307=CARTESIAN_POINT('',(-0.0251190363537881,-0.0570699814930558,0.0111047487558202));
#9308=CARTESIAN_POINT('',(-0.0251190363537881,-0.0570699814930558,0.0111047487558202));
#9309=CARTESIAN_POINT('',(-0.0238331075709436,-0.0570699814930558,0.0111047487558202));
#9310=CARTESIAN_POINT('',(-0.0228695564773918,-0.0570699814930558,0.0106355101191834));
#9311=CARTESIAN_POINT('',(-0.0272207597892586,-0.0570699814930558,0.0105898399465336));
#9312=CARTESIAN_POINT('',(-0.0272207597892586,-0.0580699814930558,0.0105898399465336));
#9313=CARTESIAN_POINT('',(-0.0266255550555094,-0.0570699814930558,0.010933112486058));
#9314=CARTESIAN_POINT('',(-0.0266255550555094,-0.0580699814930558,0.010933112486058));
#9315=CARTESIAN_POINT('',(-0.0259249805770192,-0.0570699814930558,0.0111047487558202));
#9316=CARTESIAN_POINT('',(-0.0259249805770192,-0.0580699814930558,0.0111047487558202));
#9317=CARTESIAN_POINT('',(-0.0251190363537881,-0.0570699814930558,0.0111047487558202));
#9318=CARTESIAN_POINT('',(-0.0251190363537881,-0.0580699814930558,0.0111047487558202));
#9319=CARTESIAN_POINT('',(-0.0272207597892586,-0.0570699814930558,0.0105898399465336));
#9320=CARTESIAN_POINT('',(-0.0272207597892586,-0.0570699814930558,0.0105898399465336));
#9321=CARTESIAN_POINT('',(-0.0272207597892586,-0.0570699814930558,0.0105898399465336));
#9322=CARTESIAN_POINT('',(-0.0263279526886348,-0.0570699814930558,0.0111047487558202));
#9323=CARTESIAN_POINT('',(-0.0251190363537881,-0.0570699814930558,0.0111047487558202));
#9324=CARTESIAN_POINT('',(-0.0285863875008448,-0.0570699814930558,0.00912391695383425));
#9325=CARTESIAN_POINT('',(-0.0285863875008448,-0.0580699814930558,0.00912391695383425));
#9326=CARTESIAN_POINT('',(-0.0282711737602033,-0.0570699814930558,0.00975792640944276));
#9327=CARTESIAN_POINT('',(-0.0282711737602033,-0.0580699814930558,0.00975792640944276));
#9328=CARTESIAN_POINT('',(-0.0278159645230079,-0.0570699814930558,0.0102465674070092));
#9329=CARTESIAN_POINT('',(-0.0278159645230079,-0.0580699814930558,0.0102465674070092));
#9330=CARTESIAN_POINT('',(-0.0272207597892586,-0.0570699814930558,0.0105898399465336));
#9331=CARTESIAN_POINT('',(-0.0272207597892586,-0.0580699814930558,0.0105898399465336));
#9332=CARTESIAN_POINT('',(-0.0285863875008448,-0.0570699814930558,0.00912391695383425));
#9333=CARTESIAN_POINT('',(-0.0285863875008448,-0.0570699814930558,0.00912391695383425));
#9334=CARTESIAN_POINT('',(-0.0285863875008448,-0.0570699814930558,0.00912391695383425));
#9335=CARTESIAN_POINT('',(-0.0281135668898825,-0.0570699814930558,0.010074931137247));
#9336=CARTESIAN_POINT('',(-0.0272207597892586,-0.0570699814930558,0.0105898399465336));
#9337=CARTESIAN_POINT('',(-0.029059208111807,-0.0570699814930558,0.00690846583352994));
#9338=CARTESIAN_POINT('',(-0.029059208111807,-0.0580699814930558,0.00690846583352994));
#9339=CARTESIAN_POINT('',(-0.029059208111807,-0.0570699814930558,0.00775142379145764));
#9340=CARTESIAN_POINT('',(-0.029059208111807,-0.0580699814930558,0.00775142379145764));
#9341=CARTESIAN_POINT('',(-0.0289016012414863,-0.0570699814930558,0.00848990749822574));
#9342=CARTESIAN_POINT('',(-0.0289016012414863,-0.0580699814930558,0.00848990749822574));
#9343=CARTESIAN_POINT('',(-0.0285863875008448,-0.0570699814930558,0.00912391695383425));
#9344=CARTESIAN_POINT('',(-0.0285863875008448,-0.0580699814930558,0.00912391695383425));
#9345=CARTESIAN_POINT('',(-0.029059208111807,-0.0570699814930558,0.00690846583352994));
#9346=CARTESIAN_POINT('',(-0.029059208111807,-0.0570699814930558,0.00690846583352994));
#9347=CARTESIAN_POINT('',(-0.029059208111807,-0.0570699814930558,0.00690846583352994));
#9348=CARTESIAN_POINT('',(-0.029059208111807,-0.0570699814930558,0.00817290277042149));
#9349=CARTESIAN_POINT('',(-0.0285863875008448,-0.0570699814930558,0.00912391695383425));
#9350=CARTESIAN_POINT('',(-0.0280768516530464,-0.0570699814930558,0.00379035718320672));
#9351=CARTESIAN_POINT('',(-0.0280768516530464,-0.0580699814930558,0.00379035718320672));
#9352=CARTESIAN_POINT('',(-0.0287317559588868,-0.0570699814930558,0.00452227393704479));
#9353=CARTESIAN_POINT('',(-0.0287317559588868,-0.0580699814930558,0.00452227393704479));
#9354=CARTESIAN_POINT('',(-0.029059208111807,-0.0570699814930558,0.00556164348715253));
#9355=CARTESIAN_POINT('',(-0.029059208111807,-0.0580699814930558,0.00556164348715253));
#9356=CARTESIAN_POINT('',(-0.029059208111807,-0.0570699814930558,0.00690846583352994));
#9357=CARTESIAN_POINT('',(-0.029059208111807,-0.0580699814930558,0.00690846583352994));
#9358=CARTESIAN_POINT('',(-0.0280768516530464,-0.0570699814930558,0.00379035718320672));
#9359=CARTESIAN_POINT('',(-0.0280768516530464,-0.0570699814930558,0.00379035718320672));
#9360=CARTESIAN_POINT('',(-0.0280768516530464,-0.0570699814930558,0.00379035718320672));
#9361=CARTESIAN_POINT('',(-0.029059208111807,-0.0570699814930558,0.00488823231396383));
#9362=CARTESIAN_POINT('',(-0.029059208111807,-0.0570699814930558,0.00690846583352994));
#9363=CARTESIAN_POINT('',(-0.0252873891470852,-0.0570699814930558,0.00269248205244961));
#9364=CARTESIAN_POINT('',(-0.0252873891470852,-0.0580699814930558,0.00269248205244961));
#9365=CARTESIAN_POINT('',(-0.0264921265118856,-0.0570699814930558,0.00269248205244961));
#9366=CARTESIAN_POINT('',(-0.0264921265118856,-0.0580699814930558,0.00269248205244961));
#9367=CARTESIAN_POINT('',(-0.027421947347206,-0.0570699814930558,0.00305844042936865));
#9368=CARTESIAN_POINT('',(-0.027421947347206,-0.0580699814930558,0.00305844042936865));
#9369=CARTESIAN_POINT('',(-0.0280768516530464,-0.0570699814930558,0.00379035718320672));
#9370=CARTESIAN_POINT('',(-0.0280768516530464,-0.0580699814930558,0.00379035718320672));
#9371=CARTESIAN_POINT('',(-0.0252873891470852,-0.0570699814930558,0.00269248205244961));
#9372=CARTESIAN_POINT('',(-0.0252873891470852,-0.0570699814930558,0.00269248205244961));
#9373=CARTESIAN_POINT('',(-0.0252873891470852,-0.0570699814930558,0.00269248205244961));
#9374=CARTESIAN_POINT('',(-0.0270944951942858,-0.0570699814930558,0.00269248205244961));
#9375=CARTESIAN_POINT('',(-0.0280768516530464,-0.0570699814930558,0.00379035718320672));
#9376=CARTESIAN_POINT('',(-0.0231883521923587,-0.0570699814930558,0.00301306875457934));
#9377=CARTESIAN_POINT('',(-0.0231883521923587,-0.0580699814930558,0.00301306875457934));
#9378=CARTESIAN_POINT('',(-0.0237554981272251,-0.0570699814930558,0.00279934428649285));
#9379=CARTESIAN_POINT('',(-0.0237554981272251,-0.0580699814930558,0.00279934428649285));
#9380=CARTESIAN_POINT('',(-0.0244551771121339,-0.0570699814930558,0.00269248205244961));
#9381=CARTESIAN_POINT('',(-0.0244551771121339,-0.0580699814930558,0.00269248205244961));
#9382=CARTESIAN_POINT('',(-0.0252873891470852,-0.0570699814930558,0.00269248205244961));
#9383=CARTESIAN_POINT('',(-0.0252873891470852,-0.0580699814930558,0.00269248205244961));
#9384=CARTESIAN_POINT('',(-0.0231883521923587,-0.0570699814930558,0.00301306875457934));
#9385=CARTESIAN_POINT('',(-0.0231883521923587,-0.0570699814930558,0.00301306875457934));
#9386=CARTESIAN_POINT('',(-0.0231883521923587,-0.0570699814930558,0.00301306875457934));
#9387=CARTESIAN_POINT('',(-0.0240390710946583,-0.0570699814930558,0.00269248205244961));
#9388=CARTESIAN_POINT('',(-0.0252873891470852,-0.0570699814930558,0.00269248205244961));
#9389=CARTESIAN_POINT('',(-0.0231883521923587,-0.0570699814930558,0.00342947326991543));
#9390=CARTESIAN_POINT('',(-0.0231883521923587,-0.0570699814930558,0.00384587778525153));
#9391=CARTESIAN_POINT('',(-0.0231883521923587,-0.0570699814930558,0.00384587778525153));
#9392=CARTESIAN_POINT('',(-0.0231883521923587,-0.0570699814930558,0.00342947326991543));
#9393=CARTESIAN_POINT('',(-0.0251423191869036,-0.0570699814930558,0.00353782799326096));
#9394=CARTESIAN_POINT('',(-0.0251423191869036,-0.0580699814930558,0.00353782799326096));
#9395=CARTESIAN_POINT('',(-0.0245715912777118,-0.0570699814930558,0.00353782799326096));
#9396=CARTESIAN_POINT('',(-0.0245715912777118,-0.0580699814930558,0.00353782799326096));
#9397=CARTESIAN_POINT('',(-0.0239202689461968,-0.0570699814930558,0.00364051125725782));
#9398=CARTESIAN_POINT('',(-0.0239202689461968,-0.0580699814930558,0.00364051125725782));
#9399=CARTESIAN_POINT('',(-0.0231883521923587,-0.0570699814930558,0.00384587778525153));
#9400=CARTESIAN_POINT('',(-0.0231883521923587,-0.0580699814930558,0.00384587778525153));
#9401=CARTESIAN_POINT('',(-0.0251423191869036,-0.0570699814930558,0.00353782799326096));
#9402=CARTESIAN_POINT('',(-0.0251423191869036,-0.0570699814930558,0.00353782799326096));
#9403=CARTESIAN_POINT('',(-0.0251423191869036,-0.0570699814930558,0.00353782799326096));
#9404=CARTESIAN_POINT('',(-0.0242862273231159,-0.0570699814930558,0.00353782799326096));
#9405=CARTESIAN_POINT('',(-0.0231883521923587,-0.0570699814930558,0.00384587778525153));
#9406=CARTESIAN_POINT('',(-0.0272888173014426,-0.0570699814930558,0.00441451620942019));
#9407=CARTESIAN_POINT('',(-0.0272888173014426,-0.0580699814930558,0.00441451620942019));
#9408=CARTESIAN_POINT('',(-0.0267867439001556,-0.0570699814930558,0.00383005739864737));
#9409=CARTESIAN_POINT('',(-0.0267867439001556,-0.0580699814930558,0.00383005739864737));
#9410=CARTESIAN_POINT('',(-0.0260712445286426,-0.0570699814930558,0.00353782799326096));
#9411=CARTESIAN_POINT('',(-0.0260712445286426,-0.0580699814930558,0.00353782799326096));
#9412=CARTESIAN_POINT('',(-0.0251423191869036,-0.0570699814930558,0.00353782799326096));
#9413=CARTESIAN_POINT('',(-0.0251423191869036,-0.0580699814930558,0.00353782799326096));
#9414=CARTESIAN_POINT('',(-0.0272888173014426,-0.0570699814930558,0.00441451620942019));
#9415=CARTESIAN_POINT('',(-0.0272888173014426,-0.0570699814930558,0.00441451620942019));
#9416=CARTESIAN_POINT('',(-0.0272888173014426,-0.0570699814930558,0.00441451620942019));
#9417=CARTESIAN_POINT('',(-0.0265357071995121,-0.0570699814930558,0.00353782799326096));
#9418=CARTESIAN_POINT('',(-0.0251423191869036,-0.0570699814930558,0.00353782799326096));
#9419=CARTESIAN_POINT('',(-0.028041927403373,-0.0570699814930558,0.00689592892339079));
#9420=CARTESIAN_POINT('',(-0.028041927403373,-0.0580699814930558,0.00689592892339079));
#9421=CARTESIAN_POINT('',(-0.028041927403373,-0.0570699814930558,0.00582611259151654));
#9422=CARTESIAN_POINT('',(-0.028041927403373,-0.0580699814930558,0.00582611259151654));
#9423=CARTESIAN_POINT('',(-0.0277908907027296,-0.0570699814930558,0.004998975020193));
#9424=CARTESIAN_POINT('',(-0.0277908907027296,-0.0580699814930558,0.004998975020193));
#9425=CARTESIAN_POINT('',(-0.0272888173014426,-0.0570699814930558,0.00441451620942019));
#9426=CARTESIAN_POINT('',(-0.0272888173014426,-0.0580699814930558,0.00441451620942019));
#9427=CARTESIAN_POINT('',(-0.028041927403373,-0.0570699814930558,0.00689592892339079));
#9428=CARTESIAN_POINT('',(-0.028041927403373,-0.0570699814930558,0.00689592892339079));
#9429=CARTESIAN_POINT('',(-0.028041927403373,-0.0570699814930558,0.00689592892339079));
#9430=CARTESIAN_POINT('',(-0.028041927403373,-0.0570699814930558,0.00529120442557941));
#9431=CARTESIAN_POINT('',(-0.0272888173014426,-0.0570699814930558,0.00441451620942019));
#9432=CARTESIAN_POINT('',(-0.0272610570004202,-0.0570699814930558,0.00935584979140855));
#9433=CARTESIAN_POINT('',(-0.0272610570004202,-0.0580699814930558,0.00935584979140855));
#9434=CARTESIAN_POINT('',(-0.0277816372690554,-0.0570699814930558,0.00875706308333385));
#9435=CARTESIAN_POINT('',(-0.0277816372690554,-0.0580699814930558,0.00875706308333385));
#9436=CARTESIAN_POINT('',(-0.028041927403373,-0.0570699814930558,0.00793708946066126));
#9437=CARTESIAN_POINT('',(-0.028041927403373,-0.0580699814930558,0.00793708946066126));
#9438=CARTESIAN_POINT('',(-0.028041927403373,-0.0570699814930558,0.00689592892339079));
#9439=CARTESIAN_POINT('',(-0.028041927403373,-0.0580699814930558,0.00689592892339079));
#9440=CARTESIAN_POINT('',(-0.0272610570004202,-0.0570699814930558,0.00935584979140855));
#9441=CARTESIAN_POINT('',(-0.028041927403373,-0.0570699814930558,0.0084576697292965));
#9442=CARTESIAN_POINT('',(-0.028041927403373,-0.0570699814930558,0.00689592892339079));
#9443=CARTESIAN_POINT('',(-0.00602383625507355,-0.0570699814930558,0.007));
#9444=CARTESIAN_POINT('',(-0.0210776738210744,-0.0570699814930558,0.00280531424370197));
#9445=CARTESIAN_POINT('',(-0.0206129126523445,-0.0570699814930558,0.00280531424370197));
#9446=CARTESIAN_POINT('',(-0.0206129126523445,-0.0570699814930558,0.00280531424370197));
#9447=CARTESIAN_POINT('',(-0.0210776738210744,-0.0570699814930558,0.00280531424370197));
#9448=CARTESIAN_POINT('',(-0.0215424349898044,-0.0570699814930558,0.00280531424370197));
#9449=CARTESIAN_POINT('',(-0.0215424349898044,-0.0570699814930558,0.00280531424370197));
#9450=CARTESIAN_POINT('',(-0.0206129126523445,-0.0570699814930558,0.00716009952989433));
#9451=CARTESIAN_POINT('',(-0.0206129126523445,-0.0570699814930558,0.0115148848160867));
#9452=CARTESIAN_POINT('',(-0.0206129126523445,-0.0570699814930558,0.0115148848160867));
#9453=CARTESIAN_POINT('',(-0.0206129126523445,-0.0570699814930558,0.00716009952989433));
#9454=CARTESIAN_POINT('',(-0.0210776738210744,-0.0570699814930558,0.0115148848160867));
#9455=CARTESIAN_POINT('',(-0.0215424349898044,-0.0570699814930558,0.0115148848160867));
#9456=CARTESIAN_POINT('',(-0.0215424349898044,-0.0570699814930558,0.0115148848160867));
#9457=CARTESIAN_POINT('',(-0.0210776738210744,-0.0570699814930558,0.0115148848160867));
#9458=CARTESIAN_POINT('',(-0.0215424349898044,-0.0570699814930558,0.00716009952989433));
#9459=CARTESIAN_POINT('',(-0.0215424349898044,-0.0570699814930558,0.00716009952989433));
#9460=CARTESIAN_POINT('',(-0.00602383625507355,-0.0570699814930558,0.007));
#9461=CARTESIAN_POINT('',(-0.0177688250379199,-0.0570699814930558,0.00694965853827286));
#9462=CARTESIAN_POINT('',(-0.0177688250379199,-0.0570699814930558,0.00893944527607245));
#9463=CARTESIAN_POINT('',(-0.0177688250379199,-0.0570699814930558,0.00893944527607245));
#9464=CARTESIAN_POINT('',(-0.0177688250379199,-0.0570699814930558,0.00694965853827286));
#9465=CARTESIAN_POINT('',(-0.0177688250379199,-0.0570699814930558,0.00495987180047327));
#9466=CARTESIAN_POINT('',(-0.0177688250379199,-0.0570699814930558,0.00495987180047327));
#9467=CARTESIAN_POINT('',(-0.018238959168138,-0.0570699814930558,0.00893944527607245));
#9468=CARTESIAN_POINT('',(-0.0187090932983562,-0.0570699814930558,0.00893944527607245));
#9469=CARTESIAN_POINT('',(-0.0187090932983562,-0.0570699814930558,0.00893944527607245));
#9470=CARTESIAN_POINT('',(-0.018238959168138,-0.0570699814930558,0.00893944527607245));
#9471=CARTESIAN_POINT('',(-0.0187090932983562,-0.0570699814930558,0.00693264416022687));
#9472=CARTESIAN_POINT('',(-0.0187090932983562,-0.0570699814930558,0.00492584304438129));
#9473=CARTESIAN_POINT('',(-0.0187090932983562,-0.0570699814930558,0.00492584304438129));
#9474=CARTESIAN_POINT('',(-0.0187090932983562,-0.0570699814930558,0.00693264416022687));
#9475=CARTESIAN_POINT('',(-0.0181529917843267,-0.0570699814930558,0.00322440523978218));
#9476=CARTESIAN_POINT('',(-0.0181529917843267,-0.0580699814930558,0.00322440523978218));
#9477=CARTESIAN_POINT('',(-0.0185237261270131,-0.0570699814930558,0.00357902069800388));
#9478=CARTESIAN_POINT('',(-0.0185237261270131,-0.0580699814930558,0.00357902069800388));
#9479=CARTESIAN_POINT('',(-0.0187090932983562,-0.0570699814930558,0.00414616663287026));
#9480=CARTESIAN_POINT('',(-0.0187090932983562,-0.0580699814930558,0.00414616663287026));
#9481=CARTESIAN_POINT('',(-0.0187090932983562,-0.0570699814930558,0.00492584304438129));
#9482=CARTESIAN_POINT('',(-0.0187090932983562,-0.0580699814930558,0.00492584304438129));
#9483=CARTESIAN_POINT('',(-0.0181529917843267,-0.0570699814930558,0.00322440523978218));
#9484=CARTESIAN_POINT('',(-0.0181529917843267,-0.0570699814930558,0.00322440523978218));
#9485=CARTESIAN_POINT('',(-0.0181529917843267,-0.0570699814930558,0.00322440523978218));
#9486=CARTESIAN_POINT('',(-0.0187090932983562,-0.0570699814930558,0.00375632842711474));
#9487=CARTESIAN_POINT('',(-0.0187090932983562,-0.0570699814930558,0.00492584304438129));
#9488=CARTESIAN_POINT('',(-0.0164775232935873,-0.0570699814930558,0.00269248205244961));
#9489=CARTESIAN_POINT('',(-0.0164775232935873,-0.0580699814930558,0.00269248205244961));
#9490=CARTESIAN_POINT('',(-0.0172237679447273,-0.0570699814930558,0.00269248205244961));
#9491=CARTESIAN_POINT('',(-0.0172237679447273,-0.0580699814930558,0.00269248205244961));
#9492=CARTESIAN_POINT('',(-0.0177822574416404,-0.0570699814930558,0.00286978978156047));
#9493=CARTESIAN_POINT('',(-0.0177822574416404,-0.0580699814930558,0.00286978978156047));
#9494=CARTESIAN_POINT('',(-0.0181529917843267,-0.0570699814930558,0.00322440523978218));
#9495=CARTESIAN_POINT('',(-0.0181529917843267,-0.0580699814930558,0.00322440523978218));
#9496=CARTESIAN_POINT('',(-0.0164775232935873,-0.0570699814930558,0.00269248205244961));
#9497=CARTESIAN_POINT('',(-0.0164775232935873,-0.0570699814930558,0.00269248205244961));
#9498=CARTESIAN_POINT('',(-0.0164775232935873,-0.0570699814930558,0.00269248205244961));
#9499=CARTESIAN_POINT('',(-0.0175968902702972,-0.0570699814930558,0.00269248205244961));
#9500=CARTESIAN_POINT('',(-0.0181529917843267,-0.0570699814930558,0.00322440523978218));
#9501=CARTESIAN_POINT('',(-0.0153205455864599,-0.0570699814930558,0.00293336982583759));
#9502=CARTESIAN_POINT('',(-0.0153205455864599,-0.0580699814930558,0.00293336982583759));
#9503=CARTESIAN_POINT('',(-0.0156584451644961,-0.0570699814930558,0.00277277797691227));
#9504=CARTESIAN_POINT('',(-0.0156584451644961,-0.0580699814930558,0.00277277797691227));
#9505=CARTESIAN_POINT('',(-0.0160441044002052,-0.0570699814930558,0.00269248205244961));
#9506=CARTESIAN_POINT('',(-0.0160441044002052,-0.0580699814930558,0.00269248205244961));
#9507=CARTESIAN_POINT('',(-0.0164775232935873,-0.0570699814930558,0.00269248205244961));
#9508=CARTESIAN_POINT('',(-0.0164775232935873,-0.0580699814930558,0.00269248205244961));
#9509=CARTESIAN_POINT('',(-0.0153205455864599,-0.0570699814930558,0.00293336982583759));
#9510=CARTESIAN_POINT('',(-0.0153205455864599,-0.0570699814930558,0.00293336982583759));
#9511=CARTESIAN_POINT('',(-0.0153205455864599,-0.0570699814930558,0.00293336982583759));
#9512=CARTESIAN_POINT('',(-0.0158273949535142,-0.0570699814930558,0.00269248205244961));
#9513=CARTESIAN_POINT('',(-0.0164775232935873,-0.0570699814930558,0.00269248205244961));
#9514=CARTESIAN_POINT('',(-0.0160903134520471,-0.0570699814930558,0.00461336569537448));
#9515=CARTESIAN_POINT('',(-0.0145284516579857,-0.0570699814930558,0.00362737735139776));
#9516=CARTESIAN_POINT('',(-0.0145284516579857,-0.0570699814930558,0.00362737735139776));
#9517=CARTESIAN_POINT('',(-0.0160903134520471,-0.0570699814930558,0.00461336569537448));
#9518=CARTESIAN_POINT('',(-0.0145038554402523,-0.0570699814930558,0.00362737735139776));
#9519=CARTESIAN_POINT('',(-0.014478781619974,-0.0570699814930558,0.00362737735139776));
#9520=CARTESIAN_POINT('',(-0.014478781619974,-0.0570699814930558,0.00362737735139776));
#9521=CARTESIAN_POINT('',(-0.0145038554402523,-0.0570699814930558,0.00362737735139776));
#9522=CARTESIAN_POINT('',(-0.0144116196013714,-0.0570699814930558,0.00321634579754986));
#9523=CARTESIAN_POINT('',(-0.0143444575827688,-0.0570699814930558,0.00280531424370197));
#9524=CARTESIAN_POINT('',(-0.0143444575827688,-0.0570699814930558,0.00280531424370197));
#9525=CARTESIAN_POINT('',(-0.0144116196013714,-0.0570699814930558,0.00321634579754986));
#9526=CARTESIAN_POINT('',(-0.0139611863299433,-0.0570699814930558,0.00280531424370197));
#9527=CARTESIAN_POINT('',(-0.0135779150771179,-0.0570699814930558,0.00280531424370197));
#9528=CARTESIAN_POINT('',(-0.0135779150771179,-0.0570699814930558,0.00280531424370197));
#9529=CARTESIAN_POINT('',(-0.0139611863299433,-0.0570699814930558,0.00280531424370197));
#9530=CARTESIAN_POINT('',(-0.0135779150771179,-0.0570699814930558,0.00587237975988721));
#9531=CARTESIAN_POINT('',(-0.0135779150771179,-0.0570699814930558,0.00893944527607246));
#9532=CARTESIAN_POINT('',(-0.0135779150771179,-0.0570699814930558,0.00893944527607246));
#9533=CARTESIAN_POINT('',(-0.0135779150771179,-0.0570699814930558,0.00587237975988721));
#9534=CARTESIAN_POINT('',(-0.0140426762458478,-0.0570699814930558,0.00893944527607245));
#9535=CARTESIAN_POINT('',(-0.0145074374145778,-0.0570699814930558,0.00893944527607245));
#9536=CARTESIAN_POINT('',(-0.0145074374145778,-0.0570699814930558,0.00893944527607245));
#9537=CARTESIAN_POINT('',(-0.0140426762458478,-0.0570699814930558,0.00893944527607245));
#9538=CARTESIAN_POINT('',(-0.0145074374145778,-0.0570699814930558,0.00732755682961014));
#9539=CARTESIAN_POINT('',(-0.0145074374145778,-0.0570699814930558,0.00571566838314782));
#9540=CARTESIAN_POINT('',(-0.0145074374145778,-0.0570699814930558,0.00571566838314782));
#9541=CARTESIAN_POINT('',(-0.0145074374145778,-0.0570699814930558,0.00732755682961014));
#9542=CARTESIAN_POINT('',(-0.0149516022309363,-0.0570699814930558,0.00399721620050272));
#9543=CARTESIAN_POINT('',(-0.0149516022309363,-0.0580699814930558,0.00399721620050272));
#9544=CARTESIAN_POINT('',(-0.014655492353364,-0.0570699814930558,0.00434765268867805));
#9545=CARTESIAN_POINT('',(-0.014655492353364,-0.0580699814930558,0.00434765268867805));
#9546=CARTESIAN_POINT('',(-0.0145074374145778,-0.0570699814930558,0.00492047008289308));
#9547=CARTESIAN_POINT('',(-0.0145074374145778,-0.0580699814930558,0.00492047008289308));
#9548=CARTESIAN_POINT('',(-0.0145074374145778,-0.0570699814930558,0.00571566838314782));
#9549=CARTESIAN_POINT('',(-0.0145074374145778,-0.0580699814930558,0.00571566838314782));
#9550=CARTESIAN_POINT('',(-0.0149516022309363,-0.0570699814930558,0.00399721620050272));
#9551=CARTESIAN_POINT('',(-0.0149516022309363,-0.0570699814930558,0.00399721620050272));
#9552=CARTESIAN_POINT('',(-0.0149516022309363,-0.0570699814930558,0.00399721620050272));
#9553=CARTESIAN_POINT('',(-0.0145074374145778,-0.0570699814930558,0.00452287093276571));
#9554=CARTESIAN_POINT('',(-0.0145074374145778,-0.0570699814930558,0.00571566838314782));
#9555=CARTESIAN_POINT('',(-0.0163593181408467,-0.0570699814930558,0.00347156146823973));
#9556=CARTESIAN_POINT('',(-0.0163593181408467,-0.0580699814930558,0.00347156146823973));
#9557=CARTESIAN_POINT('',(-0.0157169507451454,-0.0570699814930558,0.00347156146823973));
#9558=CARTESIAN_POINT('',(-0.0157169507451454,-0.0580699814930558,0.00347156146823973));
#9559=CARTESIAN_POINT('',(-0.0152477121085086,-0.0570699814930558,0.00364677971232739));
#9560=CARTESIAN_POINT('',(-0.0152477121085086,-0.0580699814930558,0.00364677971232739));
#9561=CARTESIAN_POINT('',(-0.0149516022309363,-0.0570699814930558,0.00399721620050272));
#9562=CARTESIAN_POINT('',(-0.0149516022309363,-0.0580699814930558,0.00399721620050272));
#9563=CARTESIAN_POINT('',(-0.0163593181408467,-0.0570699814930558,0.00347156146823973));
#9564=CARTESIAN_POINT('',(-0.0163593181408467,-0.0570699814930558,0.00347156146823973));
#9565=CARTESIAN_POINT('',(-0.0163593181408467,-0.0570699814930558,0.00347156146823973));
#9566=CARTESIAN_POINT('',(-0.0153957670472948,-0.0570699814930558,0.00347156146823973));
#9567=CARTESIAN_POINT('',(-0.0149516022309363,-0.0570699814930558,0.00399721620050272));
#9568=CARTESIAN_POINT('',(-0.0174276419834187,-0.0570699814930558,0.00384050482376333));
#9569=CARTESIAN_POINT('',(-0.0174276419834187,-0.0580699814930558,0.00384050482376333));
#9570=CARTESIAN_POINT('',(-0.0172001866137512,-0.0570699814930558,0.0035945425867476));
#9571=CARTESIAN_POINT('',(-0.0172001866137512,-0.0580699814930558,0.0035945425867476));
#9572=CARTESIAN_POINT('',(-0.0168440786662272,-0.0570699814930558,0.00347156146823973));
#9573=CARTESIAN_POINT('',(-0.0168440786662272,-0.0580699814930558,0.00347156146823973));
#9574=CARTESIAN_POINT('',(-0.0163593181408467,-0.0570699814930558,0.00347156146823973));
#9575=CARTESIAN_POINT('',(-0.0163593181408467,-0.0580699814930558,0.00347156146823973));
#9576=CARTESIAN_POINT('',(-0.0174276419834187,-0.0570699814930558,0.00384050482376333));
#9577=CARTESIAN_POINT('',(-0.0174276419834187,-0.0570699814930558,0.00384050482376333));
#9578=CARTESIAN_POINT('',(-0.0174276419834187,-0.0570699814930558,0.00384050482376333));
#9579=CARTESIAN_POINT('',(-0.0170864589289175,-0.0570699814930558,0.00347156146823973));
#9580=CARTESIAN_POINT('',(-0.0163593181408467,-0.0570699814930558,0.00347156146823973));
#9581=CARTESIAN_POINT('',(-0.0177688250379199,-0.0570699814930558,0.00495987180047327));
#9582=CARTESIAN_POINT('',(-0.0177688250379199,-0.0580699814930558,0.00495987180047327));
#9583=CARTESIAN_POINT('',(-0.0177688250379199,-0.0570699814930558,0.00445958938634904));
#9584=CARTESIAN_POINT('',(-0.0177688250379199,-0.0580699814930558,0.00445958938634904));
#9585=CARTESIAN_POINT('',(-0.0176550973530862,-0.0570699814930558,0.00408646706077906));
#9586=CARTESIAN_POINT('',(-0.0176550973530862,-0.0580699814930558,0.00408646706077906));
#9587=CARTESIAN_POINT('',(-0.0174276419834187,-0.0570699814930558,0.00384050482376333));
#9588=CARTESIAN_POINT('',(-0.0174276419834187,-0.0580699814930558,0.00384050482376333));
#9589=CARTESIAN_POINT('',(-0.0177688250379199,-0.0570699814930558,0.00495987180047327));
#9590=CARTESIAN_POINT('',(-0.0177688250379199,-0.0570699814930558,0.00420944817928693));
#9591=CARTESIAN_POINT('',(-0.0174276419834187,-0.0570699814930558,0.00384050482376333));
#9592=CARTESIAN_POINT('',(-0.00602383625507355,-0.0570699814930558,0.007));
#9593=CARTESIAN_POINT('',(0.00427195848028956,-0.0570699814930558,0.00280531424370197));
#9594=CARTESIAN_POINT('',(0.00474746557199594,-0.0570699814930558,0.00280531424370197));
#9595=CARTESIAN_POINT('',(0.00474746557199594,-0.0570699814930558,0.00280531424370197));
#9596=CARTESIAN_POINT('',(0.00427195848028956,-0.0570699814930558,0.00280531424370197));
#9597=CARTESIAN_POINT('',(0.00379645138858317,-0.0570699814930558,0.00280531424370197));
#9598=CARTESIAN_POINT('',(0.00379645138858317,-0.0570699814930558,0.00280531424370197));
#9599=CARTESIAN_POINT('',(0.00474746557199594,-0.0570699814930558,0.00689682441697215));
#9600=CARTESIAN_POINT('',(0.00474746557199594,-0.0570699814930558,0.0109883345902423));
#9601=CARTESIAN_POINT('',(0.00474746557199594,-0.0570699814930558,0.0109883345902423));
#9602=CARTESIAN_POINT('',(0.00474746557199594,-0.0570699814930558,0.00689682441697215));
#9603=CARTESIAN_POINT('',(0.00427195848028956,-0.0570699814930558,0.0109883345902423));
#9604=CARTESIAN_POINT('',(0.00379645138858317,-0.0570699814930558,0.0109883345902423));
#9605=CARTESIAN_POINT('',(0.00379645138858317,-0.0570699814930558,0.0109883345902423));
#9606=CARTESIAN_POINT('',(0.00427195848028956,-0.0570699814930558,0.0109883345902423));
#9607=CARTESIAN_POINT('',(0.00379645138858317,-0.0570699814930558,0.00924749506806303));
#9608=CARTESIAN_POINT('',(0.00379645138858317,-0.0570699814930558,0.00750665554588373));
#9609=CARTESIAN_POINT('',(0.00379645138858317,-0.0570699814930558,0.00750665554588373));
#9610=CARTESIAN_POINT('',(0.00379645138858317,-0.0570699814930558,0.00924749506806303));
#9611=CARTESIAN_POINT('',(0.00164099833823051,-0.0570699814930558,0.00750665554588373));
#9612=CARTESIAN_POINT('',(-0.000514454712122157,-0.0570699814930558,0.00750665554588373));
#9613=CARTESIAN_POINT('',(-0.000514454712122157,-0.0570699814930558,0.00750665554588373));
#9614=CARTESIAN_POINT('',(0.00164099833823051,-0.0570699814930558,0.00750665554588373));
#9615=CARTESIAN_POINT('',(-0.000514454712122157,-0.0570699814930558,0.00924749506806303));
#9616=CARTESIAN_POINT('',(-0.000514454712122157,-0.0570699814930558,0.0109883345902423));
#9617=CARTESIAN_POINT('',(-0.000514454712122157,-0.0570699814930558,0.0109883345902423));
#9618=CARTESIAN_POINT('',(-0.000514454712122157,-0.0570699814930558,0.00924749506806303));
#9619=CARTESIAN_POINT('',(-0.000989961803828539,-0.0570699814930558,0.0109883345902423));
#9620=CARTESIAN_POINT('',(-0.00146546889553492,-0.0570699814930558,0.0109883345902423));
#9621=CARTESIAN_POINT('',(-0.00146546889553492,-0.0570699814930558,0.0109883345902423));
#9622=CARTESIAN_POINT('',(-0.000989961803828539,-0.0570699814930558,0.0109883345902423));
#9623=CARTESIAN_POINT('',(-0.00146546889553492,-0.0570699814930558,0.00689682441697215));
#9624=CARTESIAN_POINT('',(-0.00146546889553492,-0.0570699814930558,0.00280531424370197));
#9625=CARTESIAN_POINT('',(-0.00146546889553492,-0.0570699814930558,0.00280531424370197));
#9626=CARTESIAN_POINT('',(-0.00146546889553492,-0.0570699814930558,0.00689682441697215));
#9627=CARTESIAN_POINT('',(-0.000989961803828539,-0.0570699814930558,0.00280531424370197));
#9628=CARTESIAN_POINT('',(-0.000514454712122157,-0.0570699814930558,0.00280531424370197));
#9629=CARTESIAN_POINT('',(-0.000514454712122157,-0.0570699814930558,0.00280531424370197));
#9630=CARTESIAN_POINT('',(-0.000989961803828539,-0.0570699814930558,0.00280531424370197));
#9631=CARTESIAN_POINT('',(-0.000514454712122157,-0.0570699814930558,0.00473062544364307));
#9632=CARTESIAN_POINT('',(-0.000514454712122157,-0.0570699814930558,0.00665593664358417));
#9633=CARTESIAN_POINT('',(-0.000514454712122157,-0.0570699814930558,0.00665593664358417));
#9634=CARTESIAN_POINT('',(-0.000514454712122157,-0.0570699814930558,0.00473062544364307));
#9635=CARTESIAN_POINT('',(0.00164099833823051,-0.0570699814930558,0.00665593664358417));
#9636=CARTESIAN_POINT('',(0.00379645138858317,-0.0570699814930558,0.00665593664358417));
#9637=CARTESIAN_POINT('',(0.00379645138858317,-0.0570699814930558,0.00665593664358417));
#9638=CARTESIAN_POINT('',(0.00164099833823051,-0.0570699814930558,0.00665593664358417));
#9639=CARTESIAN_POINT('',(0.00379645138858317,-0.0570699814930558,0.00473062544364307));
#9640=CARTESIAN_POINT('',(0.00379645138858317,-0.0570699814930558,0.00473062544364307));
#9641=CARTESIAN_POINT('',(-0.00602383625507355,-0.0570699814930558,0.007));
#9642=CARTESIAN_POINT('',(0.0156778602261732,-0.0570699814930558,0.00269248205244961));
#9643=CARTESIAN_POINT('',(0.0156778602261732,-0.0580699814930558,0.00269248205244961));
#9644=CARTESIAN_POINT('',(0.0147895305934562,-0.0570699814930558,0.00269248205244961));
#9645=CARTESIAN_POINT('',(0.0147895305934562,-0.0580699814930558,0.00269248205244961));
#9646=CARTESIAN_POINT('',(0.0141017915229656,-0.0570699814930558,0.00296590609262729));
#9647=CARTESIAN_POINT('',(0.0141017915229656,-0.0580699814930558,0.00296590609262729));
#9648=CARTESIAN_POINT('',(0.0136146430147014,-0.0570699814930558,0.00351275417298265));
#9649=CARTESIAN_POINT('',(0.0136146430147014,-0.0580699814930558,0.00351275417298265));
#9650=CARTESIAN_POINT('',(0.0156778602261732,-0.0570699814930558,0.00269248205244961));
#9651=CARTESIAN_POINT('',(0.0156778602261732,-0.0570699814930558,0.00269248205244961));
#9652=CARTESIAN_POINT('',(0.0156778602261732,-0.0570699814930558,0.00269248205244961));
#9653=CARTESIAN_POINT('',(0.0143453657770977,-0.0570699814930558,0.00269248205244961));
#9654=CARTESIAN_POINT('',(0.0136146430147014,-0.0570699814930558,0.00351275417298265));
#9655=CARTESIAN_POINT('',(0.0136146430147014,-0.0570699814930558,0.00351275417298265));
#9656=CARTESIAN_POINT('',(0.0136146430147014,-0.0570699814930558,0.00351275417298265));
#9657=CARTESIAN_POINT('',(0.0172270641219398,-0.0570699814930558,0.00301306875457934));
#9658=CARTESIAN_POINT('',(0.0172270641219398,-0.0580699814930558,0.00301306875457934));
#9659=CARTESIAN_POINT('',(0.0168175250573941,-0.0570699814930558,0.00279934428649285));
#9660=CARTESIAN_POINT('',(0.0168175250573941,-0.0580699814930558,0.00279934428649285));
#9661=CARTESIAN_POINT('',(0.0163011237588053,-0.0570699814930558,0.00269248205244961));
#9662=CARTESIAN_POINT('',(0.0163011237588053,-0.0580699814930558,0.00269248205244961));
#9663=CARTESIAN_POINT('',(0.0156778602261732,-0.0570699814930558,0.00269248205244961));
#9664=CARTESIAN_POINT('',(0.0156778602261732,-0.0580699814930558,0.00269248205244961));
#9665=CARTESIAN_POINT('',(0.0172270641219398,-0.0570699814930558,0.00301306875457934));
#9666=CARTESIAN_POINT('',(0.0172270641219398,-0.0570699814930558,0.00301306875457934));
#9667=CARTESIAN_POINT('',(0.0172270641219398,-0.0570699814930558,0.00301306875457934));
#9668=CARTESIAN_POINT('',(0.0166127555251213,-0.0570699814930558,0.00269248205244961));
#9669=CARTESIAN_POINT('',(0.0156778602261732,-0.0570699814930558,0.00269248205244961));
#9670=CARTESIAN_POINT('',(0.0172270641219398,-0.0570699814930558,0.00342410030842723));
#9671=CARTESIAN_POINT('',(0.0172270641219398,-0.0570699814930558,0.00383513186227512));
#9672=CARTESIAN_POINT('',(0.0172270641219398,-0.0570699814930558,0.00383513186227512));
#9673=CARTESIAN_POINT('',(0.0172270641219398,-0.0570699814930558,0.00342410030842723));
#9674=CARTESIAN_POINT('',(0.0156545773930576,-0.0570699814930558,0.00350559022433171));
#9675=CARTESIAN_POINT('',(0.0156545773930576,-0.0580699814930558,0.00350559022433171));
#9676=CARTESIAN_POINT('',(0.0161656057301583,-0.0570699814930558,0.00350559022433171));
#9677=CARTESIAN_POINT('',(0.0161656057301583,-0.0580699814930558,0.00350559022433171));
#9678=CARTESIAN_POINT('',(0.016689767973119,-0.0570699814930558,0.00361543743697952));
#9679=CARTESIAN_POINT('',(0.016689767973119,-0.0580699814930558,0.00361543743697952));
#9680=CARTESIAN_POINT('',(0.0172270641219398,-0.0570699814930558,0.00383513186227512));
#9681=CARTESIAN_POINT('',(0.0172270641219398,-0.0580699814930558,0.00383513186227512));
#9682=CARTESIAN_POINT('',(0.0156545773930576,-0.0570699814930558,0.00350559022433171));
#9683=CARTESIAN_POINT('',(0.0156545773930576,-0.0570699814930558,0.00350559022433171));
#9684=CARTESIAN_POINT('',(0.0156545773930576,-0.0570699814930558,0.00350559022433171));
#9685=CARTESIAN_POINT('',(0.0164211198987086,-0.0570699814930558,0.00350559022433171));
#9686=CARTESIAN_POINT('',(0.0172270641219398,-0.0570699814930558,0.00383513186227512));
#9687=CARTESIAN_POINT('',(0.0143032775787734,-0.0570699814930558,0.00411004839175508));
#9688=CARTESIAN_POINT('',(0.0143032775787734,-0.0580699814930558,0.00411004839175508));
#9689=CARTESIAN_POINT('',(0.0146071484007176,-0.0570699814930558,0.0037070762801395));
#9690=CARTESIAN_POINT('',(0.0146071484007176,-0.0580699814930558,0.0037070762801395));
#9691=CARTESIAN_POINT('',(0.0150575816721456,-0.0570699814930558,0.00350559022433171));
#9692=CARTESIAN_POINT('',(0.0150575816721456,-0.0580699814930558,0.00350559022433171));
#9693=CARTESIAN_POINT('',(0.0156545773930576,-0.0570699814930558,0.00350559022433171));
#9694=CARTESIAN_POINT('',(0.0156545773930576,-0.0580699814930558,0.00350559022433171));
#9695=CARTESIAN_POINT('',(0.0143032775787734,-0.0570699814930558,0.00411004839175508));
#9696=CARTESIAN_POINT('',(0.0143032775787734,-0.0570699814930558,0.00411004839175508));
#9697=CARTESIAN_POINT('',(0.0143032775787734,-0.0570699814930558,0.00411004839175508));
#9698=CARTESIAN_POINT('',(0.0147590838116897,-0.0570699814930558,0.00350559022433171));
#9699=CARTESIAN_POINT('',(0.0156545773930576,-0.0570699814930558,0.00350559022433171));
#9700=CARTESIAN_POINT('',(0.0138474713458571,-0.0570699814930558,0.00584461945886481));
#9701=CARTESIAN_POINT('',(0.0138474713458571,-0.0580699814930558,0.00584461945886481));
#9702=CARTESIAN_POINT('',(0.0138474713458571,-0.0570699814930558,0.0050912108590739));
#9703=CARTESIAN_POINT('',(0.0138474713458571,-0.0580699814930558,0.0050912108590739));
#9704=CARTESIAN_POINT('',(0.0139994067568292,-0.0570699814930558,0.00451302050337066));
#9705=CARTESIAN_POINT('',(0.0139994067568292,-0.0580699814930558,0.00451302050337066));
#9706=CARTESIAN_POINT('',(0.0143032775787734,-0.0570699814930558,0.00411004839175508));
#9707=CARTESIAN_POINT('',(0.0143032775787734,-0.0580699814930558,0.00411004839175508));
#9708=CARTESIAN_POINT('',(0.0138474713458571,-0.0570699814930558,0.00584461945886481));
#9709=CARTESIAN_POINT('',(0.0138474713458571,-0.0570699814930558,0.00584461945886481));
#9710=CARTESIAN_POINT('',(0.0138474713458571,-0.0570699814930558,0.00584461945886481));
#9711=CARTESIAN_POINT('',(0.0138474713458571,-0.0570699814930558,0.00471450655917845));
#9712=CARTESIAN_POINT('',(0.0143032775787734,-0.0570699814930558,0.00411004839175508));
#9713=CARTESIAN_POINT('',(0.0157172619437533,-0.0570699814930558,0.0082284233724663));
#9714=CARTESIAN_POINT('',(0.0157172619437533,-0.0580699814930558,0.0082284233724663));
#9715=CARTESIAN_POINT('',(0.0144707348784892,-0.0570699814930558,0.0082284233724663));
#9716=CARTESIAN_POINT('',(0.0144707348784892,-0.0580699814930558,0.0082284233724663));
#9717=CARTESIAN_POINT('',(0.0138474713458571,-0.0570699814930558,0.00743382206793247));
#9718=CARTESIAN_POINT('',(0.0138474713458571,-0.0580699814930558,0.00743382206793247));
#9719=CARTESIAN_POINT('',(0.0138474713458571,-0.0570699814930558,0.00584461945886481));
#9720=CARTESIAN_POINT('',(0.0138474713458571,-0.0580699814930558,0.00584461945886481));
#9721=CARTESIAN_POINT('',(0.0157172619437533,-0.0570699814930558,0.0082284233724663));
#9722=CARTESIAN_POINT('',(0.0157172619437533,-0.0570699814930558,0.0082284233724663));
#9723=CARTESIAN_POINT('',(0.0157172619437533,-0.0570699814930558,0.0082284233724663));
#9724=CARTESIAN_POINT('',(0.0138474713458571,-0.0570699814930558,0.0082284233724663));
#9725=CARTESIAN_POINT('',(0.0138474713458571,-0.0570699814930558,0.00584461945886481));
#9726=CARTESIAN_POINT('',(0.0156548521170296,-0.0570699814930558,0.00518943340309323));
#9727=CARTESIAN_POINT('',(0.0163602263351756,-0.0570699814930558,0.00814782895014318));
#9728=CARTESIAN_POINT('',(0.0163601317903752,-0.0570699814930558,0.00814743669501885));
#9729=CARTESIAN_POINT('',(0.0156548521170296,-0.0570699814930558,0.00518943340309323));
#9730=CARTESIAN_POINT('',(0.0154495727922359,-0.0570699814930558,0.00393369125543064));
#9731=CARTESIAN_POINT('',(0.0170319427352387,-0.0570699814930558,0.00794392266627286));
#9732=CARTESIAN_POINT('',(0.0170319427352387,-0.0570699814930558,0.00794392266627286));
#9733=CARTESIAN_POINT('',(0.0154495727922359,-0.0570699814930558,0.00393369125543064));
#9734=CARTESIAN_POINT('',(0.017174230000639,-0.0570699814930558,0.00833767358939319));
#9735=CARTESIAN_POINT('',(0.0173166134800765,-0.0570699814930558,0.00873169076519509));
#9736=CARTESIAN_POINT('',(0.0173166134800765,-0.0570699814930558,0.00873169076519509));
#9737=CARTESIAN_POINT('',(0.017174230000639,-0.0570699814930558,0.00833767358939319));
#9738=CARTESIAN_POINT('',(0.0166235014480978,-0.0570699814930558,0.00895645965411845));
#9739=CARTESIAN_POINT('',(0.0166235014480978,-0.0580699814930558,0.00895645965411845));
#9740=CARTESIAN_POINT('',(0.0169184173342283,-0.0570699814930558,0.00889258111198087));
#9741=CARTESIAN_POINT('',(0.0169184173342283,-0.0580699814930558,0.00889258111198087));
#9742=CARTESIAN_POINT('',(0.0171494546782212,-0.0570699814930558,0.00881765814900642));
#9743=CARTESIAN_POINT('',(0.0171494546782212,-0.0580699814930558,0.00881765814900642));
#9744=CARTESIAN_POINT('',(0.0173166134800765,-0.0570699814930558,0.00873169076519509));
#9745=CARTESIAN_POINT('',(0.0173166134800765,-0.0580699814930558,0.00873169076519509));
#9746=CARTESIAN_POINT('',(0.0166235014480978,-0.0570699814930558,0.00895645965411845));
#9747=CARTESIAN_POINT('',(0.0166235014480978,-0.0570699814930558,0.00895645965411845));
#9748=CARTESIAN_POINT('',(0.0166235014480978,-0.0570699814930558,0.00895645965411845));
#9749=CARTESIAN_POINT('',(0.0170658752772935,-0.0570699814930558,0.00886064184091208));
#9750=CARTESIAN_POINT('',(0.0173166134800765,-0.0570699814930558,0.00873169076519509));
#9751=CARTESIAN_POINT('',(0.0157340443906174,-0.0570699814930558,0.00488428291845591));
#9752=CARTESIAN_POINT('',(0.0157387537897062,-0.0570699814930558,0.00905227746732482));
#9753=CARTESIAN_POINT('',(0.0157387537897062,-0.0570699814930558,0.00905227746732482));
#9754=CARTESIAN_POINT('',(0.0157340443906174,-0.0570699814930558,0.00488428291845591));
#9755=CARTESIAN_POINT('',(0.0136262844312592,-0.0570699814930558,0.00821230448800168));
#9756=CARTESIAN_POINT('',(0.0136262844312592,-0.0580699814930558,0.00821230448800168));
#9757=CARTESIAN_POINT('',(0.0141211938838952,-0.0570699814930558,0.00877228647421711));
#9758=CARTESIAN_POINT('',(0.0141211938838952,-0.0580699814930558,0.00877228647421711));
#9759=CARTESIAN_POINT('',(0.0148253503367109,-0.0570699814930558,0.00905227746732482));
#9760=CARTESIAN_POINT('',(0.0148253503367109,-0.0580699814930558,0.00905227746732482));
#9761=CARTESIAN_POINT('',(0.0157387537897062,-0.0570699814930558,0.00905227746732482));
#9762=CARTESIAN_POINT('',(0.0157387537897062,-0.0580699814930558,0.00905227746732482));
#9763=CARTESIAN_POINT('',(0.0136262844312592,-0.0570699814930558,0.00821230448800168));
#9764=CARTESIAN_POINT('',(0.0136262844312592,-0.0570699814930558,0.00821230448800168));
#9765=CARTESIAN_POINT('',(0.0136262844312592,-0.0570699814930558,0.00821230448800168));
#9766=CARTESIAN_POINT('',(0.0143686486102132,-0.0570699814930558,0.00905227746732482));
#9767=CARTESIAN_POINT('',(0.0157387537897062,-0.0570699814930558,0.00905227746732482));
#9768=CARTESIAN_POINT('',(0.0128839202523052,-0.0570699814930558,0.00583387353588839));
#9769=CARTESIAN_POINT('',(0.0128839202523052,-0.0580699814930558,0.00583387353588839));
#9770=CARTESIAN_POINT('',(0.0128839202523052,-0.0570699814930558,0.00685951218441516));
#9771=CARTESIAN_POINT('',(0.0128839202523052,-0.0580699814930558,0.00685951218441516));
#9772=CARTESIAN_POINT('',(0.0131313749786232,-0.0570699814930558,0.00765232250178625));
#9773=CARTESIAN_POINT('',(0.0131313749786232,-0.0580699814930558,0.00765232250178625));
#9774=CARTESIAN_POINT('',(0.0136262844312592,-0.0570699814930558,0.00821230448800168));
#9775=CARTESIAN_POINT('',(0.0136262844312592,-0.0580699814930558,0.00821230448800168));
#9776=CARTESIAN_POINT('',(0.0128839202523052,-0.0570699814930558,0.00583387353588839));
#9777=CARTESIAN_POINT('',(0.0128839202523052,-0.0570699814930558,0.00583387353588839));
#9778=CARTESIAN_POINT('',(0.0128839202523052,-0.0570699814930558,0.00583387353588839));
#9779=CARTESIAN_POINT('',(0.0128839202523052,-0.0570699814930558,0.00737233150867854));
#9780=CARTESIAN_POINT('',(0.0136262844312592,-0.0570699814930558,0.00821230448800168));
#9781=CARTESIAN_POINT('',(0.0136146430147014,-0.0570699814930558,0.00351275417298265));
#9782=CARTESIAN_POINT('',(0.0136146430147014,-0.0580699814930558,0.00351275417298265));
#9783=CARTESIAN_POINT('',(0.0131274945064372,-0.0570699814930558,0.00405960225333802));
#9784=CARTESIAN_POINT('',(0.0131274945064372,-0.0580699814930558,0.00405960225333802));
#9785=CARTESIAN_POINT('',(0.0128839202523052,-0.0570699814930558,0.00483330870763993));
#9786=CARTESIAN_POINT('',(0.0128839202523052,-0.0580699814930558,0.00483330870763993));
#9787=CARTESIAN_POINT('',(0.0128839202523052,-0.0570699814930558,0.00583387353588839));
#9788=CARTESIAN_POINT('',(0.0128839202523052,-0.0580699814930558,0.00583387353588839));
#9789=CARTESIAN_POINT('',(0.0136146430147014,-0.0570699814930558,0.00351275417298265));
#9790=CARTESIAN_POINT('',(0.0128839202523052,-0.0570699814930558,0.0043330262935157));
#9791=CARTESIAN_POINT('',(0.0128839202523052,-0.0570699814930558,0.00583387353588839));
#9792=CARTESIAN_POINT('',(-0.00602383625507355,-0.0570699814930558,0.007));
#9793=CARTESIAN_POINT('',(0.0196019130997275,-0.0570699814930558,0.00594491473997802));
#9794=CARTESIAN_POINT('',(0.0196019130997275,-0.0580699814930558,0.00594491473997802));
#9795=CARTESIAN_POINT('',(0.019761907952932,-0.0570699814930558,0.00617296710536639));
#9796=CARTESIAN_POINT('',(0.019761907952932,-0.0580699814930558,0.00617296710536639));
#9797=CARTESIAN_POINT('',(0.020006079202785,-0.0570699814930558,0.00647146496582238));
#9798=CARTESIAN_POINT('',(0.020006079202785,-0.0580699814930558,0.00647146496582238));
#9799=CARTESIAN_POINT('',(0.0203344268492866,-0.0570699814930558,0.00684040832134597));
#9800=CARTESIAN_POINT('',(0.0203344268492866,-0.0580699814930558,0.00684040832134597));
#9801=CARTESIAN_POINT('',(0.0196019130997275,-0.0570699814930558,0.00594491473997802));
#9802=CARTESIAN_POINT('',(0.0196019130997275,-0.0570699814930558,0.00594491473997802));
#9803=CARTESIAN_POINT('',(0.0196019130997275,-0.0570699814930558,0.00594491473997802));
#9804=CARTESIAN_POINT('',(0.0198419053795342,-0.0570699814930558,0.00628699328806058));
#9805=CARTESIAN_POINT('',(0.0203344268492866,-0.0570699814930558,0.00684040832134597));
#9806=CARTESIAN_POINT('',(0.0203344268492866,-0.0570699814930558,0.00684040832134597));
#9807=CARTESIAN_POINT('',(0.0203344268492866,-0.0570699814930558,0.00684040832134597));
#9808=CARTESIAN_POINT('',(0.0195795257601933,-0.0570699814930558,0.00594491473997802));
#9809=CARTESIAN_POINT('',(0.0195563943797297,-0.0570699814930558,0.00594491473997802));
#9810=CARTESIAN_POINT('',(0.0195571384206591,-0.0570699814930558,0.00594491473997802));
#9811=CARTESIAN_POINT('',(0.0195795257601933,-0.0570699814930558,0.00594491473997802));
#9812=CARTESIAN_POINT('',(0.0034884943790225,-0.0570699814930558,0.0072073234759655));
#9813=CARTESIAN_POINT('',(0.0196019130997275,-0.0570699814930558,0.00689592892339079));
#9814=CARTESIAN_POINT('',(0.019602407159129,-0.0570699817430558,0.00689591937560897));
#9815=CARTESIAN_POINT('',(0.0034884943790225,-0.0570699814930558,0.0072073234759655));
#9816=CARTESIAN_POINT('',(0.0196019130997275,-0.0570699814930558,0.00920540686973874));
#9817=CARTESIAN_POINT('',(0.0196019130997275,-0.0570699814930558,0.0115148848160867));
#9818=CARTESIAN_POINT('',(0.0196019130997275,-0.0570699814930558,0.0115148848160867));
#9819=CARTESIAN_POINT('',(0.0196019130997275,-0.0570699814930558,0.00920540686973874));
#9820=CARTESIAN_POINT('',(0.0191425248924858,-0.0570699814930558,0.0115148848160867));
#9821=CARTESIAN_POINT('',(0.0186831366852441,-0.0570699814930558,0.0115148848160867));
#9822=CARTESIAN_POINT('',(0.0186831366852441,-0.0570699814930558,0.0115148848160867));
#9823=CARTESIAN_POINT('',(0.0191425248924858,-0.0570699814930558,0.0115148848160867));
#9824=CARTESIAN_POINT('',(0.0186831366852441,-0.0570699814930558,0.00716009952989433));
#9825=CARTESIAN_POINT('',(0.0186831366852441,-0.0570699814930558,0.00280531424370197));
#9826=CARTESIAN_POINT('',(0.0186831366852441,-0.0570699814930558,0.00280531424370197));
#9827=CARTESIAN_POINT('',(0.0186831366852441,-0.0570699814930558,0.00716009952989433));
#9828=CARTESIAN_POINT('',(0.0191425248924858,-0.0570699814930558,0.00280531424370197));
#9829=CARTESIAN_POINT('',(0.0196019130997275,-0.0570699814930558,0.00280531424370197));
#9830=CARTESIAN_POINT('',(0.0196019130997275,-0.0570699814930558,0.00280531424370197));
#9831=CARTESIAN_POINT('',(0.0191425248924858,-0.0570699814930558,0.00280531424370197));
#9832=CARTESIAN_POINT('',(0.0196019130997275,-0.0570699814930558,0.00395244152143432));
#9833=CARTESIAN_POINT('',(0.0196019130997275,-0.0570699814930558,0.00509956879916667));
#9834=CARTESIAN_POINT('',(0.0196019130997275,-0.0570699814930558,0.00509956879916667));
#9835=CARTESIAN_POINT('',(0.0196019130997275,-0.0570699814930558,0.00395244152143432));
#9836=CARTESIAN_POINT('',(0.019951155596461,-0.0570699814930558,0.00540224562966904));
#9837=CARTESIAN_POINT('',(0.0203003980931946,-0.0570699814930558,0.00570492246017141));
#9838=CARTESIAN_POINT('',(0.0203003980931946,-0.0570699814930558,0.00570492246017141));
#9839=CARTESIAN_POINT('',(0.019951155596461,-0.0570699814930558,0.00540224562966904));
#9840=CARTESIAN_POINT('',(0.0213839453266498,-0.0570699814930558,0.0042551183519367));
#9841=CARTESIAN_POINT('',(0.022467492560105,-0.0570699814930558,0.00280531424370198));
#9842=CARTESIAN_POINT('',(0.022467492560105,-0.0570699814930558,0.00280531424370198));
#9843=CARTESIAN_POINT('',(0.0213839453266498,-0.0570699814930558,0.0042551183519367));
#9844=CARTESIAN_POINT('',(0.0230298625292041,-0.0570699814930558,0.00280531424370197));
#9845=CARTESIAN_POINT('',(0.0235922324983031,-0.0570699814930558,0.00280531424370197));
#9846=CARTESIAN_POINT('',(0.0235922324983031,-0.0570699814930558,0.00280531424370197));
#9847=CARTESIAN_POINT('',(0.0230298625292041,-0.0570699814930558,0.00280531424370197));
#9848=CARTESIAN_POINT('',(0.0222624245299717,-0.0570699814930558,0.00456585462467137));
#9849=CARTESIAN_POINT('',(0.0209326165616403,-0.0570699814930558,0.00632639500564077));
#9850=CARTESIAN_POINT('',(0.0209326165616403,-0.0570699814930558,0.00632639500564077));
#9851=CARTESIAN_POINT('',(0.0222624245299717,-0.0570699814930558,0.00456585462467137));
#9852=CARTESIAN_POINT('',(0.022175561652579,-0.0570699814930558,0.00763292014085661));
#9853=CARTESIAN_POINT('',(0.0234185067435178,-0.0570699814930558,0.00893944527607245));
#9854=CARTESIAN_POINT('',(0.0234185067435178,-0.0570699814930558,0.00893944527607245));
#9855=CARTESIAN_POINT('',(0.022175561652579,-0.0570699814930558,0.00763292014085661));
#9856=CARTESIAN_POINT('',(0.0228668826973951,-0.0570699814930558,0.00893944527607245));
#9857=CARTESIAN_POINT('',(0.0223152586512725,-0.0570699814930558,0.00893944527607245));
#9858=CARTESIAN_POINT('',(0.0223152586512725,-0.0570699814930558,0.00893944527607245));
#9859=CARTESIAN_POINT('',(0.0228668826973951,-0.0570699814930558,0.00893944527607245));
#9860=CARTESIAN_POINT('',(0.0213248427502795,-0.0570699814930558,0.00788992679870921));
#9861=CARTESIAN_POINT('',(0.0213248427502795,-0.0570699814930558,0.00788992679870921));
#9862=CARTESIAN_POINT('',(-0.00602383625507355,-0.0570699814930558,0.007));
#9863=CARTESIAN_POINT('',(-0.0449488462196,-0.0570699814930558,0.00346081554526331));
#9864=CARTESIAN_POINT('',(-0.0449488462196,-0.0580699814930558,0.00346081554526331));
#9865=CARTESIAN_POINT('',(-0.0443697603703154,-0.0570699814930558,0.00346081554526331));
#9866=CARTESIAN_POINT('',(-0.0443697603703154,-0.0580699814930558,0.00346081554526331));
#9867=CARTESIAN_POINT('',(-0.0439151481288409,-0.0570699814930558,0.00361931790916544));
#9868=CARTESIAN_POINT('',(-0.0439151481288409,-0.0580699814930558,0.00361931790916544));
#9869=CARTESIAN_POINT('',(-0.0435850094951766,-0.0570699814930558,0.0039363226369697));
#9870=CARTESIAN_POINT('',(-0.0435850094951766,-0.0580699814930558,0.0039363226369697));
#9871=CARTESIAN_POINT('',(-0.0449488462196,-0.0580699814930558,0.00346081554526331));
#9872=CARTESIAN_POINT('',(-0.0440802174456731,-0.0580699814930558,0.00346081554526331));
#9873=CARTESIAN_POINT('',(-0.0435850094951766,-0.0580699814930558,0.0039363226369697));
#9874=CARTESIAN_POINT('',(-0.0449488462196,-0.0580699814930558,0.00346081554526331));
#9875=CARTESIAN_POINT('',(-0.0435850094951766,-0.0580699814930558,0.0039363226369697));
#9876=CARTESIAN_POINT('',(-0.0449488462196,-0.0570699814930558,0.00346081554526331));
#9877=CARTESIAN_POINT('',(-0.0449488462196,-0.0570699814930558,0.00346081554526331));
#9878=CARTESIAN_POINT('',(-0.0449488462196,-0.0570699814930558,0.00346081554526331));
#9879=CARTESIAN_POINT('',(-0.0440802174456731,-0.0570699814930558,0.00346081554526331));
#9880=CARTESIAN_POINT('',(-0.0435850094951766,-0.0570699814930558,0.0039363226369697));
#9881=CARTESIAN_POINT('',(-0.0435850094951766,-0.0570699814930558,0.0039363226369697));
#9882=CARTESIAN_POINT('',(-0.0435850094951766,-0.0570699814930558,0.0039363226369697));
#9883=CARTESIAN_POINT('',(-0.0458013561090623,-0.0570699814930558,0.00372319516460412));
#9884=CARTESIAN_POINT('',(-0.0458013561090623,-0.0580699814930558,0.00372319516460412));
#9885=CARTESIAN_POINT('',(-0.0455983775639522,-0.0570699814930558,0.00354827541837692));
#9886=CARTESIAN_POINT('',(-0.0455983775639522,-0.0580699814930558,0.00354827541837692));
#9887=CARTESIAN_POINT('',(-0.0453142076007981,-0.0570699814930558,0.00346081554526331));
#9888=CARTESIAN_POINT('',(-0.0453142076007981,-0.0580699814930558,0.00346081554526331));
#9889=CARTESIAN_POINT('',(-0.0449488462196,-0.0570699814930558,0.00346081554526331));
#9890=CARTESIAN_POINT('',(-0.0449488462196,-0.0580699814930558,0.00346081554526331));
#9891=CARTESIAN_POINT('',(-0.0458013561090623,-0.0580699814930558,0.00372319516460412));
#9892=CARTESIAN_POINT('',(-0.0454968882913972,-0.0580699814930558,0.00346081554526331));
#9893=CARTESIAN_POINT('',(-0.0449488462196,-0.0580699814930558,0.00346081554526331));
#9894=CARTESIAN_POINT('',(-0.0458013561090623,-0.0580699814930558,0.00372319516460412));
#9895=CARTESIAN_POINT('',(-0.0458013561090623,-0.0570699814930558,0.00372319516460412));
#9896=CARTESIAN_POINT('',(-0.0458013561090623,-0.0570699814930558,0.00372319516460412));
#9897=CARTESIAN_POINT('',(-0.0458013561090623,-0.0570699814930558,0.00372319516460412));
#9898=CARTESIAN_POINT('',(-0.0454968882913972,-0.0570699814930558,0.00346081554526331));
#9899=CARTESIAN_POINT('',(-0.0449488462196,-0.0570699814930558,0.00346081554526331));
#9900=CARTESIAN_POINT('',(-0.0461058239267274,-0.0570699814930558,0.00449063316383646));
#9901=CARTESIAN_POINT('',(-0.0461058239267274,-0.0580699814930558,0.00449063316383646));
#9902=CARTESIAN_POINT('',(-0.0461058239267274,-0.0570699814930558,0.00415392757724211));
#9903=CARTESIAN_POINT('',(-0.0461058239267274,-0.0580699814930558,0.00415392757724211));
#9904=CARTESIAN_POINT('',(-0.0460043346541724,-0.0570699814930558,0.00389811491083133));
#9905=CARTESIAN_POINT('',(-0.0460043346541724,-0.0580699814930558,0.00389811491083133));
#9906=CARTESIAN_POINT('',(-0.0458013561090623,-0.0570699814930558,0.00372319516460412));
#9907=CARTESIAN_POINT('',(-0.0458013561090623,-0.0580699814930558,0.00372319516460412));
#9908=CARTESIAN_POINT('',(-0.0461058239267274,-0.0580699814930558,0.00449063316383646));
#9909=CARTESIAN_POINT('',(-0.0461058239267274,-0.0580699814930558,0.00398557478394493));
#9910=CARTESIAN_POINT('',(-0.0458013561090623,-0.0580699814930558,0.00372319516460412));
#9911=CARTESIAN_POINT('',(-0.0461058239267274,-0.0580699814930558,0.00449063316383646));
#9912=CARTESIAN_POINT('',(-0.0461058239267274,-0.0570699814930558,0.00449063316383646));
#9913=CARTESIAN_POINT('',(-0.0461058239267274,-0.0570699814930558,0.00449063316383646));
#9914=CARTESIAN_POINT('',(-0.0461058239267274,-0.0570699814930558,0.00449063316383646));
#9915=CARTESIAN_POINT('',(-0.0461058239267274,-0.0570699814930558,0.00398557478394493));
#9916=CARTESIAN_POINT('',(-0.0458013561090623,-0.0570699814930558,0.00372319516460412));
#9917=CARTESIAN_POINT('',(-0.0456168844313005,-0.0570699814930558,0.00543896086650512));
#9918=CARTESIAN_POINT('',(-0.0456168844313005,-0.0580699814930558,0.00543896086650512));
#9919=CARTESIAN_POINT('',(-0.0459428440949184,-0.0570699814930558,0.00523538532567414));
#9920=CARTESIAN_POINT('',(-0.0459428440949184,-0.0580699814930558,0.00523538532567414));
#9921=CARTESIAN_POINT('',(-0.0461058239267274,-0.0570699814930558,0.00491927609145125));
#9922=CARTESIAN_POINT('',(-0.0461058239267274,-0.0580699814930558,0.00491927609145125));
#9923=CARTESIAN_POINT('',(-0.0461058239267274,-0.0570699814930558,0.00449063316383646));
#9924=CARTESIAN_POINT('',(-0.0461058239267274,-0.0580699814930558,0.00449063316383646));
#9925=CARTESIAN_POINT('',(-0.0456168844313005,-0.0580699814930558,0.00543896086650512));
#9926=CARTESIAN_POINT('',(-0.0461058239267274,-0.0580699814930558,0.00513359755525865));
#9927=CARTESIAN_POINT('',(-0.0461058239267274,-0.0580699814930558,0.00449063316383646));
#9928=CARTESIAN_POINT('',(-0.0456168844313005,-0.0580699814930558,0.00543896086650512));
#9929=CARTESIAN_POINT('',(-0.0456168844313005,-0.0570699814930558,0.00543896086650512));
#9930=CARTESIAN_POINT('',(-0.0456168844313005,-0.0570699814930558,0.00543896086650512));
#9931=CARTESIAN_POINT('',(-0.0456168844313005,-0.0570699814930558,0.00543896086650512));
#9932=CARTESIAN_POINT('',(-0.0461058239267274,-0.0570699814930558,0.00513359755525865));
#9933=CARTESIAN_POINT('',(-0.0461058239267274,-0.0570699814930558,0.00449063316383646));
#9934=CARTESIAN_POINT('',(-0.0440193238821401,-0.0570699814930558,0.00578372589533179));
#9935=CARTESIAN_POINT('',(-0.0440193238821401,-0.0580699814930558,0.00578372589533179));
#9936=CARTESIAN_POINT('',(-0.0447584045846291,-0.0570699814930558,0.00575745808361166));
#9937=CARTESIAN_POINT('',(-0.0447584045846291,-0.0580699814930558,0.00575745808361166));
#9938=CARTESIAN_POINT('',(-0.0452909247676826,-0.0570699814930558,0.00564253640733611));
#9939=CARTESIAN_POINT('',(-0.0452909247676826,-0.0580699814930558,0.00564253640733611));
#9940=CARTESIAN_POINT('',(-0.0456168844313005,-0.0570699814930558,0.00543896086650512));
#9941=CARTESIAN_POINT('',(-0.0456168844313005,-0.0580699814930558,0.00543896086650512));
#9942=CARTESIAN_POINT('',(-0.0440193238821401,-0.0580699814930558,0.00578372589533179));
#9943=CARTESIAN_POINT('',(-0.0451279449358736,-0.0580699814930558,0.0057443241777516));
#9944=CARTESIAN_POINT('',(-0.0456168844313005,-0.0580699814930558,0.00543896086650512));
#9945=CARTESIAN_POINT('',(-0.0440193238821401,-0.0580699814930558,0.00578372589533179));
#9946=CARTESIAN_POINT('',(-0.0440193238821401,-0.0570699814930558,0.00578372589533179));
#9947=CARTESIAN_POINT('',(-0.0440193238821401,-0.0570699814930558,0.00578372589533179));
#9948=CARTESIAN_POINT('',(-0.0440193238821401,-0.0570699814930558,0.00578372589533179));
#9949=CARTESIAN_POINT('',(-0.0451279449358736,-0.0570699814930558,0.0057443241777516));
#9950=CARTESIAN_POINT('',(-0.0456168844313005,-0.0570699814930558,0.00543896086650512));
#9951=CARTESIAN_POINT('',(-0.0435545627134101,-0.0570699814930558,0.00580253126054051));
#9952=CARTESIAN_POINT('',(-0.0435545627134101,-0.0580699814930558,0.00580253126054051));
#9953=CARTESIAN_POINT('',(-0.0430898015446801,-0.0580699814930558,0.00582133662574924));
#9954=CARTESIAN_POINT('',(-0.0430898015446801,-0.0570699814930558,0.00582133662574924));
#9955=CARTESIAN_POINT('',(-0.0430898015446801,-0.0570699814930558,0.00582133662574924));
#9956=CARTESIAN_POINT('',(-0.0435545627134101,-0.0570699814930558,0.00580253126054051));
#9957=CARTESIAN_POINT('',(-0.0430898015446801,-0.0570699814930558,0.00554462910910654));
#9958=CARTESIAN_POINT('',(-0.0430898015446801,-0.0580699814930558,0.00554462910910654));
#9959=CARTESIAN_POINT('',(-0.0430898015446801,-0.0580699814930558,0.00526792159246385));
#9960=CARTESIAN_POINT('',(-0.0430898015446801,-0.0570699814930558,0.00526792159246385));
#9961=CARTESIAN_POINT('',(-0.0430898015446801,-0.0570699814930558,0.00526792159246385));
#9962=CARTESIAN_POINT('',(-0.0430898015446801,-0.0570699814930558,0.00554462910910654));
#9963=CARTESIAN_POINT('',(-0.0429420451037544,-0.0570699814930558,0.00324231511140953));
#9964=CARTESIAN_POINT('',(-0.0428498092648735,-0.0570699814930558,0.00280531424370197));
#9965=CARTESIAN_POINT('',(-0.0428498092648735,-0.0570699814930558,0.00280531424370197));
#9966=CARTESIAN_POINT('',(-0.0429420451037544,-0.0570699814930558,0.00324231511140953));
#9967=CARTESIAN_POINT('',(-0.0430342809426353,-0.0570699814930558,0.00367931597911709));
#9968=CARTESIAN_POINT('',(-0.0430342809426353,-0.0570699814930558,0.00367931597911709));
#9969=CARTESIAN_POINT('',(-0.0425050442360469,-0.0570699814930558,0.00280531424370197));
#9970=CARTESIAN_POINT('',(-0.0421602792072202,-0.0570699814930558,0.00280531424370197));
#9971=CARTESIAN_POINT('',(-0.0421602792072202,-0.0570699814930558,0.00280531424370197));
#9972=CARTESIAN_POINT('',(-0.0425050442360469,-0.0570699814930558,0.00280531424370197));
#9973=CARTESIAN_POINT('',(-0.0421602792072202,-0.0570699814930558,0.00489897823694025));
#9974=CARTESIAN_POINT('',(-0.0421602792072202,-0.0570699814930558,0.00699264223017852));
#9975=CARTESIAN_POINT('',(-0.0421602792072202,-0.0570699814930558,0.00699264223017852));
#9976=CARTESIAN_POINT('',(-0.0421602792072202,-0.0570699814930558,0.00489897823694025));
#9977=CARTESIAN_POINT('',(-0.0426895159138087,-0.0570699814930558,0.00855348754250287));
#9978=CARTESIAN_POINT('',(-0.0426895159138087,-0.0580699814930558,0.00855348754250287));
#9979=CARTESIAN_POINT('',(-0.0423366914427497,-0.0570699814930558,0.00822931886604767));
#9980=CARTESIAN_POINT('',(-0.0423366914427497,-0.0580699814930558,0.00822931886604767));
#9981=CARTESIAN_POINT('',(-0.0421602792072202,-0.0570699814930558,0.00770903709527289));
#9982=CARTESIAN_POINT('',(-0.0421602792072202,-0.0580699814930558,0.00770903709527289));
#9983=CARTESIAN_POINT('',(-0.0421602792072202,-0.0570699814930558,0.00699264223017852));
#9984=CARTESIAN_POINT('',(-0.0421602792072202,-0.0580699814930558,0.00699264223017852));
#9985=CARTESIAN_POINT('',(-0.0426895159138087,-0.0570699814930558,0.00855348754250287));
#9986=CARTESIAN_POINT('',(-0.0426895159138087,-0.0570699814930558,0.00855348754250287));
#9987=CARTESIAN_POINT('',(-0.0426895159138087,-0.0570699814930558,0.00855348754250287));
#9988=CARTESIAN_POINT('',(-0.0421602792072202,-0.0570699814930558,0.00806723452782007));
#9989=CARTESIAN_POINT('',(-0.0421602792072202,-0.0570699814930558,0.00699264223017852));
#9990=CARTESIAN_POINT('',(-0.0443148367639915,-0.0570699814930558,0.00903974055718567));
#9991=CARTESIAN_POINT('',(-0.0443148367639915,-0.0580699814930558,0.00903974055718567));
#9992=CARTESIAN_POINT('',(-0.0435841140015952,-0.0570699814930558,0.00903974055718567));
#9993=CARTESIAN_POINT('',(-0.0435841140015952,-0.0580699814930558,0.00903974055718567));
#9994=CARTESIAN_POINT('',(-0.0430423403848676,-0.0570699814930558,0.00887765621895807));
#9995=CARTESIAN_POINT('',(-0.0430423403848676,-0.0580699814930558,0.00887765621895807));
#9996=CARTESIAN_POINT('',(-0.0426895159138087,-0.0570699814930558,0.00855348754250287));
#9997=CARTESIAN_POINT('',(-0.0426895159138087,-0.0580699814930558,0.00855348754250287));
#9998=CARTESIAN_POINT('',(-0.0443148367639915,-0.0570699814930558,0.00903974055718567));
#9999=CARTESIAN_POINT('',(-0.0443148367639915,-0.0570699814930558,0.00903974055718567));
#10000=CARTESIAN_POINT('',(-0.0443148367639915,-0.0570699814930558,0.00903974055718567));
#10001=CARTESIAN_POINT('',(-0.0432187526203971,-0.0570699814930558,0.00903974055718567));
#10002=CARTESIAN_POINT('',(-0.0426895159138087,-0.0570699814930558,0.00855348754250287));
#10003=CARTESIAN_POINT('',(-0.0443093191027438,-0.0570699814930558,0.00472678766428456));
#10004=CARTESIAN_POINT('',(-0.0453992794910281,-0.0570699814930558,0.00890004355849226));
#10005=CARTESIAN_POINT('',(-0.045399223277711,-0.0570699814930558,0.00889982392010757));
#10006=CARTESIAN_POINT('',(-0.0443093191027438,-0.0570699814930558,0.00472678766428456));
#10007=CARTESIAN_POINT('',(-0.0443265672794624,-0.0570699814930558,0.00465023817789047));
#10008=CARTESIAN_POINT('',(-0.0463925428773877,-0.0570699814930558,0.00851538079859158));
#10009=CARTESIAN_POINT('',(-0.0463925428744056,-0.0570699814930558,0.00851538079750845));
#10010=CARTESIAN_POINT('',(-0.0443265672794624,-0.0570699814930558,0.00465023817789047));
#10011=CARTESIAN_POINT('',(-0.0462491028997463,-0.0570699814930558,0.00815947036670097));
#10012=CARTESIAN_POINT('',(-0.0461058239267274,-0.0570699814930558,0.00780395941489789));
#10013=CARTESIAN_POINT('',(-0.0461058239267274,-0.0570699814930558,0.00780395941489789));
#10014=CARTESIAN_POINT('',(-0.0462491028997463,-0.0570699814930558,0.00815947036670097));
#10015=CARTESIAN_POINT('',(-0.044372148353199,-0.0570699814930558,0.0082731980515347));
#10016=CARTESIAN_POINT('',(-0.044372148353199,-0.0580699814930558,0.0082731980515347));
#10017=CARTESIAN_POINT('',(-0.0448831766902997,-0.0570699814930558,0.0082731980515347));
#10018=CARTESIAN_POINT('',(-0.0448831766902997,-0.0580699814930558,0.0082731980515347));
#10019=CARTESIAN_POINT('',(-0.0454610685481425,-0.0570699814930558,0.00811678517265576));
#10020=CARTESIAN_POINT('',(-0.0454610685481425,-0.0580699814930558,0.00811678517265576));
#10021=CARTESIAN_POINT('',(-0.0461058239267274,-0.0570699814930558,0.00780395941489789));
#10022=CARTESIAN_POINT('',(-0.0461058239267274,-0.0580699814930558,0.00780395941489789));
#10023=CARTESIAN_POINT('',(-0.044372148353199,-0.0570699814930558,0.0082731980515347));
#10024=CARTESIAN_POINT('',(-0.044372148353199,-0.0570699814930558,0.0082731980515347));
#10025=CARTESIAN_POINT('',(-0.044372148353199,-0.0570699814930558,0.0082731980515347));
#10026=CARTESIAN_POINT('',(-0.04513869085885,-0.0570699814930558,0.0082731980515347));
#10027=CARTESIAN_POINT('',(-0.0461058239267274,-0.0570699814930558,0.00780395941489789));
#10028=CARTESIAN_POINT('',(-0.0433781504778806,-0.0570699814930558,0.0079293285162894));
#10029=CARTESIAN_POINT('',(-0.0433781504778806,-0.0580699814930558,0.0079293285162894));
#10030=CARTESIAN_POINT('',(-0.0435847109973162,-0.0570699814930558,0.0081585748731196));
#10031=CARTESIAN_POINT('',(-0.0435847109973162,-0.0580699814930558,0.0081585748731196));
#10032=CARTESIAN_POINT('',(-0.0439160436224223,-0.0570699814930558,0.0082731980515347));
#10033=CARTESIAN_POINT('',(-0.0439160436224223,-0.0580699814930558,0.0082731980515347));
#10034=CARTESIAN_POINT('',(-0.044372148353199,-0.0570699814930558,0.0082731980515347));
#10035=CARTESIAN_POINT('',(-0.044372148353199,-0.0580699814930558,0.0082731980515347));
#10036=CARTESIAN_POINT('',(-0.0433781504778806,-0.0570699814930558,0.0079293285162894));
#10037=CARTESIAN_POINT('',(-0.0433781504778806,-0.0570699814930558,0.0079293285162894));
#10038=CARTESIAN_POINT('',(-0.0433781504778806,-0.0570699814930558,0.0079293285162894));
#10039=CARTESIAN_POINT('',(-0.0436879912570339,-0.0570699814930558,0.0082731980515347));
#10040=CARTESIAN_POINT('',(-0.044372148353199,-0.0570699814930558,0.0082731980515347));
#10041=CARTESIAN_POINT('',(-0.0430683096987273,-0.0570699814930558,0.00686369115446154));
#10042=CARTESIAN_POINT('',(-0.0430683096987273,-0.0580699814930558,0.00686369115446154));
#10043=CARTESIAN_POINT('',(-0.0430683096987273,-0.0570699814930558,0.00734486970551659));
#10044=CARTESIAN_POINT('',(-0.0430683096987273,-0.0580699814930558,0.00734486970551659));
#10045=CARTESIAN_POINT('',(-0.0431715899584451,-0.0570699814930558,0.00770008215945921));
#10046=CARTESIAN_POINT('',(-0.0431715899584451,-0.0580699814930558,0.00770008215945921));
#10047=CARTESIAN_POINT('',(-0.0433781504778806,-0.0570699814930558,0.0079293285162894));
#10048=CARTESIAN_POINT('',(-0.0433781504778806,-0.0580699814930558,0.0079293285162894));
#10049=CARTESIAN_POINT('',(-0.0430683096987273,-0.0570699814930558,0.00686369115446154));
#10050=CARTESIAN_POINT('',(-0.0430683096987273,-0.0570699814930558,0.00686369115446154));
#10051=CARTESIAN_POINT('',(-0.0430683096987273,-0.0570699814930558,0.00686369115446154));
#10052=CARTESIAN_POINT('',(-0.0430683096987273,-0.0570699814930558,0.00758545898104411));
#10053=CARTESIAN_POINT('',(-0.0433781504778806,-0.0570699814930558,0.0079293285162894));
#10054=CARTESIAN_POINT('',(-0.0430683096987273,-0.0570699814930558,0.00667295102163017));
#10055=CARTESIAN_POINT('',(-0.0430683096987273,-0.0570699814930558,0.00648221088879879));
#10056=CARTESIAN_POINT('',(-0.0430683096987273,-0.0570699814930558,0.00648221088879879));
#10057=CARTESIAN_POINT('',(-0.0430683096987273,-0.0570699814930558,0.00667295102163017));
#10058=CARTESIAN_POINT('',(-0.0435885914695021,-0.0570699814930558,0.0064651965107528));
#10059=CARTESIAN_POINT('',(-0.0441088732402769,-0.0570699814930558,0.00644818213270681));
#10060=CARTESIAN_POINT('',(-0.0441088732402769,-0.0570699814930558,0.00644818213270681));
#10061=CARTESIAN_POINT('',(-0.0435885914695021,-0.0570699814930558,0.0064651965107528));
#10062=CARTESIAN_POINT('',(-0.0470801209432557,-0.0570699814930558,0.00450137908681288));
#10063=CARTESIAN_POINT('',(-0.0470801209432557,-0.0580699814930558,0.00450137908681288));
#10064=CARTESIAN_POINT('',(-0.0470801209432557,-0.0570699814930558,0.0057395482119843));
#10065=CARTESIAN_POINT('',(-0.0470801209432557,-0.0580699814930558,0.0057395482119843));
#10066=CARTESIAN_POINT('',(-0.0460897050422628,-0.0570699814930558,0.00638848256061561));
#10067=CARTESIAN_POINT('',(-0.0460897050422628,-0.0580699814930558,0.00638848256061561));
#10068=CARTESIAN_POINT('',(-0.0441088732402769,-0.0570699814930558,0.00644818213270681));
#10069=CARTESIAN_POINT('',(-0.0441088732402769,-0.0580699814930558,0.00644818213270681));
#10070=CARTESIAN_POINT('',(-0.0470801209432557,-0.0570699814930558,0.00450137908681288));
#10071=CARTESIAN_POINT('',(-0.0470801209432557,-0.0570699814930558,0.00450137908681288));
#10072=CARTESIAN_POINT('',(-0.0470801209432557,-0.0570699814930558,0.00450137908681288));
#10073=CARTESIAN_POINT('',(-0.0470801209432557,-0.0570699814930558,0.00635863277457001));
#10074=CARTESIAN_POINT('',(-0.0441088732402769,-0.0570699814930558,0.00644818213270681));
#10075=CARTESIAN_POINT('',(-0.0465625256532251,-0.0570699814930558,0.00316351167624915));
#10076=CARTESIAN_POINT('',(-0.0465625256532251,-0.0580699814930558,0.00316351167624915));
#10077=CARTESIAN_POINT('',(-0.0469075891799122,-0.0570699814930558,0.00347753142544885));
#10078=CARTESIAN_POINT('',(-0.0469075891799122,-0.0580699814930558,0.00347753142544885));
#10079=CARTESIAN_POINT('',(-0.0470801209432557,-0.0570699814930558,0.00392348722897009));
#10080=CARTESIAN_POINT('',(-0.0470801209432557,-0.0580699814930558,0.00392348722897009));
#10081=CARTESIAN_POINT('',(-0.0470801209432557,-0.0570699814930558,0.00450137908681288));
#10082=CARTESIAN_POINT('',(-0.0470801209432557,-0.0580699814930558,0.00450137908681288));
#10083=CARTESIAN_POINT('',(-0.0465625256532251,-0.0570699814930558,0.00316351167624915));
#10084=CARTESIAN_POINT('',(-0.0465625256532251,-0.0570699814930558,0.00316351167624915));
#10085=CARTESIAN_POINT('',(-0.0465625256532251,-0.0570699814930558,0.00316351167624915));
#10086=CARTESIAN_POINT('',(-0.0470801209432557,-0.0570699814930558,0.0036345413000487));
#10087=CARTESIAN_POINT('',(-0.0470801209432557,-0.0570699814930558,0.00450137908681288));
#10088=CARTESIAN_POINT('',(-0.0451333178973618,-0.0570699814930558,0.00269248205244961));
#10089=CARTESIAN_POINT('',(-0.0451333178973618,-0.0580699814930558,0.00269248205244961));
#10090=CARTESIAN_POINT('',(-0.0457410595412502,-0.0570699814930558,0.00269248205244961));
#10091=CARTESIAN_POINT('',(-0.0457410595412502,-0.0580699814930558,0.00269248205244961));
#10092=CARTESIAN_POINT('',(-0.046217462126538,-0.0570699814930558,0.00284949192704946));
#10093=CARTESIAN_POINT('',(-0.046217462126538,-0.0580699814930558,0.00284949192704946));
#10094=CARTESIAN_POINT('',(-0.0465625256532251,-0.0570699814930558,0.00316351167624915));
#10095=CARTESIAN_POINT('',(-0.0465625256532251,-0.0580699814930558,0.00316351167624915));
#10096=CARTESIAN_POINT('',(-0.0451333178973618,-0.0570699814930558,0.00269248205244961));
#10097=CARTESIAN_POINT('',(-0.0451333178973618,-0.0570699814930558,0.00269248205244961));
#10098=CARTESIAN_POINT('',(-0.0451333178973618,-0.0570699814930558,0.00269248205244961));
#10099=CARTESIAN_POINT('',(-0.0460449303631944,-0.0570699814930558,0.00269248205244961));
#10100=CARTESIAN_POINT('',(-0.0465625256532251,-0.0570699814930558,0.00316351167624915));
#10101=CARTESIAN_POINT('',(-0.0439933545682804,-0.0570699814930558,0.00289755008258288));
#10102=CARTESIAN_POINT('',(-0.0439933545682804,-0.0580699814930558,0.00289755008258288));
#10103=CARTESIAN_POINT('',(-0.0442972253902246,-0.0570699814930558,0.00276083806249403));
#10104=CARTESIAN_POINT('',(-0.0442972253902246,-0.0580699814930558,0.00276083806249403));
#10105=CARTESIAN_POINT('',(-0.0446772131665851,-0.0570699814930558,0.00269248205244961));
#10106=CARTESIAN_POINT('',(-0.0446772131665851,-0.0580699814930558,0.00269248205244961));
#10107=CARTESIAN_POINT('',(-0.0451333178973618,-0.0570699814930558,0.00269248205244961));
#10108=CARTESIAN_POINT('',(-0.0451333178973618,-0.0580699814930558,0.00269248205244961));
#10109=CARTESIAN_POINT('',(-0.0439933545682804,-0.0570699814930558,0.00289755008258288));
#10110=CARTESIAN_POINT('',(-0.0439933545682804,-0.0570699814930558,0.00289755008258288));
#10111=CARTESIAN_POINT('',(-0.0439933545682804,-0.0570699814930558,0.00289755008258288));
#10112=CARTESIAN_POINT('',(-0.0444491608011967,-0.0570699814930558,0.00269248205244961));
#10113=CARTESIAN_POINT('',(-0.0451333178973618,-0.0570699814930558,0.00269248205244961));
#10114=CARTESIAN_POINT('',(-0.0430790556217037,-0.0570699814930558,0.00367931597911709));
#10115=CARTESIAN_POINT('',(-0.0430790556217037,-0.0580699814930558,0.00367931597911709));
#10116=CARTESIAN_POINT('',(-0.0433847174308106,-0.0570699814930558,0.00329485073484979));
#10117=CARTESIAN_POINT('',(-0.0433847174308106,-0.0580699814930558,0.00329485073484979));
#10118=CARTESIAN_POINT('',(-0.0436894837463362,-0.0570699814930558,0.00303426210267172));
#10119=CARTESIAN_POINT('',(-0.0436894837463362,-0.0580699814930558,0.00303426210267172));
#10120=CARTESIAN_POINT('',(-0.0439933545682804,-0.0570699814930558,0.00289755008258288));
#10121=CARTESIAN_POINT('',(-0.0439933545682804,-0.0580699814930558,0.00289755008258288));
#10122=CARTESIAN_POINT('',(-0.0430790556217037,-0.0570699814930558,0.00367931597911709));
#10123=CARTESIAN_POINT('',(-0.0430790556217037,-0.0570699814930558,0.00367931597911709));
#10124=CARTESIAN_POINT('',(-0.0430790556217037,-0.0570699814930558,0.00367931597911709));
#10125=CARTESIAN_POINT('',(-0.0435375483353641,-0.0570699814930558,0.00310261811271614));
#10126=CARTESIAN_POINT('',(-0.0439933545682804,-0.0570699814930558,0.00289755008258288));
#10127=CARTESIAN_POINT('',(-0.0430566682821696,-0.0570699814930558,0.00367931597911709));
#10128=CARTESIAN_POINT('',(-0.0430566682821696,-0.0570699814930558,0.00367931597911709));
#10129=CARTESIAN_POINT('',(-0.0435850094951766,-0.0570699814930558,0.0039363226369697));
#10130=CARTESIAN_POINT('',(-0.0435850094951766,-0.0580699814930558,0.0039363226369697));
#10131=CARTESIAN_POINT('',(-0.0432548708615123,-0.0570699814930558,0.00425332736477395));
#10132=CARTESIAN_POINT('',(-0.0432548708615123,-0.0580699814930558,0.00425332736477395));
#10133=CARTESIAN_POINT('',(-0.0430898015446801,-0.0570699814930558,0.004697193683272));
#10134=CARTESIAN_POINT('',(-0.0430898015446801,-0.0580699814930558,0.004697193683272));
#10135=CARTESIAN_POINT('',(-0.0430898015446801,-0.0570699814930558,0.00526792159246385));
#10136=CARTESIAN_POINT('',(-0.0430898015446801,-0.0580699814930558,0.00526792159246385));
#10137=CARTESIAN_POINT('',(-0.0435850094951766,-0.0580699814930558,0.0039363226369697));
#10138=CARTESIAN_POINT('',(-0.0430898015446801,-0.0580699814930558,0.00441182972867608));
#10139=CARTESIAN_POINT('',(-0.0430898015446801,-0.0580699814930558,0.00526792159246385));
#10140=CARTESIAN_POINT('',(-0.0435850094951766,-0.0570699814930558,0.0039363226369697));
#10141=CARTESIAN_POINT('',(-0.0430898015446801,-0.0570699814930558,0.00441182972867608));
#10142=CARTESIAN_POINT('',(-0.0430898015446801,-0.0570699814930558,0.00526792159246385));
#10143=CARTESIAN_POINT('',(-0.00602383625507355,-0.0570699814930558,0.007));
#10144=CARTESIAN_POINT('',(-0.00888731969791252,-0.0570699814930558,0.00826245212855828));
#10145=CARTESIAN_POINT('',(-0.00888731969791252,-0.0580699814930558,0.00826245212855828));
#10146=CARTESIAN_POINT('',(-0.00952132915352103,-0.0570699814930558,0.00826245212855828));
#10147=CARTESIAN_POINT('',(-0.00952132915352103,-0.0580699814930558,0.00826245212855828));
#10148=CARTESIAN_POINT('',(-0.00997832937787914,-0.0570699814930558,0.00808066693154059));
#10149=CARTESIAN_POINT('',(-0.00997832937787914,-0.0580699814930558,0.00808066693154059));
#10150=CARTESIAN_POINT('',(-0.0102583203709868,-0.0570699814930558,0.0077170965375052));
#10151=CARTESIAN_POINT('',(-0.0102583203709868,-0.0580699814930558,0.0077170965375052));
#10152=CARTESIAN_POINT('',(-0.00888731969791252,-0.0580699814930558,0.00826245212855828));
#10153=CARTESIAN_POINT('',(-0.00983833388132529,-0.0580699814930558,0.00826245212855828));
#10154=CARTESIAN_POINT('',(-0.0102583203709868,-0.0580699814930558,0.0077170965375052));
#10155=CARTESIAN_POINT('',(-0.00888731969791252,-0.0580699814930558,0.00826245212855828));
#10156=CARTESIAN_POINT('',(-0.0102583203709868,-0.0580699814930558,0.0077170965375052));
#10157=CARTESIAN_POINT('',(-0.00888731969791252,-0.0570699814930558,0.00826245212855828));
#10158=CARTESIAN_POINT('',(-0.00888731969791252,-0.0570699814930558,0.00826245212855828));
#10159=CARTESIAN_POINT('',(-0.00888731969791252,-0.0570699814930558,0.00826245212855828));
#10160=CARTESIAN_POINT('',(-0.00983833388132529,-0.0570699814930558,0.00826245212855828));
#10161=CARTESIAN_POINT('',(-0.0102583203709868,-0.0570699814930558,0.0077170965375052));
#10162=CARTESIAN_POINT('',(-0.0102583203709868,-0.0570699814930558,0.0077170965375052));
#10163=CARTESIAN_POINT('',(-0.0102583203709868,-0.0570699814930558,0.0077170965375052));
#10164=CARTESIAN_POINT('',(-0.00758974949851036,-0.0570699814930558,0.0076750083391809));
#10165=CARTESIAN_POINT('',(-0.00758974949851036,-0.0580699814930558,0.0076750083391809));
#10166=CARTESIAN_POINT('',(-0.00786974049161807,-0.0570699814930558,0.00806663753209915));
#10167=CARTESIAN_POINT('',(-0.00786974049161807,-0.0580699814930558,0.00806663753209915));
#10168=CARTESIAN_POINT('',(-0.00830226389141879,-0.0570699814930558,0.00826245212855828));
#10169=CARTESIAN_POINT('',(-0.00830226389141879,-0.0580699814930558,0.00826245212855828));
#10170=CARTESIAN_POINT('',(-0.00888731969791252,-0.0570699814930558,0.00826245212855828));
#10171=CARTESIAN_POINT('',(-0.00888731969791252,-0.0580699814930558,0.00826245212855828));
#10172=CARTESIAN_POINT('',(-0.00758974949851036,-0.0580699814930558,0.0076750083391809));
#10173=CARTESIAN_POINT('',(-0.00800973598817192,-0.0580699814930558,0.00826245212855828));
#10174=CARTESIAN_POINT('',(-0.00888731969791252,-0.0580699814930558,0.00826245212855828));
#10175=CARTESIAN_POINT('',(-0.00758974949851036,-0.0580699814930558,0.0076750083391809));
#10176=CARTESIAN_POINT('',(-0.00758974949851036,-0.0570699814930558,0.0076750083391809));
#10177=CARTESIAN_POINT('',(-0.00758974949851036,-0.0570699814930558,0.0076750083391809));
#10178=CARTESIAN_POINT('',(-0.00758974949851036,-0.0570699814930558,0.0076750083391809));
#10179=CARTESIAN_POINT('',(-0.00800973598817192,-0.0570699814930558,0.00826245212855828));
#10180=CARTESIAN_POINT('',(-0.00888731969791252,-0.0570699814930558,0.00826245212855828));
#10181=CARTESIAN_POINT('',(-0.00716976300884879,-0.0570699814930558,0.00588939413793321));
#10182=CARTESIAN_POINT('',(-0.00716976300884879,-0.0580699814930558,0.00588939413793321));
#10183=CARTESIAN_POINT('',(-0.00716976300884879,-0.0570699814930558,0.00668817441251342));
#10184=CARTESIAN_POINT('',(-0.00716976300884879,-0.0580699814930558,0.00668817441251342));
#10185=CARTESIAN_POINT('',(-0.00730975850540265,-0.0570699814930558,0.00728337914626265));
#10186=CARTESIAN_POINT('',(-0.00730975850540265,-0.0580699814930558,0.00728337914626265));
#10187=CARTESIAN_POINT('',(-0.00758974949851036,-0.0570699814930558,0.0076750083391809));
#10188=CARTESIAN_POINT('',(-0.00758974949851036,-0.0580699814930558,0.0076750083391809));
#10189=CARTESIAN_POINT('',(-0.00716976300884879,-0.0580699814930558,0.00588939413793321));
#10190=CARTESIAN_POINT('',(-0.00716976300884879,-0.0580699814930558,0.00708756454980353));
#10191=CARTESIAN_POINT('',(-0.00758974949851036,-0.0580699814930558,0.0076750083391809));
#10192=CARTESIAN_POINT('',(-0.00716976300884879,-0.0580699814930558,0.00588939413793321));
#10193=CARTESIAN_POINT('',(-0.00716976300884879,-0.0570699814930558,0.00588939413793321));
#10194=CARTESIAN_POINT('',(-0.00716976300884879,-0.0570699814930558,0.00588939413793321));
#10195=CARTESIAN_POINT('',(-0.00716976300884879,-0.0570699814930558,0.00588939413793321));
#10196=CARTESIAN_POINT('',(-0.00716976300884879,-0.0570699814930558,0.00708756454980353));
#10197=CARTESIAN_POINT('',(-0.00758974949851036,-0.0570699814930558,0.0076750083391809));
#10198=CARTESIAN_POINT('',(-0.00758974949851036,-0.0570699814930558,0.0040957204944532));
#10199=CARTESIAN_POINT('',(-0.00758974949851036,-0.0580699814930558,0.0040957204944532));
#10200=CARTESIAN_POINT('',(-0.00730975850540265,-0.0570699814930558,0.00451182651192884));
#10201=CARTESIAN_POINT('',(-0.00730975850540265,-0.0580699814930558,0.00451182651192884));
#10202=CARTESIAN_POINT('',(-0.00716976300884879,-0.0570699814930558,0.00510971772642218));
#10203=CARTESIAN_POINT('',(-0.00716976300884879,-0.0580699814930558,0.00510971772642218));
#10204=CARTESIAN_POINT('',(-0.00716976300884879,-0.0570699814930558,0.00588939413793321));
#10205=CARTESIAN_POINT('',(-0.00716976300884879,-0.0580699814930558,0.00588939413793321));
#10206=CARTESIAN_POINT('',(-0.00758974949851036,-0.0580699814930558,0.0040957204944532));
#10207=CARTESIAN_POINT('',(-0.00716976300884879,-0.0580699814930558,0.00471987952066666));
#10208=CARTESIAN_POINT('',(-0.00716976300884879,-0.0580699814930558,0.00588939413793321));
#10209=CARTESIAN_POINT('',(-0.00758974949851036,-0.0580699814930558,0.0040957204944532));
#10210=CARTESIAN_POINT('',(-0.00758974949851036,-0.0570699814930558,0.0040957204944532));
#10211=CARTESIAN_POINT('',(-0.00758974949851036,-0.0570699814930558,0.0040957204944532));
#10212=CARTESIAN_POINT('',(-0.00758974949851036,-0.0570699814930558,0.0040957204944532));
#10213=CARTESIAN_POINT('',(-0.00716976300884879,-0.0570699814930558,0.00471987952066666));
#10214=CARTESIAN_POINT('',(-0.00716976300884879,-0.0570699814930558,0.00588939413793321));
#10215=CARTESIAN_POINT('',(-0.00886582785195969,-0.0570699814930558,0.00347156146823973));
#10216=CARTESIAN_POINT('',(-0.00886582785195969,-0.0580699814930558,0.00347156146823973));
#10217=CARTESIAN_POINT('',(-0.00829509994276784,-0.0570699814930558,0.00347156146823973));
#10218=CARTESIAN_POINT('',(-0.00829509994276784,-0.0580699814930558,0.00347156146823973));
#10219=CARTESIAN_POINT('',(-0.00786974049161807,-0.0570699814930558,0.00367961447697755));
#10220=CARTESIAN_POINT('',(-0.00786974049161807,-0.0580699814930558,0.00367961447697755));
#10221=CARTESIAN_POINT('',(-0.00758974949851036,-0.0570699814930558,0.0040957204944532));
#10222=CARTESIAN_POINT('',(-0.00758974949851036,-0.0580699814930558,0.0040957204944532));
#10223=CARTESIAN_POINT('',(-0.00886582785195969,-0.0580699814930558,0.00347156146823973));
#10224=CARTESIAN_POINT('',(-0.00800973598817192,-0.0580699814930558,0.00347156146823973));
#10225=CARTESIAN_POINT('',(-0.00758974949851036,-0.0580699814930558,0.0040957204944532));
#10226=CARTESIAN_POINT('',(-0.00886582785195969,-0.0580699814930558,0.00347156146823973));
#10227=CARTESIAN_POINT('',(-0.00886582785195969,-0.0570699814930558,0.00347156146823973));
#10228=CARTESIAN_POINT('',(-0.00886582785195969,-0.0570699814930558,0.00347156146823973));
#10229=CARTESIAN_POINT('',(-0.00886582785195969,-0.0570699814930558,0.00347156146823973));
#10230=CARTESIAN_POINT('',(-0.00800973598817192,-0.0570699814930558,0.00347156146823973));
#10231=CARTESIAN_POINT('',(-0.00758974949851036,-0.0570699814930558,0.0040957204944532));
#10232=CARTESIAN_POINT('',(-0.0102475744480104,-0.0570699814930558,0.0040285584758506));
#10233=CARTESIAN_POINT('',(-0.0102475744480104,-0.0580699814930558,0.0040285584758506));
#10234=CARTESIAN_POINT('',(-0.00996041950625178,-0.0570699814930558,0.00365722713744335));
#10235=CARTESIAN_POINT('',(-0.00996041950625178,-0.0580699814930558,0.00365722713744335));
#10236=CARTESIAN_POINT('',(-0.0094998373075682,-0.0570699814930558,0.00347156146823973));
#10237=CARTESIAN_POINT('',(-0.0094998373075682,-0.0580699814930558,0.00347156146823973));
#10238=CARTESIAN_POINT('',(-0.00886582785195969,-0.0570699814930558,0.00347156146823973));
#10239=CARTESIAN_POINT('',(-0.00886582785195969,-0.0580699814930558,0.00347156146823973));
#10240=CARTESIAN_POINT('',(-0.0102475744480104,-0.0580699814930558,0.0040285584758506));
#10241=CARTESIAN_POINT('',(-0.00981684203537245,-0.0580699814930558,0.00347156146823973));
#10242=CARTESIAN_POINT('',(-0.00886582785195969,-0.0580699814930558,0.00347156146823973));
#10243=CARTESIAN_POINT('',(-0.0102475744480104,-0.0580699814930558,0.0040285584758506));
#10244=CARTESIAN_POINT('',(-0.0102475744480104,-0.0570699814930558,0.0040285584758506));
#10245=CARTESIAN_POINT('',(-0.0102475744480104,-0.0570699814930558,0.0040285584758506));
#10246=CARTESIAN_POINT('',(-0.0102475744480104,-0.0570699814930558,0.0040285584758506));
#10247=CARTESIAN_POINT('',(-0.00981684203537245,-0.0570699814930558,0.00347156146823973));
#10248=CARTESIAN_POINT('',(-0.00886582785195969,-0.0570699814930558,0.00347156146823973));
#10249=CARTESIAN_POINT('',(-0.0106783068606484,-0.0570699814930558,0.00587864821495679));
#10250=CARTESIAN_POINT('',(-0.0106783068606484,-0.0580699814930558,0.00587864821495679));
#10251=CARTESIAN_POINT('',(-0.0106783068606484,-0.0570699814930558,0.00501658639395991));
#10252=CARTESIAN_POINT('',(-0.0106783068606484,-0.0580699814930558,0.00501658639395991));
#10253=CARTESIAN_POINT('',(-0.0105347293897691,-0.0570699814930558,0.00439988981425785));
#10254=CARTESIAN_POINT('',(-0.0105347293897691,-0.0580699814930558,0.00439988981425785));
#10255=CARTESIAN_POINT('',(-0.0102475744480104,-0.0570699814930558,0.0040285584758506));
#10256=CARTESIAN_POINT('',(-0.0102475744480104,-0.0580699814930558,0.0040285584758506));
#10257=CARTESIAN_POINT('',(-0.0106783068606484,-0.0580699814930558,0.00587864821495679));
#10258=CARTESIAN_POINT('',(-0.0106783068606484,-0.0580699814930558,0.00458555548346147));
#10259=CARTESIAN_POINT('',(-0.0102475744480104,-0.0580699814930558,0.0040285584758506));
#10260=CARTESIAN_POINT('',(-0.0106783068606484,-0.0580699814930558,0.00587864821495679));
#10261=CARTESIAN_POINT('',(-0.0106783068606484,-0.0570699814930558,0.00587864821495679));
#10262=CARTESIAN_POINT('',(-0.0106783068606484,-0.0570699814930558,0.00587864821495679));
#10263=CARTESIAN_POINT('',(-0.0106783068606484,-0.0570699814930558,0.00587864821495679));
#10264=CARTESIAN_POINT('',(-0.0106783068606484,-0.0570699814930558,0.00458555548346147));
#10265=CARTESIAN_POINT('',(-0.0102475744480104,-0.0570699814930558,0.0040285584758506));
#10266=CARTESIAN_POINT('',(-0.00875299566070733,-0.0570699814930558,0.00903974055718567));
#10267=CARTESIAN_POINT('',(-0.00875299566070733,-0.0580699814930558,0.00903974055718567));
#10268=CARTESIAN_POINT('',(-0.00794705143747617,-0.0570699814930558,0.00903974055718567));
#10269=CARTESIAN_POINT('',(-0.00794705143747617,-0.0580699814930558,0.00903974055718567));
#10270=CARTESIAN_POINT('',(-0.00732110142409997,-0.0570699814930558,0.00876452552984525));
#10271=CARTESIAN_POINT('',(-0.00732110142409997,-0.0580699814930558,0.00876452552984525));
#10272=CARTESIAN_POINT('',(-0.00687514562057873,-0.0570699814930558,0.00821409547516441));
#10273=CARTESIAN_POINT('',(-0.00687514562057873,-0.0580699814930558,0.00821409547516441));
#10274=CARTESIAN_POINT('',(-0.00875299566070733,-0.0570699814930558,0.00903974055718567));
#10275=CARTESIAN_POINT('',(-0.00875299566070733,-0.0570699814930558,0.00903974055718567));
#10276=CARTESIAN_POINT('',(-0.00875299566070733,-0.0570699814930558,0.00903974055718567));
#10277=CARTESIAN_POINT('',(-0.00754407932586059,-0.0570699814930558,0.00903974055718567));
#10278=CARTESIAN_POINT('',(-0.00687514562057873,-0.0570699814930558,0.00821409547516441));
#10279=CARTESIAN_POINT('',(-0.00687514562057873,-0.0570699814930558,0.00821409547516441));
#10280=CARTESIAN_POINT('',(-0.00687514562057873,-0.0570699814930558,0.00821409547516441));
#10281=CARTESIAN_POINT('',(-0.0106783068606484,-0.0570699814930558,0.00812275512986488));
#10282=CARTESIAN_POINT('',(-0.0106783068606484,-0.0580699814930558,0.00812275512986488));
#10283=CARTESIAN_POINT('',(-0.0102460819587082,-0.0570699814930558,0.00873407874807874));
#10284=CARTESIAN_POINT('',(-0.0102460819587082,-0.0580699814930558,0.00873407874807874));
#10285=CARTESIAN_POINT('',(-0.00960431155872779,-0.0570699814930558,0.00903974055718567));
#10286=CARTESIAN_POINT('',(-0.00960431155872779,-0.0580699814930558,0.00903974055718567));
#10287=CARTESIAN_POINT('',(-0.00875299566070733,-0.0570699814930558,0.00903974055718567));
#10288=CARTESIAN_POINT('',(-0.00875299566070733,-0.0580699814930558,0.00903974055718567));
#10289=CARTESIAN_POINT('',(-0.0106783068606484,-0.0570699814930558,0.00812275512986488));
#10290=CARTESIAN_POINT('',(-0.0106783068606484,-0.0570699814930558,0.00812275512986488));
#10291=CARTESIAN_POINT('',(-0.0106783068606484,-0.0570699814930558,0.00812275512986488));
#10292=CARTESIAN_POINT('',(-0.010029969507738,-0.0570699814930558,0.00903974055718567));
#10293=CARTESIAN_POINT('',(-0.00875299566070733,-0.0570699814930558,0.00903974055718567));
#10294=CARTESIAN_POINT('',(-0.0107006942001826,-0.0570699814930558,0.00812275512986488));
#10295=CARTESIAN_POINT('',(-0.0107225784046005,-0.0570699814930558,0.00812275512986488));
#10296=CARTESIAN_POINT('',(-0.0107225784046005,-0.0570699814930558,0.00812275512986488));
#10297=CARTESIAN_POINT('',(-0.0107006942001826,-0.0570699814930558,0.00812275512986488));
#10298=CARTESIAN_POINT('',(-0.0270365823670324,-0.0570699814930558,0.0093216036452509));
#10299=CARTESIAN_POINT('',(-0.0106783068606484,-0.0570699814930558,0.00939793798973285));
#10300=CARTESIAN_POINT('',(-0.0106785367337433,-0.0570699817430558,0.00939793691705181));
#10301=CARTESIAN_POINT('',(-0.0270365823670324,-0.0570699814930558,0.0093216036452509));
#10302=CARTESIAN_POINT('',(-0.0106783068606484,-0.0570699814930558,0.0104564114029098));
#10303=CARTESIAN_POINT('',(-0.0106783068606484,-0.0570699814930558,0.0115148848160867));
#10304=CARTESIAN_POINT('',(-0.0106783068606484,-0.0570699814930558,0.0115148848160867));
#10305=CARTESIAN_POINT('',(-0.0106783068606484,-0.0570699814930558,0.0104564114029098));
#10306=CARTESIAN_POINT('',(-0.0111430680293784,-0.0570699814930558,0.0115148848160867));
#10307=CARTESIAN_POINT('',(-0.0116078291981084,-0.0570699814930558,0.0115148848160867));
#10308=CARTESIAN_POINT('',(-0.0116078291981084,-0.0570699814930558,0.0115148848160867));
#10309=CARTESIAN_POINT('',(-0.0111430680293784,-0.0570699814930558,0.0115148848160867));
#10310=CARTESIAN_POINT('',(-0.0116078291981084,-0.0570699814930558,0.00716009952989433));
#10311=CARTESIAN_POINT('',(-0.0116078291981084,-0.0570699814930558,0.00280531424370197));
#10312=CARTESIAN_POINT('',(-0.0116078291981084,-0.0570699814930558,0.00280531424370197));
#10313=CARTESIAN_POINT('',(-0.0116078291981084,-0.0570699814930558,0.00716009952989433));
#10314=CARTESIAN_POINT('',(-0.0112747055858395,-0.0570699814930558,0.00280531424370197));
#10315=CARTESIAN_POINT('',(-0.0109415819735706,-0.0570699814930558,0.00280531424370197));
#10316=CARTESIAN_POINT('',(-0.0109415819735706,-0.0570699814930558,0.00280531424370197));
#10317=CARTESIAN_POINT('',(-0.0112747055858395,-0.0570699814930558,0.00280531424370197));
#10318=CARTESIAN_POINT('',(-0.0108439731732015,-0.0570699814930558,0.00320022691308524));
#10319=CARTESIAN_POINT('',(-0.0107463643728324,-0.0570699814930558,0.00359513958246851));
#10320=CARTESIAN_POINT('',(-0.0107463643728324,-0.0570699814930558,0.00359513958246851));
#10321=CARTESIAN_POINT('',(-0.0108439731732015,-0.0570699814930558,0.00320022691308524));
#10322=CARTESIAN_POINT('',(-0.0107123356167404,-0.0570699814930558,0.00359513958246851));
#10323=CARTESIAN_POINT('',(-0.0106773064442552,-0.0570699814930558,0.00359513958246851));
#10324=CARTESIAN_POINT('',(-0.0106773064442552,-0.0570699814930558,0.00359513958246851));
#10325=CARTESIAN_POINT('',(-0.0107123356167404,-0.0570699814930558,0.00359513958246851));
#10326=CARTESIAN_POINT('',(-0.00900805853905274,-0.0570699814930558,0.00477967367405344));
#10327=CARTESIAN_POINT('',(-0.00984818431072033,-0.0570699814930558,0.00291366896704749));
#10328=CARTESIAN_POINT('',(-0.00984818431072033,-0.0570699814930558,0.00291366896704749));
#10329=CARTESIAN_POINT('',(-0.00900805853905274,-0.0570699814930558,0.00477967367405344));
#10330=CARTESIAN_POINT('',(-0.00875299566070733,-0.0570699814930558,0.00269248205244961));
#10331=CARTESIAN_POINT('',(-0.00875299566070733,-0.0580699814930558,0.00269248205244961));
#10332=CARTESIAN_POINT('',(-0.00915298279371835,-0.0570699814930558,0.00269248205244961));
#10333=CARTESIAN_POINT('',(-0.00915298279371835,-0.0580699814930558,0.00269248205244961));
#10334=CARTESIAN_POINT('',(-0.00951804567705602,-0.0570699814930558,0.00276621102398224));
#10335=CARTESIAN_POINT('',(-0.00951804567705602,-0.0580699814930558,0.00276621102398224));
#10336=CARTESIAN_POINT('',(-0.00984818431072033,-0.0570699814930558,0.00291366896704749));
#10337=CARTESIAN_POINT('',(-0.00984818431072033,-0.0580699814930558,0.00291366896704749));
#10338=CARTESIAN_POINT('',(-0.00875299566070733,-0.0570699814930558,0.00269248205244961));
#10339=CARTESIAN_POINT('',(-0.00875299566070733,-0.0570699814930558,0.00269248205244961));
#10340=CARTESIAN_POINT('',(-0.00875299566070733,-0.0570699814930558,0.00269248205244961));
#10341=CARTESIAN_POINT('',(-0.00935297636022386,-0.0570699814930558,0.00269248205244961));
#10342=CARTESIAN_POINT('',(-0.00984818431072033,-0.0570699814930558,0.00291366896704749));
#10343=CARTESIAN_POINT('',(-0.00688051858206694,-0.0570699814930558,0.00352976855102865));
#10344=CARTESIAN_POINT('',(-0.00688051858206694,-0.0580699814930558,0.00352976855102865));
#10345=CARTESIAN_POINT('',(-0.00733005635991365,-0.0570699814930558,0.00297157755197596));
#10346=CARTESIAN_POINT('',(-0.00733005635991365,-0.0580699814930558,0.00297157755197596));
#10347=CARTESIAN_POINT('',(-0.00795421538612712,-0.0570699814930558,0.00269248205244961));
#10348=CARTESIAN_POINT('',(-0.00795421538612712,-0.0580699814930558,0.00269248205244961));
#10349=CARTESIAN_POINT('',(-0.00875299566070733,-0.0570699814930558,0.00269248205244961));
#10350=CARTESIAN_POINT('',(-0.00875299566070733,-0.0580699814930558,0.00269248205244961));
#10351=CARTESIAN_POINT('',(-0.00688051858206694,-0.0570699814930558,0.00352976855102865));
#10352=CARTESIAN_POINT('',(-0.00688051858206694,-0.0570699814930558,0.00352976855102865));
#10353=CARTESIAN_POINT('',(-0.00688051858206694,-0.0570699814930558,0.00352976855102865));
#10354=CARTESIAN_POINT('',(-0.00755482524883701,-0.0570699814930558,0.00269248205244961));
#10355=CARTESIAN_POINT('',(-0.00875299566070733,-0.0570699814930558,0.00269248205244961));
#10356=CARTESIAN_POINT('',(-0.00620621191529687,-0.0570699814930558,0.00587864821495679));
#10357=CARTESIAN_POINT('',(-0.00620621191529687,-0.0580699814930558,0.00587864821495679));
#10358=CARTESIAN_POINT('',(-0.00620621191529687,-0.0570699814930558,0.00487091943805739));
#10359=CARTESIAN_POINT('',(-0.00620621191529687,-0.0580699814930558,0.00487091943805739));
#10360=CARTESIAN_POINT('',(-0.00643098080422023,-0.0570699814930558,0.00408795955008134));
#10361=CARTESIAN_POINT('',(-0.00643098080422023,-0.0580699814930558,0.00408795955008134));
#10362=CARTESIAN_POINT('',(-0.00688051858206694,-0.0570699814930558,0.00352976855102865));
#10363=CARTESIAN_POINT('',(-0.00688051858206694,-0.0580699814930558,0.00352976855102865));
#10364=CARTESIAN_POINT('',(-0.00620621191529687,-0.0570699814930558,0.00587864821495679));
#10365=CARTESIAN_POINT('',(-0.00620621191529687,-0.0570699814930558,0.00587864821495679));
#10366=CARTESIAN_POINT('',(-0.00620621191529687,-0.0570699814930558,0.00587864821495679));
#10367=CARTESIAN_POINT('',(-0.00620621191529687,-0.0570699814930558,0.00436705504960769));
#10368=CARTESIAN_POINT('',(-0.00688051858206694,-0.0570699814930558,0.00352976855102865));
#10369=CARTESIAN_POINT('',(-0.00687514562057873,-0.0570699814930558,0.00821409547516441));
#10370=CARTESIAN_POINT('',(-0.00687514562057873,-0.0580699814930558,0.00821409547516441));
#10371=CARTESIAN_POINT('',(-0.00642918981705749,-0.0570699814930558,0.00766366542048358));
#10372=CARTESIAN_POINT('',(-0.00642918981705749,-0.0580699814930558,0.00766366542048358));
#10373=CARTESIAN_POINT('',(-0.00620621191529687,-0.0570699814930558,0.00688518300041437));
#10374=CARTESIAN_POINT('',(-0.00620621191529687,-0.0580699814930558,0.00688518300041437));
#10375=CARTESIAN_POINT('',(-0.00620621191529687,-0.0570699814930558,0.00587864821495679));
#10376=CARTESIAN_POINT('',(-0.00620621191529687,-0.0580699814930558,0.00587864821495679));
#10377=CARTESIAN_POINT('',(-0.00687514562057873,-0.0570699814930558,0.00821409547516441));
#10378=CARTESIAN_POINT('',(-0.00620621191529687,-0.0570699814930558,0.00738845039314316));
#10379=CARTESIAN_POINT('',(-0.00620621191529687,-0.0570699814930558,0.00587864821495679));
#10380=CARTESIAN_POINT('',(-0.0102583203709868,-0.0570699814930558,0.0077170965375052));
#10381=CARTESIAN_POINT('',(-0.0102583203709868,-0.0580699814930558,0.0077170965375052));
#10382=CARTESIAN_POINT('',(-0.0105383113640946,-0.0570699814930558,0.00735352614346981));
#10383=CARTESIAN_POINT('',(-0.0105383113640946,-0.0580699814930558,0.00735352614346981));
#10384=CARTESIAN_POINT('',(-0.0106783068606484,-0.0570699814930558,0.00674071003595368));
#10385=CARTESIAN_POINT('',(-0.0106783068606484,-0.0580699814930558,0.00674071003595368));
#10386=CARTESIAN_POINT('',(-0.0106783068606484,-0.0570699814930558,0.00587864821495679));
#10387=CARTESIAN_POINT('',(-0.0106783068606484,-0.0580699814930558,0.00587864821495679));
#10388=CARTESIAN_POINT('',(-0.0102583203709868,-0.0580699814930558,0.0077170965375052));
#10389=CARTESIAN_POINT('',(-0.0106783068606484,-0.0580699814930558,0.00717174094645212));
#10390=CARTESIAN_POINT('',(-0.0106783068606484,-0.0580699814930558,0.00587864821495679));
#10391=CARTESIAN_POINT('',(-0.0102583203709868,-0.0570699814930558,0.0077170965375052));
#10392=CARTESIAN_POINT('',(-0.0106783068606484,-0.0570699814930558,0.00717174094645212));
#10393=CARTESIAN_POINT('',(-0.0106783068606484,-0.0570699814930558,0.00587864821495679));
#10394=CARTESIAN_POINT('',(-0.00602383625507355,-0.0570699814930558,0.007));
#10395=CARTESIAN_POINT('',(0.00852465749820597,-0.0570699814930558,0.00346081554526331));
#10396=CARTESIAN_POINT('',(0.00852465749820597,-0.0580699814930558,0.00346081554526331));
#10397=CARTESIAN_POINT('',(0.00910374334749058,-0.0570699814930558,0.00346081554526331));
#10398=CARTESIAN_POINT('',(0.00910374334749058,-0.0580699814930558,0.00346081554526331));
#10399=CARTESIAN_POINT('',(0.00955835558896504,-0.0570699814930558,0.00361931790916544));
#10400=CARTESIAN_POINT('',(0.00955835558896504,-0.0580699814930558,0.00361931790916544));
#10401=CARTESIAN_POINT('',(0.00988849422262936,-0.0570699814930558,0.0039363226369697));
#10402=CARTESIAN_POINT('',(0.00988849422262936,-0.0580699814930558,0.0039363226369697));
#10403=CARTESIAN_POINT('',(0.00852465749820597,-0.0580699814930558,0.00346081554526331));
#10404=CARTESIAN_POINT('',(0.00939328627213288,-0.0580699814930558,0.00346081554526331));
#10405=CARTESIAN_POINT('',(0.00988849422262936,-0.0580699814930558,0.0039363226369697));
#10406=CARTESIAN_POINT('',(0.00852465749820597,-0.0580699814930558,0.00346081554526331));
#10407=CARTESIAN_POINT('',(0.00988849422262936,-0.0580699814930558,0.0039363226369697));
#10408=CARTESIAN_POINT('',(0.00852465749820597,-0.0570699814930558,0.00346081554526331));
#10409=CARTESIAN_POINT('',(0.00852465749820597,-0.0570699814930558,0.00346081554526331));
#10410=CARTESIAN_POINT('',(0.00852465749820597,-0.0570699814930558,0.00346081554526331));
#10411=CARTESIAN_POINT('',(0.00939328627213288,-0.0570699814930558,0.00346081554526331));
#10412=CARTESIAN_POINT('',(0.00988849422262936,-0.0570699814930558,0.0039363226369697));
#10413=CARTESIAN_POINT('',(0.00988849422262936,-0.0570699814930558,0.0039363226369697));
#10414=CARTESIAN_POINT('',(0.00988849422262936,-0.0570699814930558,0.0039363226369697));
#10415=CARTESIAN_POINT('',(0.00767214760874368,-0.0570699814930558,0.00372319516460412));
#10416=CARTESIAN_POINT('',(0.00767214760874368,-0.0580699814930558,0.00372319516460412));
#10417=CARTESIAN_POINT('',(0.00787512615385375,-0.0570699814930558,0.00354827541837692));
#10418=CARTESIAN_POINT('',(0.00787512615385375,-0.0580699814930558,0.00354827541837692));
#10419=CARTESIAN_POINT('',(0.00815929611700784,-0.0570699814930558,0.00346081554526331));
#10420=CARTESIAN_POINT('',(0.00815929611700784,-0.0580699814930558,0.00346081554526331));
#10421=CARTESIAN_POINT('',(0.00852465749820597,-0.0570699814930558,0.00346081554526331));
#10422=CARTESIAN_POINT('',(0.00852465749820597,-0.0580699814930558,0.00346081554526331));
#10423=CARTESIAN_POINT('',(0.00767214760874368,-0.0580699814930558,0.00372319516460412));
#10424=CARTESIAN_POINT('',(0.00797661542640878,-0.0580699814930558,0.00346081554526331));
#10425=CARTESIAN_POINT('',(0.00852465749820597,-0.0580699814930558,0.00346081554526331));
#10426=CARTESIAN_POINT('',(0.00767214760874368,-0.0580699814930558,0.00372319516460412));
#10427=CARTESIAN_POINT('',(0.00767214760874368,-0.0570699814930558,0.00372319516460412));
#10428=CARTESIAN_POINT('',(0.00767214760874368,-0.0570699814930558,0.00372319516460412));
#10429=CARTESIAN_POINT('',(0.00767214760874368,-0.0570699814930558,0.00372319516460412));
#10430=CARTESIAN_POINT('',(0.00797661542640878,-0.0570699814930558,0.00346081554526331));
#10431=CARTESIAN_POINT('',(0.00852465749820597,-0.0570699814930558,0.00346081554526331));
#10432=CARTESIAN_POINT('',(0.00736767979107857,-0.0570699814930558,0.00449063316383646));
#10433=CARTESIAN_POINT('',(0.00736767979107857,-0.0580699814930558,0.00449063316383646));
#10434=CARTESIAN_POINT('',(0.00736767979107857,-0.0570699814930558,0.00415392757724211));
#10435=CARTESIAN_POINT('',(0.00736767979107857,-0.0580699814930558,0.00415392757724211));
#10436=CARTESIAN_POINT('',(0.00746916906363361,-0.0570699814930558,0.00389811491083133));
#10437=CARTESIAN_POINT('',(0.00746916906363361,-0.0580699814930558,0.00389811491083133));
#10438=CARTESIAN_POINT('',(0.00767214760874368,-0.0570699814930558,0.00372319516460412));
#10439=CARTESIAN_POINT('',(0.00767214760874368,-0.0580699814930558,0.00372319516460412));
#10440=CARTESIAN_POINT('',(0.00736767979107857,-0.0580699814930558,0.00449063316383646));
#10441=CARTESIAN_POINT('',(0.00736767979107857,-0.0580699814930558,0.00398557478394493));
#10442=CARTESIAN_POINT('',(0.00767214760874368,-0.0580699814930558,0.00372319516460412));
#10443=CARTESIAN_POINT('',(0.00736767979107857,-0.0580699814930558,0.00449063316383646));
#10444=CARTESIAN_POINT('',(0.00736767979107857,-0.0570699814930558,0.00449063316383646));
#10445=CARTESIAN_POINT('',(0.00736767979107857,-0.0570699814930558,0.00449063316383646));
#10446=CARTESIAN_POINT('',(0.00736767979107857,-0.0570699814930558,0.00449063316383646));
#10447=CARTESIAN_POINT('',(0.00736767979107857,-0.0570699814930558,0.00398557478394493));
#10448=CARTESIAN_POINT('',(0.00767214760874368,-0.0570699814930558,0.00372319516460412));
#10449=CARTESIAN_POINT('',(0.00785661928650547,-0.0570699814930558,0.00543896086650512));
#10450=CARTESIAN_POINT('',(0.00785661928650547,-0.0580699814930558,0.00543896086650512));
#10451=CARTESIAN_POINT('',(0.00753065962288754,-0.0570699814930558,0.00523538532567414));
#10452=CARTESIAN_POINT('',(0.00753065962288754,-0.0580699814930558,0.00523538532567414));
#10453=CARTESIAN_POINT('',(0.00736767979107857,-0.0570699814930558,0.00491927609145125));
#10454=CARTESIAN_POINT('',(0.00736767979107857,-0.0580699814930558,0.00491927609145125));
#10455=CARTESIAN_POINT('',(0.00736767979107857,-0.0570699814930558,0.00449063316383646));
#10456=CARTESIAN_POINT('',(0.00736767979107857,-0.0580699814930558,0.00449063316383646));
#10457=CARTESIAN_POINT('',(0.00785661928650547,-0.0580699814930558,0.00543896086650512));
#10458=CARTESIAN_POINT('',(0.00736767979107857,-0.0580699814930558,0.00513359755525865));
#10459=CARTESIAN_POINT('',(0.00736767979107857,-0.0580699814930558,0.00449063316383646));
#10460=CARTESIAN_POINT('',(0.00785661928650547,-0.0580699814930558,0.00543896086650512));
#10461=CARTESIAN_POINT('',(0.00785661928650547,-0.0570699814930558,0.00543896086650512));
#10462=CARTESIAN_POINT('',(0.00785661928650547,-0.0570699814930558,0.00543896086650512));
#10463=CARTESIAN_POINT('',(0.00785661928650547,-0.0570699814930558,0.00543896086650512));
#10464=CARTESIAN_POINT('',(0.00736767979107857,-0.0570699814930558,0.00513359755525865));
#10465=CARTESIAN_POINT('',(0.00736767979107857,-0.0570699814930558,0.00449063316383646));
#10466=CARTESIAN_POINT('',(0.0094541798356659,-0.0570699814930558,0.00578372589533179));
#10467=CARTESIAN_POINT('',(0.0094541798356659,-0.0580699814930558,0.00578372589533179));
#10468=CARTESIAN_POINT('',(0.00871509913317689,-0.0570699814930558,0.00575745808361166));
#10469=CARTESIAN_POINT('',(0.00871509913317689,-0.0580699814930558,0.00575745808361166));
#10470=CARTESIAN_POINT('',(0.00818257895012341,-0.0570699814930558,0.00564253640733611));
#10471=CARTESIAN_POINT('',(0.00818257895012341,-0.0580699814930558,0.00564253640733611));
#10472=CARTESIAN_POINT('',(0.00785661928650547,-0.0570699814930558,0.00543896086650512));
#10473=CARTESIAN_POINT('',(0.00785661928650547,-0.0580699814930558,0.00543896086650512));
#10474=CARTESIAN_POINT('',(0.0094541798356659,-0.0580699814930558,0.00578372589533179));
#10475=CARTESIAN_POINT('',(0.00834555878193238,-0.0580699814930558,0.0057443241777516));
#10476=CARTESIAN_POINT('',(0.00785661928650547,-0.0580699814930558,0.00543896086650512));
#10477=CARTESIAN_POINT('',(0.0094541798356659,-0.0580699814930558,0.00578372589533179));
#10478=CARTESIAN_POINT('',(0.0094541798356659,-0.0570699814930558,0.00578372589533179));
#10479=CARTESIAN_POINT('',(0.0094541798356659,-0.0570699814930558,0.00578372589533179));
#10480=CARTESIAN_POINT('',(0.0094541798356659,-0.0570699814930558,0.00578372589533179));
#10481=CARTESIAN_POINT('',(0.00834555878193238,-0.0570699814930558,0.0057443241777516));
#10482=CARTESIAN_POINT('',(0.00785661928650547,-0.0570699814930558,0.00543896086650512));
#10483=CARTESIAN_POINT('',(0.00991894100439587,-0.0570699814930558,0.00580253126054051));
#10484=CARTESIAN_POINT('',(0.00991894100439587,-0.0580699814930558,0.00580253126054051));
#10485=CARTESIAN_POINT('',(0.0103837021731258,-0.0580699814930558,0.00582133662574924));
#10486=CARTESIAN_POINT('',(0.0103837021731258,-0.0570699814930558,0.00582133662574924));
#10487=CARTESIAN_POINT('',(0.0103837021731258,-0.0570699814930558,0.00582133662574924));
#10488=CARTESIAN_POINT('',(0.00991894100439587,-0.0570699814930558,0.00580253126054051));
#10489=CARTESIAN_POINT('',(0.0103837021731258,-0.0570699814930558,0.00554462910910654));
#10490=CARTESIAN_POINT('',(0.0103837021731258,-0.0580699814930558,0.00554462910910654));
#10491=CARTESIAN_POINT('',(0.0103837021731258,-0.0580699814930558,0.00526792159246385));
#10492=CARTESIAN_POINT('',(0.0103837021731258,-0.0570699814930558,0.00526792159246385));
#10493=CARTESIAN_POINT('',(0.0103837021731258,-0.0570699814930558,0.00526792159246385));
#10494=CARTESIAN_POINT('',(0.0103837021731258,-0.0570699814930558,0.00554462910910654));
#10495=CARTESIAN_POINT('',(0.0105314586140516,-0.0570699814930558,0.00324231511140953));
#10496=CARTESIAN_POINT('',(0.0106236944529324,-0.0570699814930558,0.00280531424370197));
#10497=CARTESIAN_POINT('',(0.0106236944529324,-0.0570699814930558,0.00280531424370197));
#10498=CARTESIAN_POINT('',(0.0105314586140516,-0.0570699814930558,0.00324231511140953));
#10499=CARTESIAN_POINT('',(0.0104392227751707,-0.0570699814930558,0.00367931597911709));
#10500=CARTESIAN_POINT('',(0.0104392227751707,-0.0570699814930558,0.00367931597911709));
#10501=CARTESIAN_POINT('',(0.0109684594817591,-0.0570699814930558,0.00280531424370197));
#10502=CARTESIAN_POINT('',(0.0113132245105858,-0.0570699814930558,0.00280531424370197));
#10503=CARTESIAN_POINT('',(0.0113132245105858,-0.0570699814930558,0.00280531424370197));
#10504=CARTESIAN_POINT('',(0.0109684594817591,-0.0570699814930558,0.00280531424370197));
#10505=CARTESIAN_POINT('',(0.0113132245105858,-0.0570699814930558,0.00489897823694025));
#10506=CARTESIAN_POINT('',(0.0113132245105858,-0.0570699814930558,0.00699264223017852));
#10507=CARTESIAN_POINT('',(0.0113132245105858,-0.0570699814930558,0.00699264223017852));
#10508=CARTESIAN_POINT('',(0.0113132245105858,-0.0570699814930558,0.00489897823694025));
#10509=CARTESIAN_POINT('',(0.0107839878039973,-0.0570699814930558,0.00855348754250287));
#10510=CARTESIAN_POINT('',(0.0107839878039973,-0.0580699814930558,0.00855348754250287));
#10511=CARTESIAN_POINT('',(0.0111368122750563,-0.0570699814930558,0.00822931886604767));
#10512=CARTESIAN_POINT('',(0.0111368122750563,-0.0580699814930558,0.00822931886604767));
#10513=CARTESIAN_POINT('',(0.0113132245105858,-0.0570699814930558,0.00770903709527289));
#10514=CARTESIAN_POINT('',(0.0113132245105858,-0.0580699814930558,0.00770903709527289));
#10515=CARTESIAN_POINT('',(0.0113132245105858,-0.0570699814930558,0.00699264223017852));
#10516=CARTESIAN_POINT('',(0.0113132245105858,-0.0580699814930558,0.00699264223017852));
#10517=CARTESIAN_POINT('',(0.0107839878039973,-0.0570699814930558,0.00855348754250287));
#10518=CARTESIAN_POINT('',(0.0107839878039973,-0.0570699814930558,0.00855348754250287));
#10519=CARTESIAN_POINT('',(0.0107839878039973,-0.0570699814930558,0.00855348754250287));
#10520=CARTESIAN_POINT('',(0.0113132245105858,-0.0570699814930558,0.00806723452782007));
#10521=CARTESIAN_POINT('',(0.0113132245105858,-0.0570699814930558,0.00699264223017852));
#10522=CARTESIAN_POINT('',(0.00915866695381447,-0.0570699814930558,0.00903974055718567));
#10523=CARTESIAN_POINT('',(0.00915866695381447,-0.0580699814930558,0.00903974055718567));
#10524=CARTESIAN_POINT('',(0.00988938971621073,-0.0570699814930558,0.00903974055718567));
#10525=CARTESIAN_POINT('',(0.00988938971621073,-0.0580699814930558,0.00903974055718567));
#10526=CARTESIAN_POINT('',(0.0104311633329383,-0.0570699814930558,0.00887765621895807));
#10527=CARTESIAN_POINT('',(0.0104311633329383,-0.0580699814930558,0.00887765621895807));
#10528=CARTESIAN_POINT('',(0.0107839878039973,-0.0570699814930558,0.00855348754250287));
#10529=CARTESIAN_POINT('',(0.0107839878039973,-0.0580699814930558,0.00855348754250287));
#10530=CARTESIAN_POINT('',(0.00915866695381447,-0.0570699814930558,0.00903974055718567));
#10531=CARTESIAN_POINT('',(0.00915866695381447,-0.0570699814930558,0.00903974055718567));
#10532=CARTESIAN_POINT('',(0.00915866695381447,-0.0570699814930558,0.00903974055718567));
#10533=CARTESIAN_POINT('',(0.0102547510974089,-0.0570699814930558,0.00903974055718567));
#10534=CARTESIAN_POINT('',(0.0107839878039973,-0.0570699814930558,0.00855348754250287));
#10535=CARTESIAN_POINT('',(0.0091641846150622,-0.0570699814930558,0.00472678766428487));
#10536=CARTESIAN_POINT('',(0.00807422422677789,-0.0570699814930558,0.00890004355849226));
#10537=CARTESIAN_POINT('',(0.00807428044009501,-0.0570699814930558,0.00889982392010757));
#10538=CARTESIAN_POINT('',(0.0091641846150622,-0.0570699814930558,0.00472678766428487));
#10539=CARTESIAN_POINT('',(0.00914693643834396,-0.0570699814930558,0.00465023817788982));
#10540=CARTESIAN_POINT('',(0.00708096084638239,-0.0570699814930558,0.0085153807964253));
#10541=CARTESIAN_POINT('',(0.00708096084638239,-0.0570699814930558,0.0085153807964253));
#10542=CARTESIAN_POINT('',(0.00914693643834396,-0.0570699814930558,0.00465023817788982));
#10543=CARTESIAN_POINT('',(0.0072244008180597,-0.0570699814930558,0.00815947036670097));
#10544=CARTESIAN_POINT('',(0.00736767979107857,-0.0570699814930558,0.00780395941489789));
#10545=CARTESIAN_POINT('',(0.00736767979107857,-0.0570699814930558,0.00780395941489789));
#10546=CARTESIAN_POINT('',(0.0072244008180597,-0.0570699814930558,0.00815947036670097));
#10547=CARTESIAN_POINT('',(0.00910135536460693,-0.0570699814930558,0.0082731980515347));
#10548=CARTESIAN_POINT('',(0.00910135536460693,-0.0580699814930558,0.0082731980515347));
#10549=CARTESIAN_POINT('',(0.00859032702750629,-0.0570699814930558,0.0082731980515347));
#10550=CARTESIAN_POINT('',(0.00859032702750629,-0.0580699814930558,0.0082731980515347));
#10551=CARTESIAN_POINT('',(0.0080124351696635,-0.0570699814930558,0.00811678517265576));
#10552=CARTESIAN_POINT('',(0.0080124351696635,-0.0580699814930558,0.00811678517265576));
#10553=CARTESIAN_POINT('',(0.00736767979107857,-0.0570699814930558,0.00780395941489789));
#10554=CARTESIAN_POINT('',(0.00736767979107857,-0.0580699814930558,0.00780395941489789));
#10555=CARTESIAN_POINT('',(0.00910135536460693,-0.0570699814930558,0.0082731980515347));
#10556=CARTESIAN_POINT('',(0.00910135536460693,-0.0570699814930558,0.0082731980515347));
#10557=CARTESIAN_POINT('',(0.00910135536460693,-0.0570699814930558,0.0082731980515347));
#10558=CARTESIAN_POINT('',(0.00833481285895597,-0.0570699814930558,0.0082731980515347));
#10559=CARTESIAN_POINT('',(0.00736767979107857,-0.0570699814930558,0.00780395941489789));
#10560=CARTESIAN_POINT('',(0.0100953532399254,-0.0570699814930558,0.0079293285162894));
#10561=CARTESIAN_POINT('',(0.0100953532399254,-0.0580699814930558,0.0079293285162894));
#10562=CARTESIAN_POINT('',(0.00988879272048982,-0.0570699814930558,0.0081585748731196));
#10563=CARTESIAN_POINT('',(0.00988879272048982,-0.0580699814930558,0.0081585748731196));
#10564=CARTESIAN_POINT('',(0.00955746009538368,-0.0570699814930558,0.0082731980515347));
#10565=CARTESIAN_POINT('',(0.00955746009538368,-0.0580699814930558,0.0082731980515347));
#10566=CARTESIAN_POINT('',(0.00910135536460693,-0.0570699814930558,0.0082731980515347));
#10567=CARTESIAN_POINT('',(0.00910135536460693,-0.0580699814930558,0.0082731980515347));
#10568=CARTESIAN_POINT('',(0.0100953532399254,-0.0570699814930558,0.0079293285162894));
#10569=CARTESIAN_POINT('',(0.0100953532399254,-0.0570699814930558,0.0079293285162894));
#10570=CARTESIAN_POINT('',(0.0100953532399254,-0.0570699814930558,0.0079293285162894));
#10571=CARTESIAN_POINT('',(0.00978551246077205,-0.0570699814930558,0.0082731980515347));
#10572=CARTESIAN_POINT('',(0.00910135536460693,-0.0570699814930558,0.0082731980515347));
#10573=CARTESIAN_POINT('',(0.0104051940190787,-0.0570699814930558,0.00686369115446154));
#10574=CARTESIAN_POINT('',(0.0104051940190787,-0.0580699814930558,0.00686369115446154));
#10575=CARTESIAN_POINT('',(0.0104051940190787,-0.0570699814930558,0.00734486970551659));
#10576=CARTESIAN_POINT('',(0.0104051940190787,-0.0580699814930558,0.00734486970551659));
#10577=CARTESIAN_POINT('',(0.0103019137593609,-0.0570699814930558,0.00770008215945921));
#10578=CARTESIAN_POINT('',(0.0103019137593609,-0.0580699814930558,0.00770008215945921));
#10579=CARTESIAN_POINT('',(0.0100953532399254,-0.0570699814930558,0.0079293285162894));
#10580=CARTESIAN_POINT('',(0.0100953532399254,-0.0580699814930558,0.0079293285162894));
#10581=CARTESIAN_POINT('',(0.0104051940190787,-0.0570699814930558,0.00686369115446154));
#10582=CARTESIAN_POINT('',(0.0104051940190787,-0.0570699814930558,0.00686369115446154));
#10583=CARTESIAN_POINT('',(0.0104051940190787,-0.0570699814930558,0.00686369115446154));
#10584=CARTESIAN_POINT('',(0.0104051940190787,-0.0570699814930558,0.00758545898104411));
#10585=CARTESIAN_POINT('',(0.0100953532399254,-0.0570699814930558,0.0079293285162894));
#10586=CARTESIAN_POINT('',(0.0104051940190787,-0.0570699814930558,0.00667295102163017));
#10587=CARTESIAN_POINT('',(0.0104051940190787,-0.0570699814930558,0.00648221088879879));
#10588=CARTESIAN_POINT('',(0.0104051940190787,-0.0570699814930558,0.00648221088879879));
#10589=CARTESIAN_POINT('',(0.0104051940190787,-0.0570699814930558,0.00667295102163017));
#10590=CARTESIAN_POINT('',(0.00988491224830389,-0.0570699814930558,0.0064651965107528));
#10591=CARTESIAN_POINT('',(0.00936463047752911,-0.0570699814930558,0.00644818213270681));
#10592=CARTESIAN_POINT('',(0.00936463047752911,-0.0570699814930558,0.00644818213270681));
#10593=CARTESIAN_POINT('',(0.00988491224830389,-0.0570699814930558,0.0064651965107528));
#10594=CARTESIAN_POINT('',(0.00639338277455024,-0.0570699814930558,0.00450137908681288));
#10595=CARTESIAN_POINT('',(0.00639338277455024,-0.0580699814930558,0.00450137908681288));
#10596=CARTESIAN_POINT('',(0.00639338277455024,-0.0570699814930558,0.0057395482119843));
#10597=CARTESIAN_POINT('',(0.00639338277455024,-0.0580699814930558,0.0057395482119843));
#10598=CARTESIAN_POINT('',(0.0073837986755432,-0.0570699814930558,0.00638848256061561));
#10599=CARTESIAN_POINT('',(0.0073837986755432,-0.0580699814930558,0.00638848256061561));
#10600=CARTESIAN_POINT('',(0.00936463047752911,-0.0570699814930558,0.00644818213270681));
#10601=CARTESIAN_POINT('',(0.00936463047752911,-0.0580699814930558,0.00644818213270681));
#10602=CARTESIAN_POINT('',(0.00639338277455024,-0.0570699814930558,0.00450137908681288));
#10603=CARTESIAN_POINT('',(0.00639338277455024,-0.0570699814930558,0.00450137908681288));
#10604=CARTESIAN_POINT('',(0.00639338277455024,-0.0570699814930558,0.00450137908681288));
#10605=CARTESIAN_POINT('',(0.00639338277455024,-0.0570699814930558,0.00635863277457001));
#10606=CARTESIAN_POINT('',(0.00936463047752911,-0.0570699814930558,0.00644818213270681));
#10607=CARTESIAN_POINT('',(0.00691097806458092,-0.0570699814930558,0.00316351167624915));
#10608=CARTESIAN_POINT('',(0.00691097806458092,-0.0580699814930558,0.00316351167624915));
#10609=CARTESIAN_POINT('',(0.0065659145378938,-0.0570699814930558,0.00347753142544885));
#10610=CARTESIAN_POINT('',(0.0065659145378938,-0.0580699814930558,0.00347753142544885));
#10611=CARTESIAN_POINT('',(0.00639338277455024,-0.0570699814930558,0.00392348722897009));
#10612=CARTESIAN_POINT('',(0.00639338277455024,-0.0580699814930558,0.00392348722897009));
#10613=CARTESIAN_POINT('',(0.00639338277455024,-0.0570699814930558,0.00450137908681288));
#10614=CARTESIAN_POINT('',(0.00639338277455024,-0.0580699814930558,0.00450137908681288));
#10615=CARTESIAN_POINT('',(0.00691097806458092,-0.0570699814930558,0.00316351167624915));
#10616=CARTESIAN_POINT('',(0.00691097806458092,-0.0570699814930558,0.00316351167624915));
#10617=CARTESIAN_POINT('',(0.00691097806458092,-0.0570699814930558,0.00316351167624915));
#10618=CARTESIAN_POINT('',(0.00639338277455024,-0.0570699814930558,0.0036345413000487));
#10619=CARTESIAN_POINT('',(0.00639338277455024,-0.0570699814930558,0.00450137908681288));
#10620=CARTESIAN_POINT('',(0.00834018582044416,-0.0570699814930558,0.00269248205244961));
#10621=CARTESIAN_POINT('',(0.00834018582044416,-0.0580699814930558,0.00269248205244961));
#10622=CARTESIAN_POINT('',(0.00773244417655578,-0.0570699814930558,0.00269248205244961));
#10623=CARTESIAN_POINT('',(0.00773244417655578,-0.0580699814930558,0.00269248205244961));
#10624=CARTESIAN_POINT('',(0.00725604159126803,-0.0570699814930558,0.00284949192704946));
#10625=CARTESIAN_POINT('',(0.00725604159126803,-0.0580699814930558,0.00284949192704946));
#10626=CARTESIAN_POINT('',(0.00691097806458092,-0.0570699814930558,0.00316351167624915));
#10627=CARTESIAN_POINT('',(0.00691097806458092,-0.0580699814930558,0.00316351167624915));
#10628=CARTESIAN_POINT('',(0.00834018582044416,-0.0570699814930558,0.00269248205244961));
#10629=CARTESIAN_POINT('',(0.00834018582044416,-0.0570699814930558,0.00269248205244961));
#10630=CARTESIAN_POINT('',(0.00834018582044416,-0.0570699814930558,0.00269248205244961));
#10631=CARTESIAN_POINT('',(0.00742857335461159,-0.0570699814930558,0.00269248205244961));
#10632=CARTESIAN_POINT('',(0.00691097806458092,-0.0570699814930558,0.00316351167624915));
#10633=CARTESIAN_POINT('',(0.00948014914952557,-0.0570699814930558,0.00289755008258288));
#10634=CARTESIAN_POINT('',(0.00948014914952557,-0.0580699814930558,0.00289755008258288));
#10635=CARTESIAN_POINT('',(0.00917627832758138,-0.0570699814930558,0.00276083806249403));
#10636=CARTESIAN_POINT('',(0.00917627832758138,-0.0580699814930558,0.00276083806249403));
#10637=CARTESIAN_POINT('',(0.00879629055122091,-0.0570699814930558,0.00269248205244961));
#10638=CARTESIAN_POINT('',(0.00879629055122091,-0.0580699814930558,0.00269248205244961));
#10639=CARTESIAN_POINT('',(0.00834018582044416,-0.0570699814930558,0.00269248205244961));
#10640=CARTESIAN_POINT('',(0.00834018582044416,-0.0580699814930558,0.00269248205244961));
#10641=CARTESIAN_POINT('',(0.00948014914952557,-0.0570699814930558,0.00289755008258288));
#10642=CARTESIAN_POINT('',(0.00948014914952557,-0.0570699814930558,0.00289755008258288));
#10643=CARTESIAN_POINT('',(0.00948014914952557,-0.0570699814930558,0.00289755008258288));
#10644=CARTESIAN_POINT('',(0.00902434291660929,-0.0570699814930558,0.00269248205244961));
#10645=CARTESIAN_POINT('',(0.00834018582044416,-0.0570699814930558,0.00269248205244961));
#10646=CARTESIAN_POINT('',(0.0103944480961023,-0.0570699814930558,0.00367931597911709));
#10647=CARTESIAN_POINT('',(0.0103944480961023,-0.0580699814930558,0.00367931597911709));
#10648=CARTESIAN_POINT('',(0.0100887862869953,-0.0570699814930558,0.00329485073484979));
#10649=CARTESIAN_POINT('',(0.0100887862869953,-0.0580699814930558,0.00329485073484979));
#10650=CARTESIAN_POINT('',(0.00978401997146976,-0.0570699814930558,0.00303426210267172));
#10651=CARTESIAN_POINT('',(0.00978401997146976,-0.0580699814930558,0.00303426210267172));
#10652=CARTESIAN_POINT('',(0.00948014914952557,-0.0570699814930558,0.00289755008258288));
#10653=CARTESIAN_POINT('',(0.00948014914952557,-0.0580699814930558,0.00289755008258288));
#10654=CARTESIAN_POINT('',(0.0103944480961023,-0.0570699814930558,0.00367931597911709));
#10655=CARTESIAN_POINT('',(0.0103944480961023,-0.0570699814930558,0.00367931597911709));
#10656=CARTESIAN_POINT('',(0.0103944480961023,-0.0570699814930558,0.00367931597911709));
#10657=CARTESIAN_POINT('',(0.00993595538244186,-0.0570699814930558,0.00310261811271614));
#10658=CARTESIAN_POINT('',(0.00948014914952557,-0.0570699814930558,0.00289755008258288));
#10659=CARTESIAN_POINT('',(0.0104168354356365,-0.0570699814930558,0.00367931597911709));
#10660=CARTESIAN_POINT('',(0.0104168354356365,-0.0570699814930558,0.00367931597911709));
#10661=CARTESIAN_POINT('',(0.00988849422262936,-0.0570699814930558,0.0039363226369697));
#10662=CARTESIAN_POINT('',(0.00988849422262936,-0.0580699814930558,0.0039363226369697));
#10663=CARTESIAN_POINT('',(0.0102186328562937,-0.0570699814930558,0.00425332736477395));
#10664=CARTESIAN_POINT('',(0.0102186328562937,-0.0580699814930558,0.00425332736477395));
#10665=CARTESIAN_POINT('',(0.0103837021731258,-0.0570699814930558,0.004697193683272));
#10666=CARTESIAN_POINT('',(0.0103837021731258,-0.0580699814930558,0.004697193683272));
#10667=CARTESIAN_POINT('',(0.0103837021731258,-0.0570699814930558,0.00526792159246385));
#10668=CARTESIAN_POINT('',(0.0103837021731258,-0.0580699814930558,0.00526792159246385));
#10669=CARTESIAN_POINT('',(0.00988849422262936,-0.0580699814930558,0.0039363226369697));
#10670=CARTESIAN_POINT('',(0.0103837021731258,-0.0580699814930558,0.00441182972867608));
#10671=CARTESIAN_POINT('',(0.0103837021731258,-0.0580699814930558,0.00526792159246385));
#10672=CARTESIAN_POINT('',(0.00988849422262936,-0.0570699814930558,0.0039363226369697));
#10673=CARTESIAN_POINT('',(0.0103837021731258,-0.0570699814930558,0.00441182972867608));
#10674=CARTESIAN_POINT('',(0.0103837021731258,-0.0570699814930558,0.00526792159246385));
#10675=CARTESIAN_POINT('',(-0.00602383625507355,-0.0570699814930558,0.007));
#10676=CARTESIAN_POINT('',(0.0262187151724554,-0.0570699814930558,0.00684040832134597));
#10677=CARTESIAN_POINT('',(0.0262187151724554,-0.0580699814930558,0.00684040832134597));
#10678=CARTESIAN_POINT('',(0.0257897737469801,-0.0580699814930558,0.00684040832134597));
#10679=CARTESIAN_POINT('',(0.0266476565979306,-0.0580699814930558,0.00684040832134597));
#10680=CARTESIAN_POINT('',(0.0257897737469801,-0.0570699814930558,0.00684040832134597));
#10681=CARTESIAN_POINT('',(0.0257897737469801,-0.0570699814930558,0.00684040832134597));
#10682=CARTESIAN_POINT('',(0.0262187151724554,-0.0570699814930558,0.00684040832134597));
#10683=CARTESIAN_POINT('',(0.0266476565979306,-0.0570699814930558,0.00684040832134597));
#10684=CARTESIAN_POINT('',(0.0266476565979306,-0.0570699814930558,0.00684040832134597));
#10685=CARTESIAN_POINT('',(0.0257897737469801,-0.0570699814930558,0.00850244440836489));
#10686=CARTESIAN_POINT('',(0.0257897737469801,-0.0580699814930558,0.00850244440836489));
#10687=CARTESIAN_POINT('',(0.0257897737469801,-0.0580699814930558,0.0101644804953838));
#10688=CARTESIAN_POINT('',(0.0257897737469801,-0.0570699814930558,0.0101644804953838));
#10689=CARTESIAN_POINT('',(0.0257897737469801,-0.0570699814930558,0.0101644804953838));
#10690=CARTESIAN_POINT('',(0.0257897737469801,-0.0570699814930558,0.00850244440836489));
#10691=CARTESIAN_POINT('',(0.0263216969343127,-0.0570699814930558,0.0101644804953838));
#10692=CARTESIAN_POINT('',(0.0263216969343127,-0.0580699814930558,0.0101644804953838));
#10693=CARTESIAN_POINT('',(0.0268536201216453,-0.0580699814930558,0.0101644804953838));
#10694=CARTESIAN_POINT('',(0.0268536201216453,-0.0570699814930558,0.0101644804953838));
#10695=CARTESIAN_POINT('',(0.0268536201216453,-0.0570699814930558,0.0101644804953838));
#10696=CARTESIAN_POINT('',(0.0263216969343127,-0.0570699814930558,0.0101644804953838));
#10697=CARTESIAN_POINT('',(0.028510283247176,-0.0570699814930558,0.00976777683883781));
#10698=CARTESIAN_POINT('',(0.028510283247176,-0.0580699814930558,0.00976777683883781));
#10699=CARTESIAN_POINT('',(0.0281556677889543,-0.0570699814930558,0.0100322459432018));
#10700=CARTESIAN_POINT('',(0.0281556677889543,-0.0580699814930558,0.0100322459432018));
#10701=CARTESIAN_POINT('',(0.0276034467471107,-0.0570699814930558,0.0101644804953838));
#10702=CARTESIAN_POINT('',(0.0276034467471107,-0.0580699814930558,0.0101644804953838));
#10703=CARTESIAN_POINT('',(0.0268536201216453,-0.0570699814930558,0.0101644804953838));
#10704=CARTESIAN_POINT('',(0.0268536201216453,-0.0580699814930558,0.0101644804953838));
#10705=CARTESIAN_POINT('',(0.028510283247176,-0.0580699814930558,0.00976777683883781));
#10706=CARTESIAN_POINT('',(0.0279783600598434,-0.0580699814930558,0.0101644804953838));
#10707=CARTESIAN_POINT('',(0.0268536201216453,-0.0580699814930558,0.0101644804953838));
#10708=CARTESIAN_POINT('',(0.028510283247176,-0.0580699814930558,0.00976777683883781));
#10709=CARTESIAN_POINT('',(0.028510283247176,-0.0570699814930558,0.00976777683883781));
#10710=CARTESIAN_POINT('',(0.028510283247176,-0.0570699814930558,0.00976777683883781));
#10711=CARTESIAN_POINT('',(0.028510283247176,-0.0570699814930558,0.00976777683883781));
#10712=CARTESIAN_POINT('',(0.0279783600598434,-0.0570699814930558,0.0101644804953838));
#10713=CARTESIAN_POINT('',(0.0268536201216453,-0.0570699814930558,0.0101644804953838));
#10714=CARTESIAN_POINT('',(0.0290422064345085,-0.0570699814930558,0.00855975599757244));
#10715=CARTESIAN_POINT('',(0.0290422064345085,-0.0580699814930558,0.00855975599757244));
#10716=CARTESIAN_POINT('',(0.0290422064345085,-0.0570699814930558,0.00910063412071869));
#10717=CARTESIAN_POINT('',(0.0290422064345085,-0.0580699814930558,0.00910063412071869));
#10718=CARTESIAN_POINT('',(0.0288648987053977,-0.0570699814930558,0.00950330773447381));
#10719=CARTESIAN_POINT('',(0.0288648987053977,-0.0580699814930558,0.00950330773447381));
#10720=CARTESIAN_POINT('',(0.028510283247176,-0.0570699814930558,0.00976777683883781));
#10721=CARTESIAN_POINT('',(0.028510283247176,-0.0580699814930558,0.00976777683883781));
#10722=CARTESIAN_POINT('',(0.0290422064345085,-0.0580699814930558,0.00855975599757244));
#10723=CARTESIAN_POINT('',(0.0290422064345085,-0.0580699814930558,0.00937107318229181));
#10724=CARTESIAN_POINT('',(0.028510283247176,-0.0580699814930558,0.00976777683883781));
#10725=CARTESIAN_POINT('',(0.0290422064345085,-0.0580699814930558,0.00855975599757244));
#10726=CARTESIAN_POINT('',(0.0290422064345085,-0.0570699814930558,0.00855975599757244));
#10727=CARTESIAN_POINT('',(0.0290422064345085,-0.0570699814930558,0.00855975599757244));
#10728=CARTESIAN_POINT('',(0.0290422064345085,-0.0570699814930558,0.00855975599757244));
#10729=CARTESIAN_POINT('',(0.0290422064345085,-0.0570699814930558,0.00937107318229181));
#10730=CARTESIAN_POINT('',(0.028510283247176,-0.0570699814930558,0.00976777683883781));
#10731=CARTESIAN_POINT('',(0.0284771499846653,-0.0570699814930558,0.00724875339444976));
#10732=CARTESIAN_POINT('',(0.0284771499846653,-0.0580699814930558,0.00724875339444976));
#10733=CARTESIAN_POINT('',(0.0288538542845608,-0.0570699814930558,0.00752098344318562));
#10734=CARTESIAN_POINT('',(0.0288538542845608,-0.0580699814930558,0.00752098344318562));
#10735=CARTESIAN_POINT('',(0.0290422064345085,-0.0570699814930558,0.00795798431089318));
#10736=CARTESIAN_POINT('',(0.0290422064345085,-0.0580699814930558,0.00795798431089318));
#10737=CARTESIAN_POINT('',(0.0290422064345085,-0.0570699814930558,0.00855975599757244));
#10738=CARTESIAN_POINT('',(0.0290422064345085,-0.0580699814930558,0.00855975599757244));
#10739=CARTESIAN_POINT('',(0.0284771499846653,-0.0580699814930558,0.00724875339444976));
#10740=CARTESIAN_POINT('',(0.0290422064345085,-0.0580699814930558,0.00765709846755355));
#10741=CARTESIAN_POINT('',(0.0290422064345085,-0.0580699814930558,0.00855975599757244));
#10742=CARTESIAN_POINT('',(0.0284771499846653,-0.0580699814930558,0.00724875339444976));
#10743=CARTESIAN_POINT('',(0.0284771499846653,-0.0570699814930558,0.00724875339444976));
#10744=CARTESIAN_POINT('',(0.0284771499846653,-0.0570699814930558,0.00724875339444976));
#10745=CARTESIAN_POINT('',(0.0284771499846653,-0.0570699814930558,0.00724875339444976));
#10746=CARTESIAN_POINT('',(0.0290422064345085,-0.0570699814930558,0.00765709846755355));
#10747=CARTESIAN_POINT('',(0.0290422064345085,-0.0570699814930558,0.00855975599757244));
#10748=CARTESIAN_POINT('',(0.0300272493740132,-0.0570699814930558,0.00860453067664084));
#10749=CARTESIAN_POINT('',(0.0300272493740132,-0.0580699814930558,0.00860453067664084));
#10750=CARTESIAN_POINT('',(0.0300272493740133,-0.0570699814930558,0.00777590061601503));
#10751=CARTESIAN_POINT('',(0.0300272493740133,-0.0580699814930558,0.00777590061601503));
#10752=CARTESIAN_POINT('',(0.0297445719001614,-0.0570699814930558,0.0071386076839415));
#10753=CARTESIAN_POINT('',(0.0297445719001614,-0.0580699814930558,0.0071386076839415));
#10754=CARTESIAN_POINT('',(0.0291792169524578,-0.0570699814930558,0.00669265188042026));
#10755=CARTESIAN_POINT('',(0.0291792169524578,-0.0580699814930558,0.00669265188042026));
#10756=CARTESIAN_POINT('',(0.0300272493740132,-0.0570699814930558,0.00860453067664084));
#10757=CARTESIAN_POINT('',(0.0300272493740132,-0.0570699814930558,0.00860453067664084));
#10758=CARTESIAN_POINT('',(0.0300272493740132,-0.0570699814930558,0.00860453067664084));
#10759=CARTESIAN_POINT('',(0.0300272493740132,-0.0570699814930558,0.00736158558570212));
#10760=CARTESIAN_POINT('',(0.0291792169524578,-0.0570699814930558,0.00669265188042026));
#10761=CARTESIAN_POINT('',(0.0291792169524578,-0.0570699814930558,0.00669265188042026));
#10762=CARTESIAN_POINT('',(0.0291792169524578,-0.0570699814930558,0.00669265188042026));
#10763=CARTESIAN_POINT('',(0.0269610793514094,-0.0570699814930558,0.0109883345902423));
#10764=CARTESIAN_POINT('',(0.0269610793514094,-0.0580699814930558,0.0109883345902423));
#10765=CARTESIAN_POINT('',(0.029005192699812,-0.0570699814930558,0.0109883345902423));
#10766=CARTESIAN_POINT('',(0.029005192699812,-0.0580699814930558,0.0109883345902423));
#10767=CARTESIAN_POINT('',(0.0300272493740133,-0.0570699814930558,0.0101937332857085));
#10768=CARTESIAN_POINT('',(0.0300272493740133,-0.0580699814930558,0.0101937332857085));
#10769=CARTESIAN_POINT('',(0.0300272493740132,-0.0570699814930558,0.00860453067664084));
#10770=CARTESIAN_POINT('',(0.0300272493740132,-0.0580699814930558,0.00860453067664084));
#10771=CARTESIAN_POINT('',(0.0269610793514094,-0.0570699814930558,0.0109883345902423));
#10772=CARTESIAN_POINT('',(0.0269610793514094,-0.0570699814930558,0.0109883345902423));
#10773=CARTESIAN_POINT('',(0.0269610793514094,-0.0570699814930558,0.0109883345902423));
#10774=CARTESIAN_POINT('',(0.0300272493740132,-0.0570699814930558,0.0109883345902423));
#10775=CARTESIAN_POINT('',(0.0300272493740132,-0.0570699814930558,0.00860453067664084));
#10776=CARTESIAN_POINT('',(0.0258999194574883,-0.0570699814930558,0.0109883345902423));
#10777=CARTESIAN_POINT('',(0.0248387595635674,-0.0570699814930558,0.0109883345902423));
#10778=CARTESIAN_POINT('',(0.0248387595635674,-0.0570699814930558,0.0109883345902423));
#10779=CARTESIAN_POINT('',(0.0258999194574883,-0.0570699814930558,0.0109883345902423));
#10780=CARTESIAN_POINT('',(0.0248387595635674,-0.0570699814930558,0.00689682441697215));
#10781=CARTESIAN_POINT('',(0.0248387595635674,-0.0570699814930558,0.00280531424370197));
#10782=CARTESIAN_POINT('',(0.0248387595635674,-0.0570699814930558,0.00280531424370197));
#10783=CARTESIAN_POINT('',(0.0248387595635674,-0.0570699814930558,0.00689682441697215));
#10784=CARTESIAN_POINT('',(0.0253142666552738,-0.0570699814930558,0.00280531424370197));
#10785=CARTESIAN_POINT('',(0.0257897737469801,-0.0570699814930558,0.00280531424370197));
#10786=CARTESIAN_POINT('',(0.0257897737469801,-0.0570699814930558,0.00280531424370197));
#10787=CARTESIAN_POINT('',(0.0253142666552738,-0.0570699814930558,0.00280531424370197));
#10788=CARTESIAN_POINT('',(0.0257897737469801,-0.0570699814930558,0.00441451620942019));
#10789=CARTESIAN_POINT('',(0.0257897737469801,-0.0570699814930558,0.0060237181751384));
#10790=CARTESIAN_POINT('',(0.0257897737469801,-0.0570699814930558,0.0060237181751384));
#10791=CARTESIAN_POINT('',(0.0257897737469801,-0.0570699814930558,0.00441451620942019));
#10792=CARTESIAN_POINT('',(0.0262715492937561,-0.0570699814930558,0.0060237181751384));
#10793=CARTESIAN_POINT('',(0.026753324840532,-0.0570699814930558,0.0060237181751384));
#10794=CARTESIAN_POINT('',(0.026753324840532,-0.0570699814930558,0.0060237181751384));
#10795=CARTESIAN_POINT('',(0.0262715492937561,-0.0570699814930558,0.0060237181751384));
#10796=CARTESIAN_POINT('',(0.0291792169524578,-0.0570699814930558,0.00669265188042026));
#10797=CARTESIAN_POINT('',(0.0291792169524578,-0.0580699814930558,0.00669265188042026));
#10798=CARTESIAN_POINT('',(0.0286138620047542,-0.0570699814930558,0.00624669607689902));
#10799=CARTESIAN_POINT('',(0.0286138620047542,-0.0580699814930558,0.00624669607689902));
#10800=CARTESIAN_POINT('',(0.0278052313007789,-0.0570699814930558,0.0060237181751384));
#10801=CARTESIAN_POINT('',(0.0278052313007789,-0.0580699814930558,0.0060237181751384));
#10802=CARTESIAN_POINT('',(0.026753324840532,-0.0570699814930558,0.0060237181751384));
#10803=CARTESIAN_POINT('',(0.026753324840532,-0.0580699814930558,0.0060237181751384));
#10804=CARTESIAN_POINT('',(0.0291792169524578,-0.0570699814930558,0.00669265188042026));
#10805=CARTESIAN_POINT('',(0.0283311845309023,-0.0570699814930558,0.0060237181751384));
#10806=CARTESIAN_POINT('',(0.026753324840532,-0.0570699814930558,0.0060237181751384));
#10807=CARTESIAN_POINT('',(0.0266476565979306,-0.0570699814930558,0.00684040832134597));
#10808=CARTESIAN_POINT('',(0.0266476565979306,-0.0580699814930558,0.00684040832134597));
#10809=CARTESIAN_POINT('',(0.0274906145558583,-0.0570699814930558,0.00684040832134597));
#10810=CARTESIAN_POINT('',(0.0274906145558583,-0.0580699814930558,0.00684040832134597));
#10811=CARTESIAN_POINT('',(0.0281004456847699,-0.0570699814930558,0.0069765233457139));
#10812=CARTESIAN_POINT('',(0.0281004456847699,-0.0580699814930558,0.0069765233457139));
#10813=CARTESIAN_POINT('',(0.0284771499846653,-0.0570699814930558,0.00724875339444976));
#10814=CARTESIAN_POINT('',(0.0284771499846653,-0.0580699814930558,0.00724875339444976));
#10815=CARTESIAN_POINT('',(0.0266476565979306,-0.0580699814930558,0.00684040832134597));
#10816=CARTESIAN_POINT('',(0.0279120935348221,-0.0580699814930558,0.00684040832134597));
#10817=CARTESIAN_POINT('',(0.0284771499846653,-0.0580699814930558,0.00724875339444976));
#10818=CARTESIAN_POINT('',(0.0266476565979306,-0.0570699814930558,0.00684040832134597));
#10819=CARTESIAN_POINT('',(0.0279120935348221,-0.0570699814930558,0.00684040832134597));
#10820=CARTESIAN_POINT('',(0.0284771499846653,-0.0570699814930558,0.00724875339444976));
#10821=CARTESIAN_POINT('',(-0.00602383625507355,-0.0570699814930558,0.007));
#10822=CARTESIAN_POINT('',(0.0332725181128908,-0.0570699814930558,0.00346081554526331));
#10823=CARTESIAN_POINT('',(0.0332725181128908,-0.0580699814930558,0.00346081554526331));
#10824=CARTESIAN_POINT('',(0.0338516039621754,-0.0570699814930558,0.00346081554526331));
#10825=CARTESIAN_POINT('',(0.0338516039621754,-0.0580699814930558,0.00346081554526331));
#10826=CARTESIAN_POINT('',(0.0343062162036498,-0.0570699814930558,0.00361931790916544));
#10827=CARTESIAN_POINT('',(0.0343062162036498,-0.0580699814930558,0.00361931790916544));
#10828=CARTESIAN_POINT('',(0.0346363548373141,-0.0570699814930558,0.0039363226369697));
#10829=CARTESIAN_POINT('',(0.0346363548373141,-0.0580699814930558,0.0039363226369697));
#10830=CARTESIAN_POINT('',(0.0332725181128908,-0.0580699814930558,0.00346081554526331));
#10831=CARTESIAN_POINT('',(0.0341411468868177,-0.0580699814930558,0.00346081554526331));
#10832=CARTESIAN_POINT('',(0.0346363548373141,-0.0580699814930558,0.0039363226369697));
#10833=CARTESIAN_POINT('',(0.0332725181128908,-0.0580699814930558,0.00346081554526331));
#10834=CARTESIAN_POINT('',(0.0346363548373141,-0.0580699814930558,0.0039363226369697));
#10835=CARTESIAN_POINT('',(0.0332725181128908,-0.0570699814930558,0.00346081554526331));
#10836=CARTESIAN_POINT('',(0.0332725181128908,-0.0570699814930558,0.00346081554526331));
#10837=CARTESIAN_POINT('',(0.0332725181128908,-0.0570699814930558,0.00346081554526331));
#10838=CARTESIAN_POINT('',(0.0341411468868177,-0.0570699814930558,0.00346081554526331));
#10839=CARTESIAN_POINT('',(0.0346363548373141,-0.0570699814930558,0.0039363226369697));
#10840=CARTESIAN_POINT('',(0.0346363548373141,-0.0570699814930558,0.0039363226369697));
#10841=CARTESIAN_POINT('',(0.0346363548373141,-0.0570699814930558,0.0039363226369697));
#10842=CARTESIAN_POINT('',(0.0324200082234284,-0.0570699814930558,0.00372319516460412));
#10843=CARTESIAN_POINT('',(0.0324200082234284,-0.0580699814930558,0.00372319516460412));
#10844=CARTESIAN_POINT('',(0.0326229867685385,-0.0570699814930558,0.00354827541837692));
#10845=CARTESIAN_POINT('',(0.0326229867685385,-0.0580699814930558,0.00354827541837692));
#10846=CARTESIAN_POINT('',(0.0329071567316926,-0.0570699814930558,0.00346081554526331));
#10847=CARTESIAN_POINT('',(0.0329071567316926,-0.0580699814930558,0.00346081554526331));
#10848=CARTESIAN_POINT('',(0.0332725181128908,-0.0570699814930558,0.00346081554526331));
#10849=CARTESIAN_POINT('',(0.0332725181128908,-0.0580699814930558,0.00346081554526331));
#10850=CARTESIAN_POINT('',(0.0324200082234284,-0.0580699814930558,0.00372319516460412));
#10851=CARTESIAN_POINT('',(0.0327244760410936,-0.0580699814930558,0.00346081554526331));
#10852=CARTESIAN_POINT('',(0.0332725181128908,-0.0580699814930558,0.00346081554526331));
#10853=CARTESIAN_POINT('',(0.0324200082234284,-0.0580699814930558,0.00372319516460412));
#10854=CARTESIAN_POINT('',(0.0324200082234284,-0.0570699814930558,0.00372319516460412));
#10855=CARTESIAN_POINT('',(0.0324200082234284,-0.0570699814930558,0.00372319516460412));
#10856=CARTESIAN_POINT('',(0.0324200082234284,-0.0570699814930558,0.00372319516460412));
#10857=CARTESIAN_POINT('',(0.0327244760410936,-0.0570699814930558,0.00346081554526331));
#10858=CARTESIAN_POINT('',(0.0332725181128908,-0.0570699814930558,0.00346081554526331));
#10859=CARTESIAN_POINT('',(0.0321155404057634,-0.0570699814930558,0.00449063316383646));
#10860=CARTESIAN_POINT('',(0.0321155404057634,-0.0580699814930558,0.00449063316383646));
#10861=CARTESIAN_POINT('',(0.0321155404057634,-0.0570699814930558,0.00415392757724211));
#10862=CARTESIAN_POINT('',(0.0321155404057634,-0.0580699814930558,0.00415392757724211));
#10863=CARTESIAN_POINT('',(0.0322170296783184,-0.0570699814930558,0.00389811491083133));
#10864=CARTESIAN_POINT('',(0.0322170296783184,-0.0580699814930558,0.00389811491083133));
#10865=CARTESIAN_POINT('',(0.0324200082234284,-0.0570699814930558,0.00372319516460412));
#10866=CARTESIAN_POINT('',(0.0324200082234284,-0.0580699814930558,0.00372319516460412));
#10867=CARTESIAN_POINT('',(0.0321155404057634,-0.0580699814930558,0.00449063316383646));
#10868=CARTESIAN_POINT('',(0.0321155404057634,-0.0580699814930558,0.00398557478394493));
#10869=CARTESIAN_POINT('',(0.0324200082234284,-0.0580699814930558,0.00372319516460412));
#10870=CARTESIAN_POINT('',(0.0321155404057634,-0.0580699814930558,0.00449063316383646));
#10871=CARTESIAN_POINT('',(0.0321155404057634,-0.0570699814930558,0.00449063316383646));
#10872=CARTESIAN_POINT('',(0.0321155404057634,-0.0570699814930558,0.00449063316383646));
#10873=CARTESIAN_POINT('',(0.0321155404057634,-0.0570699814930558,0.00449063316383646));
#10874=CARTESIAN_POINT('',(0.0321155404057634,-0.0570699814930558,0.00398557478394493));
#10875=CARTESIAN_POINT('',(0.0324200082234284,-0.0570699814930558,0.00372319516460412));
#10876=CARTESIAN_POINT('',(0.0326044799011902,-0.0570699814930558,0.00543896086650512));
#10877=CARTESIAN_POINT('',(0.0326044799011902,-0.0580699814930558,0.00543896086650512));
#10878=CARTESIAN_POINT('',(0.0322785202375723,-0.0570699814930558,0.00523538532567414));
#10879=CARTESIAN_POINT('',(0.0322785202375723,-0.0580699814930558,0.00523538532567414));
#10880=CARTESIAN_POINT('',(0.0321155404057634,-0.0570699814930558,0.00491927609145125));
#10881=CARTESIAN_POINT('',(0.0321155404057634,-0.0580699814930558,0.00491927609145125));
#10882=CARTESIAN_POINT('',(0.0321155404057634,-0.0570699814930558,0.00449063316383646));
#10883=CARTESIAN_POINT('',(0.0321155404057634,-0.0580699814930558,0.00449063316383646));
#10884=CARTESIAN_POINT('',(0.0326044799011902,-0.0580699814930558,0.00543896086650512));
#10885=CARTESIAN_POINT('',(0.0321155404057634,-0.0580699814930558,0.00513359755525865));
#10886=CARTESIAN_POINT('',(0.0321155404057634,-0.0580699814930558,0.00449063316383646));
#10887=CARTESIAN_POINT('',(0.0326044799011902,-0.0580699814930558,0.00543896086650512));
#10888=CARTESIAN_POINT('',(0.0326044799011902,-0.0570699814930558,0.00543896086650512));
#10889=CARTESIAN_POINT('',(0.0326044799011902,-0.0570699814930558,0.00543896086650512));
#10890=CARTESIAN_POINT('',(0.0326044799011902,-0.0570699814930558,0.00543896086650512));
#10891=CARTESIAN_POINT('',(0.0321155404057634,-0.0570699814930558,0.00513359755525865));
#10892=CARTESIAN_POINT('',(0.0321155404057634,-0.0570699814930558,0.00449063316383646));
#10893=CARTESIAN_POINT('',(0.0342020404503506,-0.0570699814930558,0.00578372589533179));
#10894=CARTESIAN_POINT('',(0.0342020404503506,-0.0580699814930558,0.00578372589533179));
#10895=CARTESIAN_POINT('',(0.0334629597478617,-0.0570699814930558,0.00575745808361166));
#10896=CARTESIAN_POINT('',(0.0334629597478617,-0.0580699814930558,0.00575745808361166));
#10897=CARTESIAN_POINT('',(0.0329304395648082,-0.0570699814930558,0.00564253640733611));
#10898=CARTESIAN_POINT('',(0.0329304395648082,-0.0580699814930558,0.00564253640733611));
#10899=CARTESIAN_POINT('',(0.0326044799011902,-0.0570699814930558,0.00543896086650512));
#10900=CARTESIAN_POINT('',(0.0326044799011902,-0.0580699814930558,0.00543896086650512));
#10901=CARTESIAN_POINT('',(0.0342020404503506,-0.0580699814930558,0.00578372589533179));
#10902=CARTESIAN_POINT('',(0.0330934193966172,-0.0580699814930558,0.0057443241777516));
#10903=CARTESIAN_POINT('',(0.0326044799011902,-0.0580699814930558,0.00543896086650512));
#10904=CARTESIAN_POINT('',(0.0342020404503506,-0.0580699814930558,0.00578372589533179));
#10905=CARTESIAN_POINT('',(0.0342020404503506,-0.0570699814930558,0.00578372589533179));
#10906=CARTESIAN_POINT('',(0.0342020404503506,-0.0570699814930558,0.00578372589533179));
#10907=CARTESIAN_POINT('',(0.0342020404503506,-0.0570699814930558,0.00578372589533179));
#10908=CARTESIAN_POINT('',(0.0330934193966172,-0.0570699814930558,0.0057443241777516));
#10909=CARTESIAN_POINT('',(0.0326044799011902,-0.0570699814930558,0.00543896086650512));
#10910=CARTESIAN_POINT('',(0.0346668016190806,-0.0570699814930558,0.00580253126054051));
#10911=CARTESIAN_POINT('',(0.0346668016190806,-0.0580699814930558,0.00580253126054051));
#10912=CARTESIAN_POINT('',(0.0351315627878106,-0.0580699814930558,0.00582133662574924));
#10913=CARTESIAN_POINT('',(0.0351315627878106,-0.0570699814930558,0.00582133662574924));
#10914=CARTESIAN_POINT('',(0.0351315627878106,-0.0570699814930558,0.00582133662574924));
#10915=CARTESIAN_POINT('',(0.0346668016190806,-0.0570699814930558,0.00580253126054051));
#10916=CARTESIAN_POINT('',(0.0351315627878106,-0.0570699814930558,0.00554462910910654));
#10917=CARTESIAN_POINT('',(0.0351315627878106,-0.0580699814930558,0.00554462910910654));
#10918=CARTESIAN_POINT('',(0.0351315627878106,-0.0580699814930558,0.00526792159246385));
#10919=CARTESIAN_POINT('',(0.0351315627878106,-0.0570699814930558,0.00526792159246385));
#10920=CARTESIAN_POINT('',(0.0351315627878106,-0.0570699814930558,0.00526792159246385));
#10921=CARTESIAN_POINT('',(0.0351315627878106,-0.0570699814930558,0.00554462910910654));
#10922=CARTESIAN_POINT('',(0.0352793192287363,-0.0570699814930558,0.00324231511140953));
#10923=CARTESIAN_POINT('',(0.0353715550676172,-0.0570699814930558,0.00280531424370197));
#10924=CARTESIAN_POINT('',(0.0353715550676172,-0.0570699814930558,0.00280531424370197));
#10925=CARTESIAN_POINT('',(0.0352793192287363,-0.0570699814930558,0.00324231511140953));
#10926=CARTESIAN_POINT('',(0.0351870833898554,-0.0570699814930558,0.00367931597911709));
#10927=CARTESIAN_POINT('',(0.0351870833898554,-0.0570699814930558,0.00367931597911709));
#10928=CARTESIAN_POINT('',(0.0357163200964439,-0.0570699814930558,0.00280531424370197));
#10929=CARTESIAN_POINT('',(0.0360610851252706,-0.0570699814930558,0.00280531424370197));
#10930=CARTESIAN_POINT('',(0.0360610851252706,-0.0570699814930558,0.00280531424370197));
#10931=CARTESIAN_POINT('',(0.0357163200964439,-0.0570699814930558,0.00280531424370197));
#10932=CARTESIAN_POINT('',(0.0360610851252706,-0.0570699814930558,0.00489897823694025));
#10933=CARTESIAN_POINT('',(0.0360610851252706,-0.0570699814930558,0.00699264223017852));
#10934=CARTESIAN_POINT('',(0.0360610851252706,-0.0570699814930558,0.00699264223017852));
#10935=CARTESIAN_POINT('',(0.0360610851252706,-0.0570699814930558,0.00489897823694025));
#10936=CARTESIAN_POINT('',(0.0355318484186821,-0.0570699814930558,0.00855348754250287));
#10937=CARTESIAN_POINT('',(0.0355318484186821,-0.0580699814930558,0.00855348754250287));
#10938=CARTESIAN_POINT('',(0.0358846728897411,-0.0570699814930558,0.00822931886604767));
#10939=CARTESIAN_POINT('',(0.0358846728897411,-0.0580699814930558,0.00822931886604767));
#10940=CARTESIAN_POINT('',(0.0360610851252706,-0.0570699814930558,0.00770903709527289));
#10941=CARTESIAN_POINT('',(0.0360610851252706,-0.0580699814930558,0.00770903709527289));
#10942=CARTESIAN_POINT('',(0.0360610851252706,-0.0570699814930558,0.00699264223017852));
#10943=CARTESIAN_POINT('',(0.0360610851252706,-0.0580699814930558,0.00699264223017852));
#10944=CARTESIAN_POINT('',(0.0355318484186821,-0.0570699814930558,0.00855348754250287));
#10945=CARTESIAN_POINT('',(0.0355318484186821,-0.0570699814930558,0.00855348754250287));
#10946=CARTESIAN_POINT('',(0.0355318484186821,-0.0570699814930558,0.00855348754250287));
#10947=CARTESIAN_POINT('',(0.0360610851252706,-0.0570699814930558,0.00806723452782007));
#10948=CARTESIAN_POINT('',(0.0360610851252706,-0.0570699814930558,0.00699264223017852));
#10949=CARTESIAN_POINT('',(0.0339065275684992,-0.0570699814930558,0.00903974055718567));
#10950=CARTESIAN_POINT('',(0.0339065275684992,-0.0580699814930558,0.00903974055718567));
#10951=CARTESIAN_POINT('',(0.0346372503308955,-0.0570699814930558,0.00903974055718567));
#10952=CARTESIAN_POINT('',(0.0346372503308955,-0.0580699814930558,0.00903974055718567));
#10953=CARTESIAN_POINT('',(0.0351790239476231,-0.0570699814930558,0.00887765621895807));
#10954=CARTESIAN_POINT('',(0.0351790239476231,-0.0580699814930558,0.00887765621895807));
#10955=CARTESIAN_POINT('',(0.0355318484186821,-0.0570699814930558,0.00855348754250287));
#10956=CARTESIAN_POINT('',(0.0355318484186821,-0.0580699814930558,0.00855348754250287));
#10957=CARTESIAN_POINT('',(0.0339065275684992,-0.0570699814930558,0.00903974055718567));
#10958=CARTESIAN_POINT('',(0.0339065275684992,-0.0570699814930558,0.00903974055718567));
#10959=CARTESIAN_POINT('',(0.0339065275684992,-0.0570699814930558,0.00903974055718567));
#10960=CARTESIAN_POINT('',(0.0350026117120936,-0.0570699814930558,0.00903974055718567));
#10961=CARTESIAN_POINT('',(0.0355318484186821,-0.0570699814930558,0.00855348754250287));
#10962=CARTESIAN_POINT('',(0.033912045229747,-0.0570699814930558,0.0047267876642845));
#10963=CARTESIAN_POINT('',(0.0328220848414627,-0.0570699814930558,0.00890004355849226));
#10964=CARTESIAN_POINT('',(0.0328221410547798,-0.0570699814930558,0.00889982392010757));
#10965=CARTESIAN_POINT('',(0.033912045229747,-0.0570699814930558,0.0047267876642845));
#10966=CARTESIAN_POINT('',(0.0338947970530285,-0.0570699814930558,0.0046502381778902));
#10967=CARTESIAN_POINT('',(0.0318288214610671,-0.0570699814930558,0.00851538079642529));
#10968=CARTESIAN_POINT('',(0.0318288214610671,-0.0570699814930558,0.00851538079642529));
#10969=CARTESIAN_POINT('',(0.0338947970530285,-0.0570699814930558,0.0046502381778902));
#10970=CARTESIAN_POINT('',(0.0319722614327445,-0.0570699814930558,0.00815947036670097));
#10971=CARTESIAN_POINT('',(0.0321155404057634,-0.0570699814930558,0.00780395941489789));
#10972=CARTESIAN_POINT('',(0.0321155404057634,-0.0570699814930558,0.00780395941489789));
#10973=CARTESIAN_POINT('',(0.0319722614327445,-0.0570699814930558,0.00815947036670097));
#10974=CARTESIAN_POINT('',(0.0338492159792917,-0.0570699814930558,0.0082731980515347));
#10975=CARTESIAN_POINT('',(0.0338492159792917,-0.0580699814930558,0.0082731980515347));
#10976=CARTESIAN_POINT('',(0.0333381876421911,-0.0570699814930558,0.0082731980515347));
#10977=CARTESIAN_POINT('',(0.0333381876421911,-0.0580699814930558,0.0082731980515347));
#10978=CARTESIAN_POINT('',(0.0327602957843483,-0.0570699814930558,0.00811678517265576));
#10979=CARTESIAN_POINT('',(0.0327602957843483,-0.0580699814930558,0.00811678517265576));
#10980=CARTESIAN_POINT('',(0.0321155404057634,-0.0570699814930558,0.00780395941489789));
#10981=CARTESIAN_POINT('',(0.0321155404057634,-0.0580699814930558,0.00780395941489789));
#10982=CARTESIAN_POINT('',(0.0338492159792917,-0.0570699814930558,0.0082731980515347));
#10983=CARTESIAN_POINT('',(0.0338492159792917,-0.0570699814930558,0.0082731980515347));
#10984=CARTESIAN_POINT('',(0.0338492159792917,-0.0570699814930558,0.0082731980515347));
#10985=CARTESIAN_POINT('',(0.0330826734736408,-0.0570699814930558,0.0082731980515347));
#10986=CARTESIAN_POINT('',(0.0321155404057634,-0.0570699814930558,0.00780395941489789));
#10987=CARTESIAN_POINT('',(0.0348432138546102,-0.0570699814930558,0.0079293285162894));
#10988=CARTESIAN_POINT('',(0.0348432138546102,-0.0580699814930558,0.0079293285162894));
#10989=CARTESIAN_POINT('',(0.0346366533351746,-0.0570699814930558,0.0081585748731196));
#10990=CARTESIAN_POINT('',(0.0346366533351746,-0.0580699814930558,0.0081585748731196));
#10991=CARTESIAN_POINT('',(0.0343053207100684,-0.0570699814930558,0.0082731980515347));
#10992=CARTESIAN_POINT('',(0.0343053207100684,-0.0580699814930558,0.0082731980515347));
#10993=CARTESIAN_POINT('',(0.0338492159792917,-0.0570699814930558,0.0082731980515347));
#10994=CARTESIAN_POINT('',(0.0338492159792917,-0.0580699814930558,0.0082731980515347));
#10995=CARTESIAN_POINT('',(0.0348432138546102,-0.0570699814930558,0.0079293285162894));
#10996=CARTESIAN_POINT('',(0.0348432138546102,-0.0570699814930558,0.0079293285162894));
#10997=CARTESIAN_POINT('',(0.0348432138546102,-0.0570699814930558,0.0079293285162894));
#10998=CARTESIAN_POINT('',(0.0345333730754568,-0.0570699814930558,0.0082731980515347));
#10999=CARTESIAN_POINT('',(0.0338492159792917,-0.0570699814930558,0.0082731980515347));
#11000=CARTESIAN_POINT('',(0.0351530546337634,-0.0570699814930558,0.00686369115446154));
#11001=CARTESIAN_POINT('',(0.0351530546337634,-0.0580699814930558,0.00686369115446154));
#11002=CARTESIAN_POINT('',(0.0351530546337634,-0.0570699814930558,0.00734486970551659));
#11003=CARTESIAN_POINT('',(0.0351530546337634,-0.0580699814930558,0.00734486970551659));
#11004=CARTESIAN_POINT('',(0.0350497743740457,-0.0570699814930558,0.00770008215945921));
#11005=CARTESIAN_POINT('',(0.0350497743740457,-0.0580699814930558,0.00770008215945921));
#11006=CARTESIAN_POINT('',(0.0348432138546102,-0.0570699814930558,0.0079293285162894));
#11007=CARTESIAN_POINT('',(0.0348432138546102,-0.0580699814930558,0.0079293285162894));
#11008=CARTESIAN_POINT('',(0.0351530546337634,-0.0570699814930558,0.00686369115446154));
#11009=CARTESIAN_POINT('',(0.0351530546337634,-0.0570699814930558,0.00686369115446154));
#11010=CARTESIAN_POINT('',(0.0351530546337634,-0.0570699814930558,0.00686369115446154));
#11011=CARTESIAN_POINT('',(0.0351530546337634,-0.0570699814930558,0.00758545898104411));
#11012=CARTESIAN_POINT('',(0.0348432138546102,-0.0570699814930558,0.0079293285162894));
#11013=CARTESIAN_POINT('',(0.0351530546337634,-0.0570699814930558,0.00667295102163017));
#11014=CARTESIAN_POINT('',(0.0351530546337634,-0.0570699814930558,0.00648221088879879));
#11015=CARTESIAN_POINT('',(0.0351530546337634,-0.0570699814930558,0.00648221088879879));
#11016=CARTESIAN_POINT('',(0.0351530546337634,-0.0570699814930558,0.00667295102163017));
#11017=CARTESIAN_POINT('',(0.0346327728629887,-0.0570699814930558,0.0064651965107528));
#11018=CARTESIAN_POINT('',(0.0341124910922139,-0.0570699814930558,0.00644818213270681));
#11019=CARTESIAN_POINT('',(0.0341124910922139,-0.0570699814930558,0.00644818213270681));
#11020=CARTESIAN_POINT('',(0.0346327728629887,-0.0570699814930558,0.0064651965107528));
#11021=CARTESIAN_POINT('',(0.031141243389235,-0.0570699814930558,0.00450137908681288));
#11022=CARTESIAN_POINT('',(0.031141243389235,-0.0580699814930558,0.00450137908681288));
#11023=CARTESIAN_POINT('',(0.031141243389235,-0.0570699814930558,0.0057395482119843));
#11024=CARTESIAN_POINT('',(0.031141243389235,-0.0580699814930558,0.0057395482119843));
#11025=CARTESIAN_POINT('',(0.032131659290228,-0.0570699814930558,0.00638848256061561));
#11026=CARTESIAN_POINT('',(0.032131659290228,-0.0580699814930558,0.00638848256061561));
#11027=CARTESIAN_POINT('',(0.0341124910922139,-0.0570699814930558,0.00644818213270681));
#11028=CARTESIAN_POINT('',(0.0341124910922139,-0.0580699814930558,0.00644818213270681));
#11029=CARTESIAN_POINT('',(0.031141243389235,-0.0570699814930558,0.00450137908681288));
#11030=CARTESIAN_POINT('',(0.031141243389235,-0.0570699814930558,0.00450137908681288));
#11031=CARTESIAN_POINT('',(0.031141243389235,-0.0570699814930558,0.00450137908681288));
#11032=CARTESIAN_POINT('',(0.031141243389235,-0.0570699814930558,0.00635863277457001));
#11033=CARTESIAN_POINT('',(0.0341124910922139,-0.0570699814930558,0.00644818213270681));
#11034=CARTESIAN_POINT('',(0.0316588386792657,-0.0570699814930558,0.00316351167624915));
#11035=CARTESIAN_POINT('',(0.0316588386792657,-0.0580699814930558,0.00316351167624915));
#11036=CARTESIAN_POINT('',(0.0313137751525786,-0.0570699814930558,0.00347753142544885));
#11037=CARTESIAN_POINT('',(0.0313137751525786,-0.0580699814930558,0.00347753142544885));
#11038=CARTESIAN_POINT('',(0.031141243389235,-0.0570699814930558,0.00392348722897009));
#11039=CARTESIAN_POINT('',(0.031141243389235,-0.0580699814930558,0.00392348722897009));
#11040=CARTESIAN_POINT('',(0.031141243389235,-0.0570699814930558,0.00450137908681288));
#11041=CARTESIAN_POINT('',(0.031141243389235,-0.0580699814930558,0.00450137908681288));
#11042=CARTESIAN_POINT('',(0.0316588386792657,-0.0570699814930558,0.00316351167624915));
#11043=CARTESIAN_POINT('',(0.0316588386792657,-0.0570699814930558,0.00316351167624915));
#11044=CARTESIAN_POINT('',(0.0316588386792657,-0.0570699814930558,0.00316351167624915));
#11045=CARTESIAN_POINT('',(0.031141243389235,-0.0570699814930558,0.0036345413000487));
#11046=CARTESIAN_POINT('',(0.031141243389235,-0.0570699814930558,0.00450137908681288));
#11047=CARTESIAN_POINT('',(0.0330880464351289,-0.0570699814930558,0.00269248205244961));
#11048=CARTESIAN_POINT('',(0.0330880464351289,-0.0580699814930558,0.00269248205244961));
#11049=CARTESIAN_POINT('',(0.0324803047912406,-0.0570699814930558,0.00269248205244961));
#11050=CARTESIAN_POINT('',(0.0324803047912406,-0.0580699814930558,0.00269248205244961));
#11051=CARTESIAN_POINT('',(0.0320039022059528,-0.0570699814930558,0.00284949192704946));
#11052=CARTESIAN_POINT('',(0.0320039022059528,-0.0580699814930558,0.00284949192704946));
#11053=CARTESIAN_POINT('',(0.0316588386792657,-0.0570699814930558,0.00316351167624915));
#11054=CARTESIAN_POINT('',(0.0316588386792657,-0.0580699814930558,0.00316351167624915));
#11055=CARTESIAN_POINT('',(0.0330880464351289,-0.0570699814930558,0.00269248205244961));
#11056=CARTESIAN_POINT('',(0.0330880464351289,-0.0570699814930558,0.00269248205244961));
#11057=CARTESIAN_POINT('',(0.0330880464351289,-0.0570699814930558,0.00269248205244961));
#11058=CARTESIAN_POINT('',(0.0321764339692964,-0.0570699814930558,0.00269248205244961));
#11059=CARTESIAN_POINT('',(0.0316588386792657,-0.0570699814930558,0.00316351167624915));
#11060=CARTESIAN_POINT('',(0.0342280097642104,-0.0570699814930558,0.00289755008258288));
#11061=CARTESIAN_POINT('',(0.0342280097642104,-0.0580699814930558,0.00289755008258288));
#11062=CARTESIAN_POINT('',(0.0339241389422662,-0.0570699814930558,0.00276083806249403));
#11063=CARTESIAN_POINT('',(0.0339241389422662,-0.0580699814930558,0.00276083806249403));
#11064=CARTESIAN_POINT('',(0.0335441511659057,-0.0570699814930558,0.00269248205244961));
#11065=CARTESIAN_POINT('',(0.0335441511659057,-0.0580699814930558,0.00269248205244961));
#11066=CARTESIAN_POINT('',(0.0330880464351289,-0.0570699814930558,0.00269248205244961));
#11067=CARTESIAN_POINT('',(0.0330880464351289,-0.0580699814930558,0.00269248205244961));
#11068=CARTESIAN_POINT('',(0.0342280097642104,-0.0570699814930558,0.00289755008258288));
#11069=CARTESIAN_POINT('',(0.0342280097642104,-0.0570699814930558,0.00289755008258288));
#11070=CARTESIAN_POINT('',(0.0342280097642104,-0.0570699814930558,0.00289755008258288));
#11071=CARTESIAN_POINT('',(0.0337722035312941,-0.0570699814930558,0.00269248205244961));
#11072=CARTESIAN_POINT('',(0.0330880464351289,-0.0570699814930558,0.00269248205244961));
#11073=CARTESIAN_POINT('',(0.035142308710787,-0.0570699814930558,0.00367931597911709));
#11074=CARTESIAN_POINT('',(0.035142308710787,-0.0580699814930558,0.00367931597911709));
#11075=CARTESIAN_POINT('',(0.0348366469016801,-0.0570699814930558,0.00329485073484979));
#11076=CARTESIAN_POINT('',(0.0348366469016801,-0.0580699814930558,0.00329485073484979));
#11077=CARTESIAN_POINT('',(0.0345318805861545,-0.0570699814930558,0.00303426210267172));
#11078=CARTESIAN_POINT('',(0.0345318805861545,-0.0580699814930558,0.00303426210267172));
#11079=CARTESIAN_POINT('',(0.0342280097642104,-0.0570699814930558,0.00289755008258288));
#11080=CARTESIAN_POINT('',(0.0342280097642104,-0.0580699814930558,0.00289755008258288));
#11081=CARTESIAN_POINT('',(0.035142308710787,-0.0570699814930558,0.00367931597911709));
#11082=CARTESIAN_POINT('',(0.035142308710787,-0.0570699814930558,0.00367931597911709));
#11083=CARTESIAN_POINT('',(0.035142308710787,-0.0570699814930558,0.00367931597911709));
#11084=CARTESIAN_POINT('',(0.0346838159971266,-0.0570699814930558,0.00310261811271614));
#11085=CARTESIAN_POINT('',(0.0342280097642104,-0.0570699814930558,0.00289755008258288));
#11086=CARTESIAN_POINT('',(0.0351646960503212,-0.0570699814930558,0.00367931597911709));
#11087=CARTESIAN_POINT('',(0.0351646960503212,-0.0570699814930558,0.00367931597911709));
#11088=CARTESIAN_POINT('',(0.0346363548373141,-0.0570699814930558,0.0039363226369697));
#11089=CARTESIAN_POINT('',(0.0346363548373141,-0.0580699814930558,0.0039363226369697));
#11090=CARTESIAN_POINT('',(0.0349664934709784,-0.0570699814930558,0.00425332736477395));
#11091=CARTESIAN_POINT('',(0.0349664934709784,-0.0580699814930558,0.00425332736477395));
#11092=CARTESIAN_POINT('',(0.0351315627878106,-0.0570699814930558,0.004697193683272));
#11093=CARTESIAN_POINT('',(0.0351315627878106,-0.0580699814930558,0.004697193683272));
#11094=CARTESIAN_POINT('',(0.0351315627878106,-0.0570699814930558,0.00526792159246385));
#11095=CARTESIAN_POINT('',(0.0351315627878106,-0.0580699814930558,0.00526792159246385));
#11096=CARTESIAN_POINT('',(0.0346363548373141,-0.0580699814930558,0.0039363226369697));
#11097=CARTESIAN_POINT('',(0.0351315627878106,-0.0580699814930558,0.00441182972867608));
#11098=CARTESIAN_POINT('',(0.0351315627878106,-0.0580699814930558,0.00526792159246385));
#11099=CARTESIAN_POINT('',(0.0346363548373141,-0.0570699814930558,0.0039363226369697));
#11100=CARTESIAN_POINT('',(0.0351315627878106,-0.0570699814930558,0.00441182972867608));
#11101=CARTESIAN_POINT('',(0.0351315627878106,-0.0570699814930558,0.00526792159246385));
#11102=CARTESIAN_POINT('',(-0.00602383625507355,-0.0570699814930558,0.007));
#11103=CARTESIAN_POINT('',(0.0402913968036527,-0.0570699814930558,0.00347156146823973));
#11104=CARTESIAN_POINT('',(0.0402913968036527,-0.0580699814930558,0.00347156146823973));
#11105=CARTESIAN_POINT('',(0.0409254062592612,-0.0570699814930558,0.00347156146823973));
#11106=CARTESIAN_POINT('',(0.0409254062592612,-0.0580699814930558,0.00347156146823973));
#11107=CARTESIAN_POINT('',(0.0413850929643635,-0.0570699814930558,0.00364409323158329));
#11108=CARTESIAN_POINT('',(0.0413850929643635,-0.0580699814930558,0.00364409323158329));
#11109=CARTESIAN_POINT('',(0.0416704569189594,-0.0570699814930558,0.00398915675827041));
#11110=CARTESIAN_POINT('',(0.0416704569189594,-0.0580699814930558,0.00398915675827041));
#11111=CARTESIAN_POINT('',(0.0402913968036527,-0.0580699814930558,0.00347156146823973));
#11112=CARTESIAN_POINT('',(0.0412424109870655,-0.0580699814930558,0.00347156146823973));
#11113=CARTESIAN_POINT('',(0.0416704569189594,-0.0580699814930558,0.00398915675827041));
#11114=CARTESIAN_POINT('',(0.0402913968036527,-0.0580699814930558,0.00347156146823973));
#11115=CARTESIAN_POINT('',(0.0416704569189594,-0.0580699814930558,0.00398915675827041));
#11116=CARTESIAN_POINT('',(0.0402913968036527,-0.0570699814930558,0.00347156146823973));
#11117=CARTESIAN_POINT('',(0.0402913968036527,-0.0570699814930558,0.00347156146823973));
#11118=CARTESIAN_POINT('',(0.0402913968036527,-0.0570699814930558,0.00347156146823973));
#11119=CARTESIAN_POINT('',(0.0412424109870655,-0.0570699814930558,0.00347156146823973));
#11120=CARTESIAN_POINT('',(0.0416704569189594,-0.0570699814930558,0.00398915675827041));
#11121=CARTESIAN_POINT('',(0.0416704569189594,-0.0570699814930558,0.00398915675827041));
#11122=CARTESIAN_POINT('',(0.0416704569189594,-0.0570699814930558,0.00398915675827041));
#11123=CARTESIAN_POINT('',(0.0390260643731799,-0.0570699814930558,0.00407064667417489));
#11124=CARTESIAN_POINT('',(0.0390260643731799,-0.0580699814930558,0.00407064667417489));
#11125=CARTESIAN_POINT('',(0.0393132193149385,-0.0570699814930558,0.00367125653688478));
#11126=CARTESIAN_POINT('',(0.0393132193149385,-0.0580699814930558,0.00367125653688478));
#11127=CARTESIAN_POINT('',(0.0397349967917628,-0.0570699814930558,0.00347156146823973));
#11128=CARTESIAN_POINT('',(0.0397349967917628,-0.0580699814930558,0.00347156146823973));
#11129=CARTESIAN_POINT('',(0.0402913968036527,-0.0570699814930558,0.00347156146823973));
#11130=CARTESIAN_POINT('',(0.0402913968036527,-0.0580699814930558,0.00347156146823973));
#11131=CARTESIAN_POINT('',(0.0390260643731799,-0.0580699814930558,0.00407064667417489));
#11132=CARTESIAN_POINT('',(0.0394567967858179,-0.0580699814930558,0.00347156146823973));
#11133=CARTESIAN_POINT('',(0.0402913968036527,-0.0580699814930558,0.00347156146823973));
#11134=CARTESIAN_POINT('',(0.0390260643731799,-0.0580699814930558,0.00407064667417489));
#11135=CARTESIAN_POINT('',(0.0390260643731799,-0.0570699814930558,0.00407064667417489));
#11136=CARTESIAN_POINT('',(0.0390260643731799,-0.0570699814930558,0.00407064667417489));
#11137=CARTESIAN_POINT('',(0.0390260643731799,-0.0570699814930558,0.00407064667417489));
#11138=CARTESIAN_POINT('',(0.0394567967858179,-0.0570699814930558,0.00347156146823973));
#11139=CARTESIAN_POINT('',(0.0402913968036527,-0.0570699814930558,0.00347156146823973));
#11140=CARTESIAN_POINT('',(0.0385953319605419,-0.0570699814930558,0.00584461945886481));
#11141=CARTESIAN_POINT('',(0.0385953319605419,-0.0580699814930558,0.00584461945886481));
#11142=CARTESIAN_POINT('',(0.0385953319605419,-0.0570699814930558,0.0050613610730283));
#11143=CARTESIAN_POINT('',(0.0385953319605419,-0.0580699814930558,0.0050613610730283));
#11144=CARTESIAN_POINT('',(0.0387389094314212,-0.0570699814930558,0.004470036811465));
#11145=CARTESIAN_POINT('',(0.0387389094314212,-0.0580699814930558,0.004470036811465));
#11146=CARTESIAN_POINT('',(0.0390260643731799,-0.0570699814930558,0.00407064667417489));
#11147=CARTESIAN_POINT('',(0.0390260643731799,-0.0580699814930558,0.00407064667417489));
#11148=CARTESIAN_POINT('',(0.0385953319605419,-0.0580699814930558,0.00584461945886481));
#11149=CARTESIAN_POINT('',(0.0385953319605419,-0.0580699814930558,0.00466973188011005));
#11150=CARTESIAN_POINT('',(0.0390260643731799,-0.0580699814930558,0.00407064667417489));
#11151=CARTESIAN_POINT('',(0.0385953319605419,-0.0580699814930558,0.00584461945886481));
#11152=CARTESIAN_POINT('',(0.0385953319605419,-0.0570699814930558,0.00584461945886481));
#11153=CARTESIAN_POINT('',(0.0385953319605419,-0.0570699814930558,0.00584461945886481));
#11154=CARTESIAN_POINT('',(0.0385953319605419,-0.0570699814930558,0.00584461945886481));
#11155=CARTESIAN_POINT('',(0.0385953319605419,-0.0570699814930558,0.00466973188011005));
#11156=CARTESIAN_POINT('',(0.0390260643731799,-0.0570699814930558,0.00407064667417489));
#11157=CARTESIAN_POINT('',(0.0390287508539239,-0.0570699814930558,0.00763829310234482));
#11158=CARTESIAN_POINT('',(0.0390287508539239,-0.0580699814930558,0.00763829310234482));
#11159=CARTESIAN_POINT('',(0.0387398049250025,-0.0570699814930558,0.00721502313621823));
#11160=CARTESIAN_POINT('',(0.0387398049250025,-0.0580699814930558,0.00721502313621823));
#11161=CARTESIAN_POINT('',(0.0385953319605419,-0.0570699814930558,0.0066171319217249));
#11162=CARTESIAN_POINT('',(0.0385953319605419,-0.0580699814930558,0.0066171319217249));
#11163=CARTESIAN_POINT('',(0.0385953319605419,-0.0570699814930558,0.00584461945886481));
#11164=CARTESIAN_POINT('',(0.0385953319605419,-0.0580699814930558,0.00584461945886481));
#11165=CARTESIAN_POINT('',(0.0390287508539239,-0.0580699814930558,0.00763829310234482));
#11166=CARTESIAN_POINT('',(0.0385953319605419,-0.0580699814930558,0.00700338815315494));
#11167=CARTESIAN_POINT('',(0.0385953319605419,-0.0580699814930558,0.00584461945886481));
#11168=CARTESIAN_POINT('',(0.0390287508539239,-0.0580699814930558,0.00763829310234482));
#11169=CARTESIAN_POINT('',(0.0390287508539239,-0.0570699814930558,0.00763829310234482));
#11170=CARTESIAN_POINT('',(0.0390287508539239,-0.0570699814930558,0.00763829310234482));
#11171=CARTESIAN_POINT('',(0.0390287508539239,-0.0570699814930558,0.00763829310234482));
#11172=CARTESIAN_POINT('',(0.0385953319605419,-0.0570699814930558,0.00700338815315494));
#11173=CARTESIAN_POINT('',(0.0385953319605419,-0.0570699814930558,0.00584461945886481));
#11174=CARTESIAN_POINT('',(0.0402806508806763,-0.0570699814930558,0.0082731980515347));
#11175=CARTESIAN_POINT('',(0.0402806508806763,-0.0580699814930558,0.0082731980515347));
#11176=CARTESIAN_POINT('',(0.0397349967917628,-0.0570699814930558,0.0082731980515347));
#11177=CARTESIAN_POINT('',(0.0397349967917628,-0.0580699814930558,0.0082731980515347));
#11178=CARTESIAN_POINT('',(0.0393176967828453,-0.0570699814930558,0.00806156306847141));
#11179=CARTESIAN_POINT('',(0.0393176967828453,-0.0580699814930558,0.00806156306847141));
#11180=CARTESIAN_POINT('',(0.0390287508539239,-0.0570699814930558,0.00763829310234482));
#11181=CARTESIAN_POINT('',(0.0390287508539239,-0.0580699814930558,0.00763829310234482));
#11182=CARTESIAN_POINT('',(0.0402806508806763,-0.0580699814930558,0.0082731980515347));
#11183=CARTESIAN_POINT('',(0.039462169747306,-0.0580699814930558,0.0082731980515347));
#11184=CARTESIAN_POINT('',(0.0390287508539239,-0.0580699814930558,0.00763829310234482));
#11185=CARTESIAN_POINT('',(0.0402806508806763,-0.0580699814930558,0.0082731980515347));
#11186=CARTESIAN_POINT('',(0.0402806508806763,-0.0570699814930558,0.0082731980515347));
#11187=CARTESIAN_POINT('',(0.0402806508806763,-0.0570699814930558,0.0082731980515347));
#11188=CARTESIAN_POINT('',(0.0402806508806763,-0.0570699814930558,0.0082731980515347));
#11189=CARTESIAN_POINT('',(0.039462169747306,-0.0570699814930558,0.0082731980515347));
#11190=CARTESIAN_POINT('',(0.0390287508539239,-0.0570699814930558,0.00763829310234482));
#11191=CARTESIAN_POINT('',(0.0416650839574712,-0.0570699814930558,0.00771620104392383));
#11192=CARTESIAN_POINT('',(0.0416650839574712,-0.0580699814930558,0.00771620104392383));
#11193=CARTESIAN_POINT('',(0.0413761380285498,-0.0570699814930558,0.00808753238233108));
#11194=CARTESIAN_POINT('',(0.0413761380285498,-0.0580699814930558,0.00808753238233108));
#11195=CARTESIAN_POINT('',(0.0409146603362849,-0.0570699814930558,0.0082731980515347));
#11196=CARTESIAN_POINT('',(0.0409146603362849,-0.0580699814930558,0.0082731980515347));
#11197=CARTESIAN_POINT('',(0.0402806508806763,-0.0570699814930558,0.0082731980515347));
#11198=CARTESIAN_POINT('',(0.0402806508806763,-0.0580699814930558,0.0082731980515347));
#11199=CARTESIAN_POINT('',(0.0416650839574712,-0.0580699814930558,0.00771620104392383));
#11200=CARTESIAN_POINT('',(0.0412316650640891,-0.0580699814930558,0.0082731980515347));
#11201=CARTESIAN_POINT('',(0.0402806508806763,-0.0580699814930558,0.0082731980515347));
#11202=CARTESIAN_POINT('',(0.0416650839574712,-0.0580699814930558,0.00771620104392383));
#11203=CARTESIAN_POINT('',(0.0416650839574712,-0.0570699814930558,0.00771620104392383));
#11204=CARTESIAN_POINT('',(0.0416650839574712,-0.0570699814930558,0.00771620104392383));
#11205=CARTESIAN_POINT('',(0.0416650839574712,-0.0570699814930558,0.00771620104392383));
#11206=CARTESIAN_POINT('',(0.0412316650640891,-0.0570699814930558,0.0082731980515347));
#11207=CARTESIAN_POINT('',(0.0402806508806763,-0.0570699814930558,0.0082731980515347));
#11208=CARTESIAN_POINT('',(0.0420985028508533,-0.0570699814930558,0.00585536538184122));
#11209=CARTESIAN_POINT('',(0.0420985028508533,-0.0580699814930558,0.00585536538184122));
#11210=CARTESIAN_POINT('',(0.0420985028508533,-0.0570699814930558,0.00672459115148905));
#11211=CARTESIAN_POINT('',(0.0420985028508533,-0.0580699814930558,0.00672459115148905));
#11212=CARTESIAN_POINT('',(0.0419540298863926,-0.0570699814930558,0.00734486970551658));
#11213=CARTESIAN_POINT('',(0.0419540298863926,-0.0580699814930558,0.00734486970551658));
#11214=CARTESIAN_POINT('',(0.0416650839574712,-0.0570699814930558,0.00771620104392383));
#11215=CARTESIAN_POINT('',(0.0416650839574712,-0.0580699814930558,0.00771620104392383));
#11216=CARTESIAN_POINT('',(0.0420985028508533,-0.0580699814930558,0.00585536538184122));
#11217=CARTESIAN_POINT('',(0.0420985028508533,-0.0580699814930558,0.00715920403631296));
#11218=CARTESIAN_POINT('',(0.0416650839574712,-0.0580699814930558,0.00771620104392383));
#11219=CARTESIAN_POINT('',(0.0420985028508533,-0.0580699814930558,0.00585536538184122));
#11220=CARTESIAN_POINT('',(0.0420985028508533,-0.0570699814930558,0.00585536538184122));
#11221=CARTESIAN_POINT('',(0.0420985028508533,-0.0570699814930558,0.00585536538184122));
#11222=CARTESIAN_POINT('',(0.0420985028508533,-0.0570699814930558,0.00585536538184122));
#11223=CARTESIAN_POINT('',(0.0420985028508533,-0.0570699814930558,0.00715920403631296));
#11224=CARTESIAN_POINT('',(0.0416650839574712,-0.0570699814930558,0.00771620104392383));
#11225=CARTESIAN_POINT('',(0.0420985028508533,-0.0570699814930558,0.00575775658147212));
#11226=CARTESIAN_POINT('',(0.0420985028508533,-0.0580699814930558,0.00575775658147212));
#11227=CARTESIAN_POINT('',(0.0420985028508533,-0.0580699814930558,0.00566014778110301));
#11228=CARTESIAN_POINT('',(0.0420985028508533,-0.0570699814930558,0.00566014778110301));
#11229=CARTESIAN_POINT('',(0.0420985028508533,-0.0570699814930558,0.00566014778110301));
#11230=CARTESIAN_POINT('',(0.0420985028508533,-0.0570699814930558,0.00575775658147212));
#11231=CARTESIAN_POINT('',(0.0421235766711316,-0.0570699814930558,0.00362737735139776));
#11232=CARTESIAN_POINT('',(0.0421486504914099,-0.0570699814930558,0.00362737735139776));
#11233=CARTESIAN_POINT('',(0.0421486504914099,-0.0570699814930558,0.00362737735139776));
#11234=CARTESIAN_POINT('',(0.0421235766711316,-0.0570699814930558,0.00362737735139776));
#11235=CARTESIAN_POINT('',(0.0420985028508533,-0.0570699814930558,0.00362737735139776));
#11236=CARTESIAN_POINT('',(0.0420985028508533,-0.0570699814930558,0.00362737735139776));
#11237=CARTESIAN_POINT('',(0.0422104395485243,-0.0570699814930558,0.00321634579754986));
#11238=CARTESIAN_POINT('',(0.0422722286056387,-0.0570699814930558,0.00280531424370197));
#11239=CARTESIAN_POINT('',(0.0422722286056387,-0.0570699814930558,0.00280531424370197));
#11240=CARTESIAN_POINT('',(0.0422104395485243,-0.0570699814930558,0.00321634579754986));
#11241=CARTESIAN_POINT('',(0.0426501268969759,-0.0570699814930558,0.00280531424370197));
#11242=CARTESIAN_POINT('',(0.0430280251883132,-0.0570699814930558,0.00280531424370197));
#11243=CARTESIAN_POINT('',(0.0430280251883132,-0.0570699814930558,0.00280531424370197));
#11244=CARTESIAN_POINT('',(0.0426501268969759,-0.0570699814930558,0.00280531424370197));
#11245=CARTESIAN_POINT('',(0.0430280251883132,-0.0570699814930558,0.00716009952989433));
#11246=CARTESIAN_POINT('',(0.0430280251883132,-0.0570699814930558,0.0115148848160867));
#11247=CARTESIAN_POINT('',(0.0430280251883132,-0.0570699814930558,0.0115148848160867));
#11248=CARTESIAN_POINT('',(0.0430280251883132,-0.0570699814930558,0.00716009952989433));
#11249=CARTESIAN_POINT('',(0.0425632640195833,-0.0570699814930558,0.0115148848160867));
#11250=CARTESIAN_POINT('',(0.0420985028508533,-0.0570699814930558,0.0115148848160867));
#11251=CARTESIAN_POINT('',(0.0420985028508533,-0.0570699814930558,0.0115148848160867));
#11252=CARTESIAN_POINT('',(0.0425632640195833,-0.0570699814930558,0.0115148848160867));
#11253=CARTESIAN_POINT('',(0.0420985028508533,-0.0570699814930558,0.0102665667636598));
#11254=CARTESIAN_POINT('',(0.0420985028508533,-0.0570699814930558,0.00901824871123283));
#11255=CARTESIAN_POINT('',(0.0420985028508533,-0.0570699814930558,0.00901824871123283));
#11256=CARTESIAN_POINT('',(0.0420985028508533,-0.0570699814930558,0.0102665667636598));
#11257=CARTESIAN_POINT('',(0.042110144267411,-0.0570699814930558,0.00880243475812316));
#11258=CARTESIAN_POINT('',(0.0421217856839689,-0.0570699814930558,0.00858662080501348));
#11259=CARTESIAN_POINT('',(0.0421217856839689,-0.0570699814930558,0.00858662080501348));
#11260=CARTESIAN_POINT('',(0.042110144267411,-0.0570699814930558,0.00880243475812316));
#11261=CARTESIAN_POINT('',(0.0421414865427589,-0.0570699814930558,0.0083654338904156));
#11262=CARTESIAN_POINT('',(0.0421611874015491,-0.0570699814930558,0.00814424697581771));
#11263=CARTESIAN_POINT('',(0.0421611874015491,-0.0570699814930558,0.00814424697581771));
#11264=CARTESIAN_POINT('',(0.0421414865427589,-0.0570699814930558,0.0083654338904156));
#11265=CARTESIAN_POINT('',(0.0421244721647129,-0.0570699814930558,0.00814424697581771));
#11266=CARTESIAN_POINT('',(0.0420877569278768,-0.0570699814930558,0.00814424697581771));
#11267=CARTESIAN_POINT('',(0.0420877569278768,-0.0570699814930558,0.00814424697581771));
#11268=CARTESIAN_POINT('',(0.0421244721647129,-0.0570699814930558,0.00814424697581771));
#11269=CARTESIAN_POINT('',(0.0401731916509122,-0.0570699814930558,0.00905227746732482));
#11270=CARTESIAN_POINT('',(0.0401731916509122,-0.0580699814930558,0.00905227746732482));
#11271=CARTESIAN_POINT('',(0.0410054036858635,-0.0570699814930558,0.00905227746732482));
#11272=CARTESIAN_POINT('',(0.0410054036858635,-0.0580699814930558,0.00905227746732482));
#11273=CARTESIAN_POINT('',(0.0416435921115183,-0.0570699814930558,0.00874960063682245));
#11274=CARTESIAN_POINT('',(0.0416435921115183,-0.0580699814930558,0.00874960063682245));
#11275=CARTESIAN_POINT('',(0.0420877569278768,-0.0570699814930558,0.00814424697581771));
#11276=CARTESIAN_POINT('',(0.0420877569278768,-0.0580699814930558,0.00814424697581771));
#11277=CARTESIAN_POINT('',(0.0401731916509122,-0.0570699814930558,0.00905227746732482));
#11278=CARTESIAN_POINT('',(0.0401731916509122,-0.0570699814930558,0.00905227746732482));
#11279=CARTESIAN_POINT('',(0.0401731916509122,-0.0570699814930558,0.00905227746732482));
#11280=CARTESIAN_POINT('',(0.0414215097033391,-0.0570699814930558,0.00905227746732482));
#11281=CARTESIAN_POINT('',(0.0420877569278768,-0.0570699814930558,0.00814424697581771));
#11282=CARTESIAN_POINT('',(0.0383034010530159,-0.0570699814930558,0.00821230448800168));
#11283=CARTESIAN_POINT('',(0.0383034010530159,-0.0580699814930558,0.00821230448800168));
#11284=CARTESIAN_POINT('',(0.0387511478436999,-0.0570699814930558,0.00877228647421711));
#11285=CARTESIAN_POINT('',(0.0387511478436999,-0.0580699814930558,0.00877228647421711));
#11286=CARTESIAN_POINT('',(0.039374411376332,-0.0570699814930558,0.00905227746732482));
#11287=CARTESIAN_POINT('',(0.039374411376332,-0.0580699814930558,0.00905227746732482));
#11288=CARTESIAN_POINT('',(0.0401731916509122,-0.0570699814930558,0.00905227746732482));
#11289=CARTESIAN_POINT('',(0.0401731916509122,-0.0580699814930558,0.00905227746732482));
#11290=CARTESIAN_POINT('',(0.0383034010530159,-0.0570699814930558,0.00821230448800168));
#11291=CARTESIAN_POINT('',(0.0383034010530159,-0.0570699814930558,0.00821230448800168));
#11292=CARTESIAN_POINT('',(0.0383034010530159,-0.0570699814930558,0.00821230448800168));
#11293=CARTESIAN_POINT('',(0.0389750212390419,-0.0570699814930558,0.00905227746732482));
#11294=CARTESIAN_POINT('',(0.0401731916509122,-0.0570699814930558,0.00905227746732482));
#11295=CARTESIAN_POINT('',(0.0376317808669899,-0.0570699814930558,0.00585536538184122));
#11296=CARTESIAN_POINT('',(0.0376317808669899,-0.0580699814930558,0.00585536538184122));
#11297=CARTESIAN_POINT('',(0.0376317808669899,-0.0570699814930558,0.0068666761330661));
#11298=CARTESIAN_POINT('',(0.0376317808669899,-0.0580699814930558,0.0068666761330661));
#11299=CARTESIAN_POINT('',(0.0378556542623319,-0.0570699814930558,0.00765232250178625));
#11300=CARTESIAN_POINT('',(0.0378556542623319,-0.0580699814930558,0.00765232250178625));
#11301=CARTESIAN_POINT('',(0.0383034010530159,-0.0570699814930558,0.00821230448800168));
#11302=CARTESIAN_POINT('',(0.0383034010530159,-0.0580699814930558,0.00821230448800168));
#11303=CARTESIAN_POINT('',(0.0376317808669899,-0.0570699814930558,0.00585536538184122));
#11304=CARTESIAN_POINT('',(0.0376317808669899,-0.0570699814930558,0.00585536538184122));
#11305=CARTESIAN_POINT('',(0.0376317808669899,-0.0570699814930558,0.00585536538184122));
#11306=CARTESIAN_POINT('',(0.0376317808669899,-0.0570699814930558,0.00737233150867854));
#11307=CARTESIAN_POINT('',(0.0383034010530159,-0.0570699814930558,0.00821230448800168));
#11308=CARTESIAN_POINT('',(0.0383007145722718,-0.0570699814930558,0.00351544065372676));
#11309=CARTESIAN_POINT('',(0.0383007145722718,-0.0580699814930558,0.00351544065372676));
#11310=CARTESIAN_POINT('',(0.0378547587687506,-0.0570699814930558,0.00406407972124486));
#11311=CARTESIAN_POINT('',(0.0378547587687506,-0.0580699814930558,0.00406407972124486));
#11312=CARTESIAN_POINT('',(0.0376317808669899,-0.0570699814930558,0.00484405463061635));
#11313=CARTESIAN_POINT('',(0.0376317808669899,-0.0580699814930558,0.00484405463061635));
#11314=CARTESIAN_POINT('',(0.0376317808669899,-0.0570699814930558,0.00585536538184122));
#11315=CARTESIAN_POINT('',(0.0376317808669899,-0.0580699814930558,0.00585536538184122));
#11316=CARTESIAN_POINT('',(0.0383007145722718,-0.0570699814930558,0.00351544065372676));
#11317=CARTESIAN_POINT('',(0.0383007145722718,-0.0570699814930558,0.00351544065372676));
#11318=CARTESIAN_POINT('',(0.0383007145722718,-0.0570699814930558,0.00351544065372676));
#11319=CARTESIAN_POINT('',(0.0376317808669899,-0.0570699814930558,0.00433839925500391));
#11320=CARTESIAN_POINT('',(0.0376317808669899,-0.0570699814930558,0.00585536538184122));
#11321=CARTESIAN_POINT('',(0.0401731916509122,-0.0570699814930558,0.00269248205244961));
#11322=CARTESIAN_POINT('',(0.0401731916509122,-0.0580699814930558,0.00269248205244961));
#11323=CARTESIAN_POINT('',(0.0393708294020065,-0.0570699814930558,0.00269248205244961));
#11324=CARTESIAN_POINT('',(0.0393708294020065,-0.0580699814930558,0.00269248205244961));
#11325=CARTESIAN_POINT('',(0.038746670375793,-0.0570699814930558,0.00296680158620866));
#11326=CARTESIAN_POINT('',(0.038746670375793,-0.0580699814930558,0.00296680158620866));
#11327=CARTESIAN_POINT('',(0.0383007145722718,-0.0570699814930558,0.00351544065372676));
#11328=CARTESIAN_POINT('',(0.0383007145722718,-0.0580699814930558,0.00351544065372676));
#11329=CARTESIAN_POINT('',(0.0401731916509122,-0.0570699814930558,0.00269248205244961));
#11330=CARTESIAN_POINT('',(0.0401731916509122,-0.0570699814930558,0.00269248205244961));
#11331=CARTESIAN_POINT('',(0.0401731916509122,-0.0570699814930558,0.00269248205244961));
#11332=CARTESIAN_POINT('',(0.0389696482775536,-0.0570699814930558,0.00269248205244961));
#11333=CARTESIAN_POINT('',(0.0383007145722718,-0.0570699814930558,0.00351544065372676));
#11334=CARTESIAN_POINT('',(0.0420985028508533,-0.0570699814930558,0.00362737735139776));
#11335=CARTESIAN_POINT('',(0.0420985028508533,-0.0580699814930558,0.00362737735139776));
#11336=CARTESIAN_POINT('',(0.0416698599232385,-0.0570699814930558,0.00300411381876566));
#11337=CARTESIAN_POINT('',(0.0416698599232385,-0.0580699814930558,0.00300411381876566));
#11338=CARTESIAN_POINT('',(0.0410280895232581,-0.0570699814930558,0.00269248205244961));
#11339=CARTESIAN_POINT('',(0.0410280895232581,-0.0580699814930558,0.00269248205244961));
#11340=CARTESIAN_POINT('',(0.0401731916509122,-0.0570699814930558,0.00269248205244961));
#11341=CARTESIAN_POINT('',(0.0401731916509122,-0.0580699814930558,0.00269248205244961));
#11342=CARTESIAN_POINT('',(0.0420985028508533,-0.0570699814930558,0.00362737735139776));
#11343=CARTESIAN_POINT('',(0.0414555384594311,-0.0570699814930558,0.00269248205244961));
#11344=CARTESIAN_POINT('',(0.0401731916509122,-0.0570699814930558,0.00269248205244961));
#11345=CARTESIAN_POINT('',(0.0416704569189594,-0.0570699814930558,0.00398915675827041));
#11346=CARTESIAN_POINT('',(0.0416704569189594,-0.0580699814930558,0.00398915675827041));
#11347=CARTESIAN_POINT('',(0.0419558208735553,-0.0570699814930558,0.00433422028495753));
#11348=CARTESIAN_POINT('',(0.0419558208735553,-0.0580699814930558,0.00433422028495753));
#11349=CARTESIAN_POINT('',(0.0420985028508533,-0.0570699814930558,0.0048912172925684));
#11350=CARTESIAN_POINT('',(0.0420985028508533,-0.0580699814930558,0.0048912172925684));
#11351=CARTESIAN_POINT('',(0.0420985028508533,-0.0570699814930558,0.00566014778110301));
#11352=CARTESIAN_POINT('',(0.0420985028508533,-0.0580699814930558,0.00566014778110301));
#11353=CARTESIAN_POINT('',(0.0416704569189594,-0.0580699814930558,0.00398915675827041));
#11354=CARTESIAN_POINT('',(0.0420985028508533,-0.0580699814930558,0.00450675204830109));
#11355=CARTESIAN_POINT('',(0.0420985028508533,-0.0580699814930558,0.00566014778110301));
#11356=CARTESIAN_POINT('',(0.0416704569189594,-0.0570699814930558,0.00398915675827041));
#11357=CARTESIAN_POINT('',(0.0420985028508533,-0.0570699814930558,0.00450675204830109));
#11358=CARTESIAN_POINT('',(0.0420985028508533,-0.0570699814930558,0.00566014778110301));
#11359=CARTESIAN_POINT('',(-0.00602383625507355,-0.0570699814930558,0.007));
#11360=CARTESIAN_POINT('',(-0.0492015452375164,-0.0570699814930558,0.00280531424370197));
#11361=CARTESIAN_POINT('',(-0.04872603814581,-0.0570699814930558,0.00280531424370197));
#11362=CARTESIAN_POINT('',(-0.04872603814581,-0.0570699814930558,0.00280531424370197));
#11363=CARTESIAN_POINT('',(-0.0492015452375164,-0.0570699814930558,0.00280531424370197));
#11364=CARTESIAN_POINT('',(-0.0496770523292228,-0.0570699814930558,0.00280531424370197));
#11365=CARTESIAN_POINT('',(-0.0496770523292228,-0.0570699814930558,0.00280531424370197));
#11366=CARTESIAN_POINT('',(-0.04872603814581,-0.0570699814930558,0.00689682441697215));
#11367=CARTESIAN_POINT('',(-0.04872603814581,-0.0570699814930558,0.0109883345902423));
#11368=CARTESIAN_POINT('',(-0.04872603814581,-0.0570699814930558,0.0109883345902423));
#11369=CARTESIAN_POINT('',(-0.04872603814581,-0.0570699814930558,0.00689682441697215));
#11370=CARTESIAN_POINT('',(-0.0492015452375164,-0.0570699814930558,0.0109883345902423));
#11371=CARTESIAN_POINT('',(-0.0496770523292228,-0.0570699814930558,0.0109883345902423));
#11372=CARTESIAN_POINT('',(-0.0496770523292228,-0.0570699814930558,0.0109883345902423));
#11373=CARTESIAN_POINT('',(-0.0492015452375164,-0.0570699814930558,0.0109883345902423));
#11374=CARTESIAN_POINT('',(-0.0496770523292228,-0.0570699814930558,0.00924749506806303));
#11375=CARTESIAN_POINT('',(-0.0496770523292228,-0.0570699814930558,0.00750665554588373));
#11376=CARTESIAN_POINT('',(-0.0496770523292228,-0.0570699814930558,0.00750665554588373));
#11377=CARTESIAN_POINT('',(-0.0496770523292228,-0.0570699814930558,0.00924749506806303));
#11378=CARTESIAN_POINT('',(-0.0518325053795755,-0.0570699814930558,0.00750665554588373));
#11379=CARTESIAN_POINT('',(-0.0539879584299281,-0.0570699814930558,0.00750665554588373));
#11380=CARTESIAN_POINT('',(-0.0539879584299281,-0.0570699814930558,0.00750665554588373));
#11381=CARTESIAN_POINT('',(-0.0518325053795755,-0.0570699814930558,0.00750665554588373));
#11382=CARTESIAN_POINT('',(-0.0539879584299281,-0.0570699814930558,0.00924749506806303));
#11383=CARTESIAN_POINT('',(-0.0539879584299281,-0.0570699814930558,0.0109883345902423));
#11384=CARTESIAN_POINT('',(-0.0539879584299281,-0.0570699814930558,0.0109883345902423));
#11385=CARTESIAN_POINT('',(-0.0539879584299281,-0.0570699814930558,0.00924749506806303));
#11386=CARTESIAN_POINT('',(-0.0544634655216345,-0.0570699814930558,0.0109883345902423));
#11387=CARTESIAN_POINT('',(-0.0549389726133409,-0.0570699814930558,0.0109883345902423));
#11388=CARTESIAN_POINT('',(-0.0549389726133409,-0.0570699814930558,0.0109883345902423));
#11389=CARTESIAN_POINT('',(-0.0544634655216345,-0.0570699814930558,0.0109883345902423));
#11390=CARTESIAN_POINT('',(-0.0549389726133409,-0.0570699814930558,0.00689682441697215));
#11391=CARTESIAN_POINT('',(-0.0549389726133409,-0.0570699814930558,0.00280531424370197));
#11392=CARTESIAN_POINT('',(-0.0549389726133409,-0.0570699814930558,0.00280531424370197));
#11393=CARTESIAN_POINT('',(-0.0549389726133409,-0.0570699814930558,0.00689682441697215));
#11394=CARTESIAN_POINT('',(-0.0544634655216345,-0.0570699814930558,0.00280531424370197));
#11395=CARTESIAN_POINT('',(-0.0539879584299281,-0.0570699814930558,0.00280531424370197));
#11396=CARTESIAN_POINT('',(-0.0539879584299281,-0.0570699814930558,0.00280531424370197));
#11397=CARTESIAN_POINT('',(-0.0544634655216345,-0.0570699814930558,0.00280531424370197));
#11398=CARTESIAN_POINT('',(-0.0539879584299281,-0.0570699814930558,0.00473062544364307));
#11399=CARTESIAN_POINT('',(-0.0539879584299281,-0.0570699814930558,0.00665593664358417));
#11400=CARTESIAN_POINT('',(-0.0539879584299281,-0.0570699814930558,0.00665593664358417));
#11401=CARTESIAN_POINT('',(-0.0539879584299281,-0.0570699814930558,0.00473062544364307));
#11402=CARTESIAN_POINT('',(-0.0518325053795755,-0.0570699814930558,0.00665593664358417));
#11403=CARTESIAN_POINT('',(-0.0496770523292228,-0.0570699814930558,0.00665593664358417));
#11404=CARTESIAN_POINT('',(-0.0496770523292228,-0.0570699814930558,0.00665593664358417));
#11405=CARTESIAN_POINT('',(-0.0518325053795755,-0.0570699814930558,0.00665593664358417));
#11406=CARTESIAN_POINT('',(-0.0496770523292228,-0.0570699814930558,0.00473062544364307));
#11407=CARTESIAN_POINT('',(-0.0496770523292228,-0.0570699814930558,0.00473062544364307));
#11408=CARTESIAN_POINT('',(-0.00602383625507355,-0.0570699814930558,0.007));
#11409=CARTESIAN_POINT('',(-0.00602383625507354,-0.0580699814930558,0.013));
#11410=CARTESIAN_POINT('',(-0.00602383625507354,-0.0580699814930558,0.013));
#11411=CARTESIAN_POINT('',(-0.00602383625507354,-0.0580699814930558,0.013));
#11412=CARTESIAN_POINT('',(-0.00602383625507354,-0.0580699814930558,0.013));
#11413=CARTESIAN_POINT('',(-0.00602383625507354,-0.0580699814930558,0.013));
#11414=CARTESIAN_POINT('',(-0.00602383625507354,-0.0580699814930558,0.013));
#11415=CARTESIAN_POINT('',(-0.0110238362550735,0.0209300185069442,0.008));
#11416=CARTESIAN_POINT('',(-0.0110238362550735,0.0459300185069442,0.004));
#11417=CARTESIAN_POINT('',(-0.0110238362550735,0.0426620693145131,0.004));
#11418=CARTESIAN_POINT('',(-0.0110238362550735,0.0449300185069442,0.004));
#11419=CARTESIAN_POINT('',(-0.0110238362550735,0.0449300185069442,0.008));
#11420=CARTESIAN_POINT('',(-0.0110238362550735,0.0449300185069442,0.013));
#11421=CARTESIAN_POINT('',(-0.0110238362550735,0.0209300185069442,0.013));
#11422=CARTESIAN_POINT('',(-0.0110238362550735,0.0429300185069442,0.013));
#11423=CARTESIAN_POINT('',(-0.0110238362550735,0.0429300185069442,0.005));
#11424=CARTESIAN_POINT('',(-0.0110238362550735,0.0429300185069442,0.005));
#11425=CARTESIAN_POINT('',(-0.0110238362550735,0.0409300185069442,0.005));
#11426=CARTESIAN_POINT('',(0.00897616374492646,0.0209300185069442,0.008));
#11427=CARTESIAN_POINT('',(0.00897616374492646,0.0429300185069442,0.008));
#11428=CARTESIAN_POINT('',(0.00897616374492646,0.0429300185069442,0.005));
#11429=CARTESIAN_POINT('',(0.00897616374492646,0.0429300185069442,0.013));
#11430=CARTESIAN_POINT('',(0.00897616374492646,0.0459300185069442,0.013));
#11431=CARTESIAN_POINT('',(0.00897616374492646,0.0449300185069442,0.013));
#11432=CARTESIAN_POINT('',(0.00897616374492646,0.0449300185069442,0.00573205080756888));
#11433=CARTESIAN_POINT('',(0.00897616374492646,0.0449300185069442,0.004));
#11434=CARTESIAN_POINT('',(0.00897616374492646,0.0209300185069442,0.004));
#11435=CARTESIAN_POINT('',(0.00897616374492646,0.0426620693145131,0.004));
#11436=CARTESIAN_POINT('',(0.00897616374492646,0.0409300185069442,0.005));
#11437=CARTESIAN_POINT('',(-0.00102383625507355,0.0209300185069442,0.003));
#11438=CARTESIAN_POINT('',(-0.0100238362550735,0.0209300185069442,0.003));
#11439=CARTESIAN_POINT('',(-0.0100238362550735,0.0449300185069442,0.003));
#11440=CARTESIAN_POINT('',(-0.0100238362550735,0.0219300185069442,0.003));
#11441=CARTESIAN_POINT('',(0.00897616374492646,0.0219300185069442,0.003));
#11442=CARTESIAN_POINT('',(0.00797616374492646,0.0219300185069442,0.003));
#11443=CARTESIAN_POINT('',(0.00797616374492646,0.0209300185069442,0.003));
#11444=CARTESIAN_POINT('',(0.00797616374492646,0.0449300185069442,0.003));
#11445=CARTESIAN_POINT('',(-0.00102383625507355,0.0449300185069442,0.003));
#11446=CARTESIAN_POINT('',(-0.00402383625507355,0.0449300185069442,0.002));
#11447=CARTESIAN_POINT('',(0.00797616374492646,0.0449300185069442,0.002));
#11448=CARTESIAN_POINT('',(-0.0100238362550735,0.0449300185069442,0.002));
#11449=CARTESIAN_POINT('',(-0.0100238362550735,0.0449300185069442,0.004));
#11450=CARTESIAN_POINT('',(-0.0120238362550735,0.0449300185069442,0.004));
#11451=CARTESIAN_POINT('',(-0.0100238362550735,0.0449300185069442,0.004));
#11452=CARTESIAN_POINT('',(0.00797616374492646,0.0449300185069442,0.004));
#11453=CARTESIAN_POINT('',(0.00797616374492646,0.0449300185069442,0.004));
#11454=CARTESIAN_POINT('',(0.00997616374492646,0.0449300185069442,0.004));
#11455=CARTESIAN_POINT('',(-0.0100238362550735,0.0209300185069442,0.004));
#11456=CARTESIAN_POINT('',(-0.0110238362550735,0.0426620693145131,0.004));
#11457=CARTESIAN_POINT('',(-0.0110238362550735,0.0424278450011569,0.00379715579444963));
#11458=CARTESIAN_POINT('',(-0.0109320919010013,0.0418476567899975,0.00357056944617741));
#11459=CARTESIAN_POINT('',(-0.0108898616588582,0.0412379346786288,0.00350000000000014));
#11460=CARTESIAN_POINT('',(-0.0108898616588582,0.0409300185069441,0.00350000000000014));
#11461=CARTESIAN_POINT('',(-0.010889861658858,0.0409300185069442,0.0035));
#11462=CARTESIAN_POINT('',(-0.010889861658858,0.0209300185069442,0.0035));
#11463=CARTESIAN_POINT('',(-0.010889861658858,0.0210639931031598,0.0035));
#11464=CARTESIAN_POINT('',(-0.0100238362550735,0.0219300185069442,0.004));
#11465=CARTESIAN_POINT('',(0.00797616374492646,0.0209300185069442,0.004));
#11466=CARTESIAN_POINT('',(0.00797616374492646,0.0219300185069442,0.004));
#11467=CARTESIAN_POINT('',(0.00884218914871089,0.0210639931031598,0.0035));
#11468=CARTESIAN_POINT('',(0.00884218914871089,0.0209300185069442,0.0035));
#11469=CARTESIAN_POINT('',(0.00884218914871089,0.0409300185069442,0.0035));
#11470=CARTESIAN_POINT('',(0.00884218914871089,0.0409300185069442,0.0035));
#11471=CARTESIAN_POINT('',(0.00884218914871089,0.0412379346786288,0.0035));
#11472=CARTESIAN_POINT('',(0.00888441939085389,0.0418476567899978,0.00357056944617688));
#11473=CARTESIAN_POINT('',(0.00897616374492747,0.0424278450011563,0.00379715579445087));
#11474=CARTESIAN_POINT('',(0.00897616374492721,0.0426620693145121,0.00400000000000128));
#11475=CARTESIAN_POINT('',(-0.00102383625507355,0.0219300185069442,0.004));
#11476=CARTESIAN_POINT('',(-0.00102383625507355,0.0210639931031598,0.0035));
#11477=CARTESIAN_POINT('',(0.00997616374492646,0.0429300185069442,0.013));
#11478=CARTESIAN_POINT('',(0.00997616374492646,0.0429300185069442,0.013));
#11479=CARTESIAN_POINT('',(0.00997616374492646,0.0429300185069442,0.005));
#11480=CARTESIAN_POINT('',(-0.0120238362550735,0.0429300185069442,0.008));
#11481=CARTESIAN_POINT('',(-0.0120238362550735,0.0429300185069442,0.013));
#11482=CARTESIAN_POINT('',(-0.0120238362550735,0.0429300185069442,0.005));
#11483=CARTESIAN_POINT('',(0.00997616374492646,0.0409300185069442,0.005));
#11484=CARTESIAN_POINT('',(0.00997616374492646,0.0426620693145131,0.004));
#11485=CARTESIAN_POINT('',(-0.0120238362550735,0.0409300185069442,0.005));
#11486=CARTESIAN_POINT('',(-0.0120238362550735,0.0426620693145131,0.004));
#11487=CARTESIAN_POINT('',(0.00970821455249533,0.0409300185069442,0.004));
#11488=CARTESIAN_POINT('',(0.00913086428330571,0.0409300185069442,0.004));
#11489=CARTESIAN_POINT('',(0.00884218914871089,0.0409300185069442,0.0035));
#11490=CARTESIAN_POINT('',(0.00970821456336018,0.0411081516221918,0.004));
#11491=CARTESIAN_POINT('',(0.00913086428516828,0.0411675293877349,0.00400000001566295));
#11492=CARTESIAN_POINT('',(0.00884218915412253,0.0412862847374344,0.00350000000937324));
#11493=CARTESIAN_POINT('',(0.00983265657104277,0.0414522490547365,0.00409444490812929));
#11494=CARTESIAN_POINT('',(0.00916682614567768,0.041651929416981,0.00419481561858141));
#11495=CARTESIAN_POINT('',(0.00890441014998909,0.0419744795989702,0.00359444490446985));
#11496=CARTESIAN_POINT('',(0.00997616371290278,0.0417078592834243,0.00434725974506239));
#11497=CARTESIAN_POINT('',(0.0090497249904132,0.0417748087357111,0.00446321944541896));
#11498=CARTESIAN_POINT('',(0.00897616374492646,0.0424857000670266,0.00384725974300802));
#11499=CARTESIAN_POINT('',(0.00997616374492646,0.0417960439107286,0.0045));
#11500=CARTESIAN_POINT('',(0.00897616374492646,0.0417960439107286,0.0045));
#11501=CARTESIAN_POINT('',(0.00897616374492646,0.0426620693145131,0.004));
#11502=CARTESIAN_POINT('',(0.00970821455249533,0.0409300185069442,0.003));
#11503=CARTESIAN_POINT('',(-0.010889861658858,0.0409300185069442,0.0035));
#11504=CARTESIAN_POINT('',(-0.0111785367934528,0.0409300185069442,0.004));
#11505=CARTESIAN_POINT('',(-0.0117558870626424,0.0409300185069442,0.004));
#11506=CARTESIAN_POINT('',(-0.0108898616642691,0.0412862847374394,0.00350000000937233));
#11507=CARTESIAN_POINT('',(-0.0111785367953122,0.0411675293877355,0.00400000001566311));
#11508=CARTESIAN_POINT('',(-0.0117558870735026,0.0411081516221918,0.004));
#11509=CARTESIAN_POINT('',(-0.0109520826601364,0.0419744795989677,0.00359444490447031));
#11510=CARTESIAN_POINT('',(-0.0112144986558276,0.0416519294169807,0.00419481561858134));
#11511=CARTESIAN_POINT('',(-0.0118803290811922,0.0414522490547365,0.00409444490812929));
#11512=CARTESIAN_POINT('',(-0.0110238362550735,0.0424857000670266,0.00384725974300802));
#11513=CARTESIAN_POINT('',(-0.0110973975005576,0.0417748087357111,0.00446321944541896));
#11514=CARTESIAN_POINT('',(-0.0120238362230499,0.0417078592834243,0.00434725974506239));
#11515=CARTESIAN_POINT('',(-0.0110238362550735,0.0426620693145131,0.004));
#11516=CARTESIAN_POINT('',(-0.0110238362550735,0.0417960439107286,0.0045));
#11517=CARTESIAN_POINT('',(-0.0120238362550735,0.0417960439107286,0.0045));
#11518=CARTESIAN_POINT('',(-0.0117558870626424,0.0409300185069442,0.003));
#11519=CARTESIAN_POINT('',(0.00970821455249533,0.0209300185069442,0.003));
#11520=CARTESIAN_POINT('',(0.00970821455249533,0.0201979676993753,0.003));
#11521=CARTESIAN_POINT('',(-0.0117558870626424,0.0209300185069442,0.003));
#11522=CARTESIAN_POINT('',(-0.0117558870626424,0.0201979676993753,0.003));
#11523=CARTESIAN_POINT('',(-0.00102383625507355,0.0201979676993753,0.003));
#11524=CARTESIAN_POINT('',(0.00997616374492646,0.0449300185069442,0.008));
#11525=CARTESIAN_POINT('',(0.00997616374492646,0.0449300185069442,0.013));
#11526=CARTESIAN_POINT('',(0.00997616374492646,0.0209300185069442,0.013));
#11527=CARTESIAN_POINT('',(0.00997616374492646,0.0449300185069442,0.013));
#11528=CARTESIAN_POINT('',(0.00997616374492646,0.0429300185069442,0.013));
#11529=CARTESIAN_POINT('',(0.00997616374492646,0.0429300185069442,0.013));
#11530=CARTESIAN_POINT('',(0.00997616374492646,0.0429300185069442,0.013));
#11531=CARTESIAN_POINT('',(-0.00602383625507355,0.0429300185069442,0.013));
#11532=CARTESIAN_POINT('',(0.0409761637449264,0.0429300185069442,0.013));
#11533=CARTESIAN_POINT('',(0.0409761637449264,0.0409300185069442,0.013));
#11534=CARTESIAN_POINT('',(0.0429761637449265,0.0409300185069442,0.013));
#11535=CARTESIAN_POINT('',(0.0429761637449265,-0.00606998149305582,0.013));
#11536=CARTESIAN_POINT('',(0.0429761637449265,-0.0530699814930558,0.013));
#11537=CARTESIAN_POINT('',(0.0409761637449264,-0.0530699814930558,0.013));
#11538=CARTESIAN_POINT('',(0.0409761637449264,-0.0550699814930558,0.013));
#11539=CARTESIAN_POINT('',(-0.00602383625507354,-0.0550699814930558,0.013));
#11540=CARTESIAN_POINT('',(-0.0530238362550735,-0.0550699814930558,0.013));
#11541=CARTESIAN_POINT('',(-0.0530238362550736,-0.0530699814930558,0.013));
#11542=CARTESIAN_POINT('',(-0.0550238362550736,-0.0530699814930558,0.013));
#11543=CARTESIAN_POINT('',(-0.0550238362550736,-0.00606998149305582,0.013));
#11544=CARTESIAN_POINT('',(-0.0550238362550736,0.0409300185069442,0.013));
#11545=CARTESIAN_POINT('',(-0.0530238362550736,0.0409300185069442,0.013));
#11546=CARTESIAN_POINT('',(-0.0530238362550736,0.0429300185069442,0.013));
#11547=CARTESIAN_POINT('',(-0.00602383625507355,0.0429300185069442,0.013));
#11548=CARTESIAN_POINT('',(-0.0120238362550735,0.0429300185069442,0.013));
#11549=CARTESIAN_POINT('',(-0.0120238362550735,0.0429300185069442,0.013));
#11550=CARTESIAN_POINT('',(-0.0120238362550735,0.0429300185069442,0.013));
#11551=CARTESIAN_POINT('',(-0.0120238362550735,-0.00606998149305582,0.013));
#11552=CARTESIAN_POINT('',(-0.0120238362550735,0.0449300185069442,0.013));
#11553=CARTESIAN_POINT('',(-0.0120238362550735,0.0449300185069442,0.013));
#11554=CARTESIAN_POINT('',(-0.0120238362550735,0.0449300185069442,0.013));
#11555=CARTESIAN_POINT('',(0.00997616374492646,0.0449300185069442,0.013));
#11556=CARTESIAN_POINT('',(0.00997616374492646,0.0449300185069442,0.013));
#11557=CARTESIAN_POINT('',(-0.00402383625507355,0.0449300185069442,0.013));
#11558=CARTESIAN_POINT('',(0.0449761637449265,0.0449300185069442,0.013));
#11559=CARTESIAN_POINT('',(0.0449761637449265,0.0449300185069442,0.013));
#11560=CARTESIAN_POINT('',(0.0449761637449265,0.0449300185069442,0.013));
#11561=CARTESIAN_POINT('',(0.0449761637449265,-0.00606998149305582,0.013));
#11562=CARTESIAN_POINT('',(0.0449761637449265,-0.0570699814930558,0.013));
#11563=CARTESIAN_POINT('',(0.0449761637449265,-0.0570699814930558,0.013));
#11564=CARTESIAN_POINT('',(0.0449761637449265,-0.0570699814930558,0.013));
#11565=CARTESIAN_POINT('',(-0.00602383625507355,-0.0570699814930558,0.013));
#11566=CARTESIAN_POINT('',(-0.0570238362550735,-0.0570699814930558,0.013));
#11567=CARTESIAN_POINT('',(-0.0570238362550735,-0.0570699814930558,0.013));
#11568=CARTESIAN_POINT('',(-0.0570238362550736,-0.0570699814930558,0.013));
#11569=CARTESIAN_POINT('',(-0.0570238362550736,0.0439300185069442,0.013));
#11570=CARTESIAN_POINT('',(-0.0570238362550736,0.0449300185069442,0.013));
#11571=CARTESIAN_POINT('',(-0.0570238362550736,0.0449300185069442,0.013));
#11572=CARTESIAN_POINT('',(-0.0570238362550736,0.0449300185069442,0.013));
#11573=CARTESIAN_POINT('',(-0.00402383625507355,0.0449300185069442,0.013));
#11574=CARTESIAN_POINT('',(-0.0120238362550735,0.0449300185069442,0.013));
#11575=CARTESIAN_POINT('',(-0.0120238362550735,0.0449300185069442,0.013));
#11576=MECHANICAL_DESIGN_GEOMETRIC_PRESENTATION_REPRESENTATION('',(#6547),
#11577);
#11577=(
GEOMETRIC_REPRESENTATION_CONTEXT(3)
GLOBAL_UNCERTAINTY_ASSIGNED_CONTEXT((#11578))
GLOBAL_UNIT_ASSIGNED_CONTEXT((#11581,#11580,#11579))
REPRESENTATION_CONTEXT('Part 1','TOP_LEVEL_ASSEMBLY_PART')
);
#11578=UNCERTAINTY_MEASURE_WITH_UNIT(LENGTH_MEASURE(2.E-5),#11581,
'DISTANCE_ACCURACY_VALUE','Maximum Tolerance applied to model');
#11579=(
NAMED_UNIT(*)
SI_UNIT($,.STERADIAN.)
SOLID_ANGLE_UNIT()
);
#11580=(
NAMED_UNIT(*)
PLANE_ANGLE_UNIT()
SI_UNIT($,.RADIAN.)
);
#11581=(
LENGTH_UNIT()
NAMED_UNIT(*)
SI_UNIT($,.METRE.)
);
#11582=PRODUCT_DEFINITION_SHAPE('','',#11583);
#11583=PRODUCT_DEFINITION('','',#11585,#11584);
#11584=PRODUCT_DEFINITION_CONTEXT('',#11591,'design');
#11585=PRODUCT_DEFINITION_FORMATION_WITH_SPECIFIED_SOURCE('','',#11587,
 .NOT_KNOWN.);
#11586=PRODUCT_RELATED_PRODUCT_CATEGORY('','',(#11587));
#11587=PRODUCT('Part 1','Part 1','Part 1',(#11589));
#11588=PRODUCT_CATEGORY('','');
#11589=PRODUCT_CONTEXT('',#11591,'mechanical');
#11590=APPLICATION_PROTOCOL_DEFINITION('international standard',
'ap242_managed_model_based_3d_engineering',2020,#11591);
#11591=APPLICATION_CONTEXT('managed model based 3d engineering');
ENDSEC;
END-ISO-10303-21;
