ISO-10303-21;
HEADER;
/* Generated by software containing ST-Developer
 * from STEP Tools, Inc. (www.steptools.com) 
 */
/* OPTION: using custom renumber hook */

FILE_DESCRIPTION(
/* description */ ('STEP AP242 Edition 2',
'CAx-IF Rec.Pracs.---Representation and Presentation of Product Manufa
cturing Information (PMI)---4.0---2014-10-13',
'CAx-IF Rec.Pracs.---3D Tessellated Geometry---0.4---2014-09-14','2;1',
'CAx-IF Rec.Pracs.---User Defined Attributes---1.5---2016-08-15'),
/* implementation_level */ '2;1');

FILE_NAME(
/* name */ 'Part Studio 2 - Part 2',
/* time_stamp */ '2026-09-23T23:17:44Z',
/* author */ (''),
/* organization */ (''),
/* preprocessor_version */ 'ST-DEVELOPER v20',
/* originating_system */ 'ONSHAPE BY PTC INC, 1.221',
/* authorisation */ '  ');

FILE_SCHEMA (('AP242_MANAGED_MODEL_BASED_3D_ENGINEERING_MIM_LF { 1 0 10303 442 3 1 4 }'));
ENDSEC;

DATA;
#10=SHAPE_REPRESENTATION_RELATIONSHIP('','',#2903,#11);
#11=ADVANCED_BREP_SHAPE_REPRESENTATION('',(#2901),#4897);
#12=SPHERICAL_SURFACE('',#3174,0.001);
#13=SPHERICAL_SURFACE('',#3176,0.001);
#14=SPHERICAL_SURFACE('',#3186,0.001);
#15=SPHERICAL_SURFACE('',#3188,0.001);
#16=CYLINDRICAL_SURFACE('',#3107,0.001);
#17=CYLINDRICAL_SURFACE('',#3108,0.001);
#18=CYLINDRICAL_SURFACE('',#3109,0.001);
#19=CYLINDRICAL_SURFACE('',#3110,0.001);
#20=CYLINDRICAL_SURFACE('',#3111,0.001);
#21=CYLINDRICAL_SURFACE('',#3112,0.001);
#22=CYLINDRICAL_SURFACE('',#3113,0.001);
#23=CYLINDRICAL_SURFACE('',#3114,0.001);
#24=CYLINDRICAL_SURFACE('',#3115,0.001);
#25=CYLINDRICAL_SURFACE('',#3116,0.001);
#26=CYLINDRICAL_SURFACE('',#3117,0.001);
#27=CYLINDRICAL_SURFACE('',#3118,0.001);
#28=CYLINDRICAL_SURFACE('',#3119,0.001);
#29=CYLINDRICAL_SURFACE('',#3120,0.001);
#30=CYLINDRICAL_SURFACE('',#3121,0.001);
#31=CYLINDRICAL_SURFACE('',#3122,0.001);
#32=CYLINDRICAL_SURFACE('',#3123,0.001);
#33=CYLINDRICAL_SURFACE('',#3124,0.001);
#34=CYLINDRICAL_SURFACE('',#3125,0.001);
#35=CYLINDRICAL_SURFACE('',#3126,0.001);
#36=CYLINDRICAL_SURFACE('',#3127,0.001);
#37=CYLINDRICAL_SURFACE('',#3128,0.001);
#38=CYLINDRICAL_SURFACE('',#3129,0.001);
#39=CYLINDRICAL_SURFACE('',#3130,0.001);
#40=CYLINDRICAL_SURFACE('',#3131,0.001);
#41=CYLINDRICAL_SURFACE('',#3132,0.001);
#42=CYLINDRICAL_SURFACE('',#3133,0.001);
#43=CYLINDRICAL_SURFACE('',#3134,0.001);
#44=CYLINDRICAL_SURFACE('',#3135,0.001);
#45=CYLINDRICAL_SURFACE('',#3136,0.001);
#46=CYLINDRICAL_SURFACE('',#3137,0.001);
#47=CYLINDRICAL_SURFACE('',#3138,0.001);
#48=CYLINDRICAL_SURFACE('',#3139,0.001);
#49=CYLINDRICAL_SURFACE('',#3140,0.001);
#50=CYLINDRICAL_SURFACE('',#3141,0.001);
#51=CYLINDRICAL_SURFACE('',#3142,0.001);
#52=CYLINDRICAL_SURFACE('',#3143,0.001);
#53=CYLINDRICAL_SURFACE('',#3144,0.001);
#54=CYLINDRICAL_SURFACE('',#3145,0.001);
#55=CYLINDRICAL_SURFACE('',#3146,0.001);
#56=CYLINDRICAL_SURFACE('',#3147,0.001);
#57=CYLINDRICAL_SURFACE('',#3148,0.001);
#58=CYLINDRICAL_SURFACE('',#3149,0.001);
#59=CYLINDRICAL_SURFACE('',#3150,0.001);
#60=CYLINDRICAL_SURFACE('',#3151,0.001);
#61=CYLINDRICAL_SURFACE('',#3152,0.001);
#62=CYLINDRICAL_SURFACE('',#3153,0.001);
#63=CYLINDRICAL_SURFACE('',#3154,0.001);
#64=CYLINDRICAL_SURFACE('',#3155,0.001);
#65=CYLINDRICAL_SURFACE('',#3156,0.001);
#66=CYLINDRICAL_SURFACE('',#3157,0.001);
#67=CYLINDRICAL_SURFACE('',#3158,0.001);
#68=CYLINDRICAL_SURFACE('',#3159,0.001);
#69=CYLINDRICAL_SURFACE('',#3160,0.001);
#70=CYLINDRICAL_SURFACE('',#3161,0.001);
#71=CYLINDRICAL_SURFACE('',#3162,0.001);
#72=CYLINDRICAL_SURFACE('',#3163,0.001);
#73=CYLINDRICAL_SURFACE('',#3164,0.001);
#74=CYLINDRICAL_SURFACE('',#3165,0.001);
#75=CYLINDRICAL_SURFACE('',#3166,0.001);
#76=CYLINDRICAL_SURFACE('',#3167,0.001);
#77=CYLINDRICAL_SURFACE('',#3169,0.001);
#78=CYLINDRICAL_SURFACE('',#3171,0.001);
#79=CYLINDRICAL_SURFACE('',#3178,0.001);
#80=CYLINDRICAL_SURFACE('',#3180,0.001);
#81=CYLINDRICAL_SURFACE('',#3182,0.001);
#82=CYLINDRICAL_SURFACE('',#3184,0.001);
#83=CYLINDRICAL_SURFACE('',#3190,0.001);
#84=CYLINDRICAL_SURFACE('',#3191,0.007);
#85=CYLINDRICAL_SURFACE('',#3192,0.007);
#86=CYLINDRICAL_SURFACE('',#3193,0.007);
#87=CYLINDRICAL_SURFACE('',#3194,0.007);
#88=CIRCLE('',#2971,0.007);
#89=CIRCLE('',#2972,0.007);
#90=CIRCLE('',#2973,0.007);
#91=CIRCLE('',#2974,0.007);
#92=CIRCLE('',#2975,0.001);
#93=CIRCLE('',#2976,0.001);
#94=CIRCLE('',#2977,0.001);
#95=CIRCLE('',#2978,0.001);
#96=CIRCLE('',#2979,0.001);
#97=CIRCLE('',#2980,0.001);
#98=CIRCLE('',#2981,0.001);
#99=CIRCLE('',#2982,0.001);
#100=CIRCLE('',#2983,0.001);
#101=CIRCLE('',#2984,0.001);
#102=CIRCLE('',#2985,0.001);
#103=CIRCLE('',#2986,0.001);
#104=CIRCLE('',#2987,0.001);
#105=CIRCLE('',#2988,0.001);
#106=CIRCLE('',#2989,0.001);
#107=CIRCLE('',#2990,0.001);
#108=CIRCLE('',#2991,0.001);
#109=CIRCLE('',#2992,0.001);
#110=CIRCLE('',#2993,0.001);
#111=CIRCLE('',#2994,0.001);
#112=CIRCLE('',#2995,0.001);
#113=CIRCLE('',#2996,0.001);
#114=CIRCLE('',#2997,0.001);
#115=CIRCLE('',#2998,0.001);
#116=CIRCLE('',#2999,0.001);
#117=CIRCLE('',#3000,0.001);
#118=CIRCLE('',#3001,0.001);
#119=CIRCLE('',#3002,0.001);
#120=CIRCLE('',#3003,0.001);
#121=CIRCLE('',#3004,0.001);
#122=CIRCLE('',#3005,0.001);
#123=CIRCLE('',#3006,0.001);
#124=CIRCLE('',#3007,0.001);
#125=CIRCLE('',#3008,0.001);
#126=CIRCLE('',#3009,0.001);
#127=CIRCLE('',#3010,0.001);
#128=CIRCLE('',#3011,0.001);
#129=CIRCLE('',#3012,0.001);
#130=CIRCLE('',#3013,0.001);
#131=CIRCLE('',#3014,0.001);
#132=CIRCLE('',#3015,0.001);
#133=CIRCLE('',#3016,0.001);
#134=CIRCLE('',#3017,0.001);
#135=CIRCLE('',#3018,0.001);
#136=CIRCLE('',#3019,0.001);
#137=CIRCLE('',#3020,0.001);
#138=CIRCLE('',#3021,0.001);
#139=CIRCLE('',#3022,0.001);
#140=CIRCLE('',#3023,0.001);
#141=CIRCLE('',#3024,0.001);
#142=CIRCLE('',#3025,0.001);
#143=CIRCLE('',#3026,0.001);
#144=CIRCLE('',#3027,0.001);
#145=CIRCLE('',#3028,0.001);
#146=CIRCLE('',#3029,0.001);
#147=CIRCLE('',#3030,0.001);
#148=CIRCLE('',#3031,0.001);
#149=CIRCLE('',#3032,0.001);
#150=CIRCLE('',#3033,0.001);
#151=CIRCLE('',#3034,0.001);
#152=CIRCLE('',#3036,0.001);
#153=CIRCLE('',#3037,0.001);
#154=CIRCLE('',#3038,0.001);
#155=CIRCLE('',#3039,0.001);
#156=CIRCLE('',#3040,0.007);
#157=CIRCLE('',#3041,0.007);
#158=CIRCLE('',#3042,0.007);
#159=CIRCLE('',#3043,0.007);
#160=CIRCLE('',#3044,0.001);
#161=CIRCLE('',#3045,0.001);
#162=CIRCLE('',#3046,0.001);
#163=CIRCLE('',#3047,0.001);
#164=CIRCLE('',#3048,0.001);
#165=CIRCLE('',#3049,0.001);
#166=CIRCLE('',#3050,0.001);
#167=CIRCLE('',#3051,0.001);
#168=CIRCLE('',#3052,0.001);
#169=CIRCLE('',#3053,0.001);
#170=CIRCLE('',#3054,0.001);
#171=CIRCLE('',#3055,0.001);
#172=CIRCLE('',#3056,0.001);
#173=CIRCLE('',#3057,0.001);
#174=CIRCLE('',#3058,0.001);
#175=CIRCLE('',#3059,0.001);
#176=CIRCLE('',#3060,0.001);
#177=CIRCLE('',#3061,0.001);
#178=CIRCLE('',#3062,0.001);
#179=CIRCLE('',#3063,0.001);
#180=CIRCLE('',#3064,0.001);
#181=CIRCLE('',#3065,0.001);
#182=CIRCLE('',#3066,0.001);
#183=CIRCLE('',#3067,0.001);
#184=CIRCLE('',#3068,0.001);
#185=CIRCLE('',#3069,0.001);
#186=CIRCLE('',#3070,0.001);
#187=CIRCLE('',#3071,0.001);
#188=CIRCLE('',#3072,0.001);
#189=CIRCLE('',#3073,0.001);
#190=CIRCLE('',#3074,0.001);
#191=CIRCLE('',#3075,0.001);
#192=CIRCLE('',#3076,0.001);
#193=CIRCLE('',#3077,0.001);
#194=CIRCLE('',#3078,0.001);
#195=CIRCLE('',#3079,0.001);
#196=CIRCLE('',#3080,0.001);
#197=CIRCLE('',#3081,0.001);
#198=CIRCLE('',#3082,0.001);
#199=CIRCLE('',#3083,0.001);
#200=CIRCLE('',#3084,0.001);
#201=CIRCLE('',#3085,0.001);
#202=CIRCLE('',#3086,0.001);
#203=CIRCLE('',#3087,0.001);
#204=CIRCLE('',#3088,0.001);
#205=CIRCLE('',#3089,0.001);
#206=CIRCLE('',#3090,0.001);
#207=CIRCLE('',#3091,0.001);
#208=CIRCLE('',#3092,0.001);
#209=CIRCLE('',#3093,0.001);
#210=CIRCLE('',#3094,0.001);
#211=CIRCLE('',#3095,0.001);
#212=CIRCLE('',#3096,0.001);
#213=CIRCLE('',#3097,0.001);
#214=CIRCLE('',#3098,0.001);
#215=CIRCLE('',#3099,0.001);
#216=CIRCLE('',#3100,0.001);
#217=CIRCLE('',#3101,0.001);
#218=CIRCLE('',#3102,0.001);
#219=CIRCLE('',#3103,0.001);
#220=CIRCLE('',#3168,0.001);
#221=CIRCLE('',#3170,0.001);
#222=CIRCLE('',#3172,0.001);
#223=CIRCLE('',#3173,0.001);
#224=CIRCLE('',#3175,0.001);
#225=CIRCLE('',#3177,0.001);
#226=CIRCLE('',#3179,0.001);
#227=CIRCLE('',#3181,0.001);
#228=CIRCLE('',#3183,0.001);
#229=CIRCLE('',#3185,0.001);
#230=CIRCLE('',#3187,0.001);
#231=CIRCLE('',#3189,0.001);
#232=ORIENTED_EDGE('',*,*,#1072,.F.);
#233=ORIENTED_EDGE('',*,*,#1073,.T.);
#234=ORIENTED_EDGE('',*,*,#1074,.T.);
#235=ORIENTED_EDGE('',*,*,#1075,.T.);
#236=ORIENTED_EDGE('',*,*,#1076,.T.);
#237=ORIENTED_EDGE('',*,*,#1077,.T.);
#238=ORIENTED_EDGE('',*,*,#1078,.F.);
#239=ORIENTED_EDGE('',*,*,#1079,.T.);
#240=ORIENTED_EDGE('',*,*,#1080,.F.);
#241=ORIENTED_EDGE('',*,*,#1081,.T.);
#242=ORIENTED_EDGE('',*,*,#1082,.T.);
#243=ORIENTED_EDGE('',*,*,#1083,.T.);
#244=ORIENTED_EDGE('',*,*,#1084,.T.);
#245=ORIENTED_EDGE('',*,*,#1085,.T.);
#246=ORIENTED_EDGE('',*,*,#1086,.F.);
#247=ORIENTED_EDGE('',*,*,#1087,.T.);
#248=ORIENTED_EDGE('',*,*,#1088,.F.);
#249=ORIENTED_EDGE('',*,*,#1089,.T.);
#250=ORIENTED_EDGE('',*,*,#1090,.T.);
#251=ORIENTED_EDGE('',*,*,#1091,.T.);
#252=ORIENTED_EDGE('',*,*,#1092,.T.);
#253=ORIENTED_EDGE('',*,*,#1093,.T.);
#254=ORIENTED_EDGE('',*,*,#1094,.F.);
#255=ORIENTED_EDGE('',*,*,#1095,.T.);
#256=ORIENTED_EDGE('',*,*,#1096,.F.);
#257=ORIENTED_EDGE('',*,*,#1097,.T.);
#258=ORIENTED_EDGE('',*,*,#1098,.T.);
#259=ORIENTED_EDGE('',*,*,#1099,.T.);
#260=ORIENTED_EDGE('',*,*,#1100,.T.);
#261=ORIENTED_EDGE('',*,*,#1101,.T.);
#262=ORIENTED_EDGE('',*,*,#1102,.F.);
#263=ORIENTED_EDGE('',*,*,#1103,.T.);
#264=ORIENTED_EDGE('',*,*,#1104,.F.);
#265=ORIENTED_EDGE('',*,*,#1105,.T.);
#266=ORIENTED_EDGE('',*,*,#1106,.T.);
#267=ORIENTED_EDGE('',*,*,#1107,.T.);
#268=ORIENTED_EDGE('',*,*,#1108,.T.);
#269=ORIENTED_EDGE('',*,*,#1109,.T.);
#270=ORIENTED_EDGE('',*,*,#1110,.F.);
#271=ORIENTED_EDGE('',*,*,#1111,.T.);
#272=ORIENTED_EDGE('',*,*,#1112,.F.);
#273=ORIENTED_EDGE('',*,*,#1113,.T.);
#274=ORIENTED_EDGE('',*,*,#1114,.T.);
#275=ORIENTED_EDGE('',*,*,#1115,.T.);
#276=ORIENTED_EDGE('',*,*,#1116,.T.);
#277=ORIENTED_EDGE('',*,*,#1117,.T.);
#278=ORIENTED_EDGE('',*,*,#1118,.F.);
#279=ORIENTED_EDGE('',*,*,#1119,.T.);
#280=ORIENTED_EDGE('',*,*,#1120,.F.);
#281=ORIENTED_EDGE('',*,*,#1121,.T.);
#282=ORIENTED_EDGE('',*,*,#1122,.T.);
#283=ORIENTED_EDGE('',*,*,#1123,.T.);
#284=ORIENTED_EDGE('',*,*,#1124,.T.);
#285=ORIENTED_EDGE('',*,*,#1125,.T.);
#286=ORIENTED_EDGE('',*,*,#1126,.F.);
#287=ORIENTED_EDGE('',*,*,#1127,.T.);
#288=ORIENTED_EDGE('',*,*,#1128,.F.);
#289=ORIENTED_EDGE('',*,*,#1129,.T.);
#290=ORIENTED_EDGE('',*,*,#1130,.T.);
#291=ORIENTED_EDGE('',*,*,#1131,.T.);
#292=ORIENTED_EDGE('',*,*,#1132,.T.);
#293=ORIENTED_EDGE('',*,*,#1133,.T.);
#294=ORIENTED_EDGE('',*,*,#1134,.F.);
#295=ORIENTED_EDGE('',*,*,#1135,.T.);
#296=ORIENTED_EDGE('',*,*,#1136,.F.);
#297=ORIENTED_EDGE('',*,*,#1137,.T.);
#298=ORIENTED_EDGE('',*,*,#1138,.T.);
#299=ORIENTED_EDGE('',*,*,#1139,.T.);
#300=ORIENTED_EDGE('',*,*,#1140,.T.);
#301=ORIENTED_EDGE('',*,*,#1141,.T.);
#302=ORIENTED_EDGE('',*,*,#1142,.F.);
#303=ORIENTED_EDGE('',*,*,#1143,.T.);
#304=ORIENTED_EDGE('',*,*,#1144,.F.);
#305=ORIENTED_EDGE('',*,*,#1145,.T.);
#306=ORIENTED_EDGE('',*,*,#1146,.T.);
#307=ORIENTED_EDGE('',*,*,#1147,.T.);
#308=ORIENTED_EDGE('',*,*,#1148,.T.);
#309=ORIENTED_EDGE('',*,*,#1149,.T.);
#310=ORIENTED_EDGE('',*,*,#1150,.F.);
#311=ORIENTED_EDGE('',*,*,#1151,.T.);
#312=ORIENTED_EDGE('',*,*,#1152,.F.);
#313=ORIENTED_EDGE('',*,*,#1153,.T.);
#314=ORIENTED_EDGE('',*,*,#1154,.T.);
#315=ORIENTED_EDGE('',*,*,#1155,.T.);
#316=ORIENTED_EDGE('',*,*,#1156,.T.);
#317=ORIENTED_EDGE('',*,*,#1157,.T.);
#318=ORIENTED_EDGE('',*,*,#1158,.F.);
#319=ORIENTED_EDGE('',*,*,#1159,.T.);
#320=ORIENTED_EDGE('',*,*,#1160,.F.);
#321=ORIENTED_EDGE('',*,*,#1161,.T.);
#322=ORIENTED_EDGE('',*,*,#1162,.T.);
#323=ORIENTED_EDGE('',*,*,#1163,.T.);
#324=ORIENTED_EDGE('',*,*,#1164,.T.);
#325=ORIENTED_EDGE('',*,*,#1165,.T.);
#326=ORIENTED_EDGE('',*,*,#1166,.F.);
#327=ORIENTED_EDGE('',*,*,#1167,.T.);
#328=ORIENTED_EDGE('',*,*,#1168,.F.);
#329=ORIENTED_EDGE('',*,*,#1169,.T.);
#330=ORIENTED_EDGE('',*,*,#1170,.T.);
#331=ORIENTED_EDGE('',*,*,#1171,.T.);
#332=ORIENTED_EDGE('',*,*,#1172,.T.);
#333=ORIENTED_EDGE('',*,*,#1173,.T.);
#334=ORIENTED_EDGE('',*,*,#1174,.F.);
#335=ORIENTED_EDGE('',*,*,#1175,.T.);
#336=ORIENTED_EDGE('',*,*,#1176,.F.);
#337=ORIENTED_EDGE('',*,*,#1177,.T.);
#338=ORIENTED_EDGE('',*,*,#1178,.T.);
#339=ORIENTED_EDGE('',*,*,#1179,.T.);
#340=ORIENTED_EDGE('',*,*,#1180,.T.);
#341=ORIENTED_EDGE('',*,*,#1181,.T.);
#342=ORIENTED_EDGE('',*,*,#1182,.F.);
#343=ORIENTED_EDGE('',*,*,#1183,.T.);
#344=ORIENTED_EDGE('',*,*,#1184,.F.);
#345=ORIENTED_EDGE('',*,*,#1185,.T.);
#346=ORIENTED_EDGE('',*,*,#1186,.T.);
#347=ORIENTED_EDGE('',*,*,#1187,.T.);
#348=ORIENTED_EDGE('',*,*,#1188,.T.);
#349=ORIENTED_EDGE('',*,*,#1189,.T.);
#350=ORIENTED_EDGE('',*,*,#1190,.F.);
#351=ORIENTED_EDGE('',*,*,#1191,.T.);
#352=ORIENTED_EDGE('',*,*,#1192,.F.);
#353=ORIENTED_EDGE('',*,*,#1193,.T.);
#354=ORIENTED_EDGE('',*,*,#1194,.T.);
#355=ORIENTED_EDGE('',*,*,#1195,.T.);
#356=ORIENTED_EDGE('',*,*,#1196,.T.);
#357=ORIENTED_EDGE('',*,*,#1197,.T.);
#358=ORIENTED_EDGE('',*,*,#1198,.F.);
#359=ORIENTED_EDGE('',*,*,#1199,.T.);
#360=ORIENTED_EDGE('',*,*,#1200,.F.);
#361=ORIENTED_EDGE('',*,*,#1201,.T.);
#362=ORIENTED_EDGE('',*,*,#1202,.T.);
#363=ORIENTED_EDGE('',*,*,#1203,.T.);
#364=ORIENTED_EDGE('',*,*,#1204,.T.);
#365=ORIENTED_EDGE('',*,*,#1205,.T.);
#366=ORIENTED_EDGE('',*,*,#1206,.F.);
#367=ORIENTED_EDGE('',*,*,#1207,.T.);
#368=ORIENTED_EDGE('',*,*,#1208,.F.);
#369=ORIENTED_EDGE('',*,*,#1209,.T.);
#370=ORIENTED_EDGE('',*,*,#1210,.T.);
#371=ORIENTED_EDGE('',*,*,#1211,.T.);
#372=ORIENTED_EDGE('',*,*,#1212,.T.);
#373=ORIENTED_EDGE('',*,*,#1213,.T.);
#374=ORIENTED_EDGE('',*,*,#1214,.F.);
#375=ORIENTED_EDGE('',*,*,#1215,.T.);
#376=ORIENTED_EDGE('',*,*,#1216,.T.);
#377=ORIENTED_EDGE('',*,*,#1217,.T.);
#378=ORIENTED_EDGE('',*,*,#1218,.F.);
#379=ORIENTED_EDGE('',*,*,#1219,.T.);
#380=ORIENTED_EDGE('',*,*,#1220,.F.);
#381=ORIENTED_EDGE('',*,*,#1221,.T.);
#382=ORIENTED_EDGE('',*,*,#1222,.T.);
#383=ORIENTED_EDGE('',*,*,#1223,.T.);
#384=ORIENTED_EDGE('',*,*,#1224,.T.);
#385=ORIENTED_EDGE('',*,*,#1225,.T.);
#386=ORIENTED_EDGE('',*,*,#1226,.F.);
#387=ORIENTED_EDGE('',*,*,#1227,.T.);
#388=ORIENTED_EDGE('',*,*,#1228,.F.);
#389=ORIENTED_EDGE('',*,*,#1229,.T.);
#390=ORIENTED_EDGE('',*,*,#1230,.T.);
#391=ORIENTED_EDGE('',*,*,#1231,.T.);
#392=ORIENTED_EDGE('',*,*,#1232,.T.);
#393=ORIENTED_EDGE('',*,*,#1233,.T.);
#394=ORIENTED_EDGE('',*,*,#1234,.F.);
#395=ORIENTED_EDGE('',*,*,#1235,.T.);
#396=ORIENTED_EDGE('',*,*,#1236,.T.);
#397=ORIENTED_EDGE('',*,*,#1237,.T.);
#398=ORIENTED_EDGE('',*,*,#1238,.F.);
#399=ORIENTED_EDGE('',*,*,#1239,.T.);
#400=ORIENTED_EDGE('',*,*,#1240,.T.);
#401=ORIENTED_EDGE('',*,*,#1241,.T.);
#402=ORIENTED_EDGE('',*,*,#1242,.F.);
#403=ORIENTED_EDGE('',*,*,#1243,.T.);
#404=ORIENTED_EDGE('',*,*,#1244,.T.);
#405=ORIENTED_EDGE('',*,*,#1245,.T.);
#406=ORIENTED_EDGE('',*,*,#1246,.F.);
#407=ORIENTED_EDGE('',*,*,#1247,.T.);
#408=ORIENTED_EDGE('',*,*,#1248,.T.);
#409=ORIENTED_EDGE('',*,*,#1249,.T.);
#410=ORIENTED_EDGE('',*,*,#1250,.F.);
#411=ORIENTED_EDGE('',*,*,#1251,.T.);
#412=ORIENTED_EDGE('',*,*,#1252,.T.);
#413=ORIENTED_EDGE('',*,*,#1253,.T.);
#414=ORIENTED_EDGE('',*,*,#1254,.F.);
#415=ORIENTED_EDGE('',*,*,#1255,.T.);
#416=ORIENTED_EDGE('',*,*,#1256,.T.);
#417=ORIENTED_EDGE('',*,*,#1257,.T.);
#418=ORIENTED_EDGE('',*,*,#1258,.F.);
#419=ORIENTED_EDGE('',*,*,#1259,.T.);
#420=ORIENTED_EDGE('',*,*,#1260,.T.);
#421=ORIENTED_EDGE('',*,*,#1261,.T.);
#422=ORIENTED_EDGE('',*,*,#1262,.F.);
#423=ORIENTED_EDGE('',*,*,#1263,.T.);
#424=ORIENTED_EDGE('',*,*,#1264,.F.);
#425=ORIENTED_EDGE('',*,*,#1265,.T.);
#426=ORIENTED_EDGE('',*,*,#1266,.T.);
#427=ORIENTED_EDGE('',*,*,#1267,.T.);
#428=ORIENTED_EDGE('',*,*,#1268,.F.);
#429=ORIENTED_EDGE('',*,*,#1269,.T.);
#430=ORIENTED_EDGE('',*,*,#1270,.T.);
#431=ORIENTED_EDGE('',*,*,#1271,.T.);
#432=ORIENTED_EDGE('',*,*,#1272,.F.);
#433=ORIENTED_EDGE('',*,*,#1273,.T.);
#434=ORIENTED_EDGE('',*,*,#1274,.T.);
#435=ORIENTED_EDGE('',*,*,#1275,.T.);
#436=ORIENTED_EDGE('',*,*,#1276,.F.);
#437=ORIENTED_EDGE('',*,*,#1277,.T.);
#438=ORIENTED_EDGE('',*,*,#1278,.T.);
#439=ORIENTED_EDGE('',*,*,#1279,.T.);
#440=ORIENTED_EDGE('',*,*,#1280,.F.);
#441=ORIENTED_EDGE('',*,*,#1281,.T.);
#442=ORIENTED_EDGE('',*,*,#1282,.T.);
#443=ORIENTED_EDGE('',*,*,#1283,.T.);
#444=ORIENTED_EDGE('',*,*,#1284,.F.);
#445=ORIENTED_EDGE('',*,*,#1285,.T.);
#446=ORIENTED_EDGE('',*,*,#1286,.T.);
#447=ORIENTED_EDGE('',*,*,#1287,.T.);
#448=ORIENTED_EDGE('',*,*,#1288,.F.);
#449=ORIENTED_EDGE('',*,*,#1289,.T.);
#450=ORIENTED_EDGE('',*,*,#1290,.T.);
#451=ORIENTED_EDGE('',*,*,#1291,.T.);
#452=ORIENTED_EDGE('',*,*,#1292,.F.);
#453=ORIENTED_EDGE('',*,*,#1293,.T.);
#454=ORIENTED_EDGE('',*,*,#1294,.T.);
#455=ORIENTED_EDGE('',*,*,#1295,.T.);
#456=ORIENTED_EDGE('',*,*,#1296,.F.);
#457=ORIENTED_EDGE('',*,*,#1297,.T.);
#458=ORIENTED_EDGE('',*,*,#1298,.T.);
#459=ORIENTED_EDGE('',*,*,#1299,.T.);
#460=ORIENTED_EDGE('',*,*,#1300,.F.);
#461=ORIENTED_EDGE('',*,*,#1301,.T.);
#462=ORIENTED_EDGE('',*,*,#1302,.T.);
#463=ORIENTED_EDGE('',*,*,#1303,.T.);
#464=ORIENTED_EDGE('',*,*,#1304,.F.);
#465=ORIENTED_EDGE('',*,*,#1305,.T.);
#466=ORIENTED_EDGE('',*,*,#1306,.T.);
#467=ORIENTED_EDGE('',*,*,#1307,.T.);
#468=ORIENTED_EDGE('',*,*,#1308,.F.);
#469=ORIENTED_EDGE('',*,*,#1309,.T.);
#470=ORIENTED_EDGE('',*,*,#1310,.T.);
#471=ORIENTED_EDGE('',*,*,#1311,.T.);
#472=ORIENTED_EDGE('',*,*,#1312,.T.);
#473=ORIENTED_EDGE('',*,*,#1313,.T.);
#474=ORIENTED_EDGE('',*,*,#1314,.F.);
#475=ORIENTED_EDGE('',*,*,#1315,.T.);
#476=ORIENTED_EDGE('',*,*,#1316,.F.);
#477=ORIENTED_EDGE('',*,*,#1317,.T.);
#478=ORIENTED_EDGE('',*,*,#1318,.T.);
#479=ORIENTED_EDGE('',*,*,#1319,.T.);
#480=ORIENTED_EDGE('',*,*,#1320,.F.);
#481=ORIENTED_EDGE('',*,*,#1321,.T.);
#482=ORIENTED_EDGE('',*,*,#1322,.T.);
#483=ORIENTED_EDGE('',*,*,#1323,.T.);
#484=ORIENTED_EDGE('',*,*,#1324,.T.);
#485=ORIENTED_EDGE('',*,*,#1325,.T.);
#486=ORIENTED_EDGE('',*,*,#1326,.F.);
#487=ORIENTED_EDGE('',*,*,#1327,.T.);
#488=ORIENTED_EDGE('',*,*,#1328,.T.);
#489=ORIENTED_EDGE('',*,*,#1329,.T.);
#490=ORIENTED_EDGE('',*,*,#1330,.T.);
#491=ORIENTED_EDGE('',*,*,#1331,.T.);
#492=ORIENTED_EDGE('',*,*,#1332,.T.);
#493=ORIENTED_EDGE('',*,*,#1333,.T.);
#494=ORIENTED_EDGE('',*,*,#1334,.T.);
#495=ORIENTED_EDGE('',*,*,#1335,.T.);
#496=ORIENTED_EDGE('',*,*,#1324,.F.);
#497=ORIENTED_EDGE('',*,*,#1336,.T.);
#498=ORIENTED_EDGE('',*,*,#1314,.T.);
#499=ORIENTED_EDGE('',*,*,#1337,.T.);
#500=ORIENTED_EDGE('',*,*,#1316,.T.);
#501=ORIENTED_EDGE('',*,*,#1338,.T.);
#502=ORIENTED_EDGE('',*,*,#1322,.F.);
#503=ORIENTED_EDGE('',*,*,#1339,.T.);
#504=ORIENTED_EDGE('',*,*,#1310,.F.);
#505=ORIENTED_EDGE('',*,*,#1340,.T.);
#506=ORIENTED_EDGE('',*,*,#1296,.T.);
#507=ORIENTED_EDGE('',*,*,#1341,.T.);
#508=ORIENTED_EDGE('',*,*,#1300,.T.);
#509=ORIENTED_EDGE('',*,*,#1342,.T.);
#510=ORIENTED_EDGE('',*,*,#1306,.F.);
#511=ORIENTED_EDGE('',*,*,#1343,.T.);
#512=ORIENTED_EDGE('',*,*,#1290,.F.);
#513=ORIENTED_EDGE('',*,*,#1344,.T.);
#514=ORIENTED_EDGE('',*,*,#1292,.T.);
#515=ORIENTED_EDGE('',*,*,#1345,.T.);
#516=ORIENTED_EDGE('',*,*,#1280,.T.);
#517=ORIENTED_EDGE('',*,*,#1346,.T.);
#518=ORIENTED_EDGE('',*,*,#1286,.F.);
#519=ORIENTED_EDGE('',*,*,#1347,.T.);
#520=ORIENTED_EDGE('',*,*,#1274,.F.);
#521=ORIENTED_EDGE('',*,*,#1348,.T.);
#522=ORIENTED_EDGE('',*,*,#1276,.T.);
#523=ORIENTED_EDGE('',*,*,#1349,.T.);
#524=ORIENTED_EDGE('',*,*,#1264,.T.);
#525=ORIENTED_EDGE('',*,*,#1350,.T.);
#526=ORIENTED_EDGE('',*,*,#1270,.F.);
#527=ORIENTED_EDGE('',*,*,#1351,.T.);
#528=ORIENTED_EDGE('',*,*,#1260,.F.);
#529=ORIENTED_EDGE('',*,*,#1352,.T.);
#530=ORIENTED_EDGE('',*,*,#1250,.T.);
#531=ORIENTED_EDGE('',*,*,#1353,.T.);
#532=ORIENTED_EDGE('',*,*,#1254,.T.);
#533=ORIENTED_EDGE('',*,*,#1354,.T.);
#534=ORIENTED_EDGE('',*,*,#1256,.F.);
#535=ORIENTED_EDGE('',*,*,#1355,.T.);
#536=ORIENTED_EDGE('',*,*,#1244,.F.);
#537=ORIENTED_EDGE('',*,*,#1356,.T.);
#538=ORIENTED_EDGE('',*,*,#1234,.T.);
#539=ORIENTED_EDGE('',*,*,#1357,.T.);
#540=ORIENTED_EDGE('',*,*,#1238,.T.);
#541=ORIENTED_EDGE('',*,*,#1358,.T.);
#542=ORIENTED_EDGE('',*,*,#1240,.F.);
#543=ORIENTED_EDGE('',*,*,#1359,.T.);
#544=ORIENTED_EDGE('',*,*,#1230,.F.);
#545=ORIENTED_EDGE('',*,*,#1360,.T.);
#546=ORIENTED_EDGE('',*,*,#1218,.T.);
#547=ORIENTED_EDGE('',*,*,#1361,.T.);
#548=ORIENTED_EDGE('',*,*,#1220,.T.);
#549=ORIENTED_EDGE('',*,*,#1362,.T.);
#550=ORIENTED_EDGE('',*,*,#1224,.F.);
#551=ORIENTED_EDGE('',*,*,#1363,.T.);
#552=ORIENTED_EDGE('',*,*,#1212,.F.);
#553=ORIENTED_EDGE('',*,*,#1364,.T.);
#554=ORIENTED_EDGE('',*,*,#1200,.T.);
#555=ORIENTED_EDGE('',*,*,#1365,.T.);
#556=ORIENTED_EDGE('',*,*,#1206,.T.);
#557=ORIENTED_EDGE('',*,*,#1366,.T.);
#558=ORIENTED_EDGE('',*,*,#1210,.F.);
#559=ORIENTED_EDGE('',*,*,#1367,.T.);
#560=ORIENTED_EDGE('',*,*,#1196,.F.);
#561=ORIENTED_EDGE('',*,*,#1368,.T.);
#562=ORIENTED_EDGE('',*,*,#1184,.T.);
#563=ORIENTED_EDGE('',*,*,#1369,.T.);
#564=ORIENTED_EDGE('',*,*,#1190,.T.);
#565=ORIENTED_EDGE('',*,*,#1370,.T.);
#566=ORIENTED_EDGE('',*,*,#1194,.F.);
#567=ORIENTED_EDGE('',*,*,#1371,.T.);
#568=ORIENTED_EDGE('',*,*,#1180,.F.);
#569=ORIENTED_EDGE('',*,*,#1372,.T.);
#570=ORIENTED_EDGE('',*,*,#1168,.T.);
#571=ORIENTED_EDGE('',*,*,#1373,.T.);
#572=ORIENTED_EDGE('',*,*,#1174,.T.);
#573=ORIENTED_EDGE('',*,*,#1374,.T.);
#574=ORIENTED_EDGE('',*,*,#1178,.F.);
#575=ORIENTED_EDGE('',*,*,#1375,.T.);
#576=ORIENTED_EDGE('',*,*,#1164,.F.);
#577=ORIENTED_EDGE('',*,*,#1376,.T.);
#578=ORIENTED_EDGE('',*,*,#1152,.T.);
#579=ORIENTED_EDGE('',*,*,#1377,.T.);
#580=ORIENTED_EDGE('',*,*,#1158,.T.);
#581=ORIENTED_EDGE('',*,*,#1378,.T.);
#582=ORIENTED_EDGE('',*,*,#1162,.F.);
#583=ORIENTED_EDGE('',*,*,#1379,.T.);
#584=ORIENTED_EDGE('',*,*,#1148,.F.);
#585=ORIENTED_EDGE('',*,*,#1380,.T.);
#586=ORIENTED_EDGE('',*,*,#1136,.T.);
#587=ORIENTED_EDGE('',*,*,#1381,.T.);
#588=ORIENTED_EDGE('',*,*,#1142,.T.);
#589=ORIENTED_EDGE('',*,*,#1382,.T.);
#590=ORIENTED_EDGE('',*,*,#1146,.F.);
#591=ORIENTED_EDGE('',*,*,#1383,.T.);
#592=ORIENTED_EDGE('',*,*,#1132,.F.);
#593=ORIENTED_EDGE('',*,*,#1384,.T.);
#594=ORIENTED_EDGE('',*,*,#1120,.T.);
#595=ORIENTED_EDGE('',*,*,#1385,.T.);
#596=ORIENTED_EDGE('',*,*,#1126,.T.);
#597=ORIENTED_EDGE('',*,*,#1386,.T.);
#598=ORIENTED_EDGE('',*,*,#1130,.F.);
#599=ORIENTED_EDGE('',*,*,#1387,.T.);
#600=ORIENTED_EDGE('',*,*,#1116,.F.);
#601=ORIENTED_EDGE('',*,*,#1388,.T.);
#602=ORIENTED_EDGE('',*,*,#1104,.T.);
#603=ORIENTED_EDGE('',*,*,#1389,.T.);
#604=ORIENTED_EDGE('',*,*,#1110,.T.);
#605=ORIENTED_EDGE('',*,*,#1390,.T.);
#606=ORIENTED_EDGE('',*,*,#1114,.F.);
#607=ORIENTED_EDGE('',*,*,#1391,.T.);
#608=ORIENTED_EDGE('',*,*,#1100,.F.);
#609=ORIENTED_EDGE('',*,*,#1392,.T.);
#610=ORIENTED_EDGE('',*,*,#1088,.T.);
#611=ORIENTED_EDGE('',*,*,#1393,.T.);
#612=ORIENTED_EDGE('',*,*,#1094,.T.);
#613=ORIENTED_EDGE('',*,*,#1394,.T.);
#614=ORIENTED_EDGE('',*,*,#1098,.F.);
#615=ORIENTED_EDGE('',*,*,#1395,.T.);
#616=ORIENTED_EDGE('',*,*,#1084,.F.);
#617=ORIENTED_EDGE('',*,*,#1396,.T.);
#618=ORIENTED_EDGE('',*,*,#1072,.T.);
#619=ORIENTED_EDGE('',*,*,#1397,.T.);
#620=ORIENTED_EDGE('',*,*,#1078,.T.);
#621=ORIENTED_EDGE('',*,*,#1398,.T.);
#622=ORIENTED_EDGE('',*,*,#1082,.F.);
#623=ORIENTED_EDGE('',*,*,#1399,.T.);
#624=ORIENTED_EDGE('',*,*,#1400,.F.);
#625=ORIENTED_EDGE('',*,*,#1401,.T.);
#626=ORIENTED_EDGE('',*,*,#1328,.F.);
#627=ORIENTED_EDGE('',*,*,#1402,.T.);
#628=ORIENTED_EDGE('',*,*,#1403,.T.);
#629=ORIENTED_EDGE('',*,*,#1404,.T.);
#630=ORIENTED_EDGE('',*,*,#1405,.T.);
#631=ORIENTED_EDGE('',*,*,#1406,.T.);
#632=ORIENTED_EDGE('',*,*,#1312,.F.);
#633=ORIENTED_EDGE('',*,*,#1407,.T.);
#634=ORIENTED_EDGE('',*,*,#1326,.T.);
#635=ORIENTED_EDGE('',*,*,#1408,.T.);
#636=ORIENTED_EDGE('',*,*,#1320,.T.);
#637=ORIENTED_EDGE('',*,*,#1409,.T.);
#638=ORIENTED_EDGE('',*,*,#1318,.F.);
#639=ORIENTED_EDGE('',*,*,#1410,.T.);
#640=ORIENTED_EDGE('',*,*,#1298,.F.);
#641=ORIENTED_EDGE('',*,*,#1411,.T.);
#642=ORIENTED_EDGE('',*,*,#1308,.T.);
#643=ORIENTED_EDGE('',*,*,#1412,.T.);
#644=ORIENTED_EDGE('',*,*,#1304,.T.);
#645=ORIENTED_EDGE('',*,*,#1413,.T.);
#646=ORIENTED_EDGE('',*,*,#1302,.F.);
#647=ORIENTED_EDGE('',*,*,#1414,.T.);
#648=ORIENTED_EDGE('',*,*,#1294,.F.);
#649=ORIENTED_EDGE('',*,*,#1415,.T.);
#650=ORIENTED_EDGE('',*,*,#1288,.T.);
#651=ORIENTED_EDGE('',*,*,#1416,.T.);
#652=ORIENTED_EDGE('',*,*,#1284,.T.);
#653=ORIENTED_EDGE('',*,*,#1417,.T.);
#654=ORIENTED_EDGE('',*,*,#1282,.F.);
#655=ORIENTED_EDGE('',*,*,#1418,.T.);
#656=ORIENTED_EDGE('',*,*,#1278,.F.);
#657=ORIENTED_EDGE('',*,*,#1419,.T.);
#658=ORIENTED_EDGE('',*,*,#1272,.T.);
#659=ORIENTED_EDGE('',*,*,#1420,.T.);
#660=ORIENTED_EDGE('',*,*,#1268,.T.);
#661=ORIENTED_EDGE('',*,*,#1421,.T.);
#662=ORIENTED_EDGE('',*,*,#1266,.F.);
#663=ORIENTED_EDGE('',*,*,#1422,.T.);
#664=ORIENTED_EDGE('',*,*,#1248,.F.);
#665=ORIENTED_EDGE('',*,*,#1423,.T.);
#666=ORIENTED_EDGE('',*,*,#1262,.T.);
#667=ORIENTED_EDGE('',*,*,#1424,.T.);
#668=ORIENTED_EDGE('',*,*,#1258,.T.);
#669=ORIENTED_EDGE('',*,*,#1425,.T.);
#670=ORIENTED_EDGE('',*,*,#1252,.F.);
#671=ORIENTED_EDGE('',*,*,#1426,.T.);
#672=ORIENTED_EDGE('',*,*,#1232,.F.);
#673=ORIENTED_EDGE('',*,*,#1427,.T.);
#674=ORIENTED_EDGE('',*,*,#1246,.T.);
#675=ORIENTED_EDGE('',*,*,#1428,.T.);
#676=ORIENTED_EDGE('',*,*,#1242,.T.);
#677=ORIENTED_EDGE('',*,*,#1429,.T.);
#678=ORIENTED_EDGE('',*,*,#1236,.F.);
#679=ORIENTED_EDGE('',*,*,#1430,.T.);
#680=ORIENTED_EDGE('',*,*,#1216,.F.);
#681=ORIENTED_EDGE('',*,*,#1431,.T.);
#682=ORIENTED_EDGE('',*,*,#1228,.T.);
#683=ORIENTED_EDGE('',*,*,#1432,.T.);
#684=ORIENTED_EDGE('',*,*,#1226,.T.);
#685=ORIENTED_EDGE('',*,*,#1433,.T.);
#686=ORIENTED_EDGE('',*,*,#1222,.F.);
#687=ORIENTED_EDGE('',*,*,#1434,.T.);
#688=ORIENTED_EDGE('',*,*,#1202,.F.);
#689=ORIENTED_EDGE('',*,*,#1435,.T.);
#690=ORIENTED_EDGE('',*,*,#1214,.T.);
#691=ORIENTED_EDGE('',*,*,#1436,.T.);
#692=ORIENTED_EDGE('',*,*,#1208,.T.);
#693=ORIENTED_EDGE('',*,*,#1437,.T.);
#694=ORIENTED_EDGE('',*,*,#1204,.F.);
#695=ORIENTED_EDGE('',*,*,#1438,.T.);
#696=ORIENTED_EDGE('',*,*,#1186,.F.);
#697=ORIENTED_EDGE('',*,*,#1439,.T.);
#698=ORIENTED_EDGE('',*,*,#1198,.T.);
#699=ORIENTED_EDGE('',*,*,#1440,.T.);
#700=ORIENTED_EDGE('',*,*,#1192,.T.);
#701=ORIENTED_EDGE('',*,*,#1441,.T.);
#702=ORIENTED_EDGE('',*,*,#1188,.F.);
#703=ORIENTED_EDGE('',*,*,#1442,.T.);
#704=ORIENTED_EDGE('',*,*,#1170,.F.);
#705=ORIENTED_EDGE('',*,*,#1443,.T.);
#706=ORIENTED_EDGE('',*,*,#1182,.T.);
#707=ORIENTED_EDGE('',*,*,#1444,.T.);
#708=ORIENTED_EDGE('',*,*,#1176,.T.);
#709=ORIENTED_EDGE('',*,*,#1445,.T.);
#710=ORIENTED_EDGE('',*,*,#1172,.F.);
#711=ORIENTED_EDGE('',*,*,#1446,.T.);
#712=ORIENTED_EDGE('',*,*,#1154,.F.);
#713=ORIENTED_EDGE('',*,*,#1447,.T.);
#714=ORIENTED_EDGE('',*,*,#1166,.T.);
#715=ORIENTED_EDGE('',*,*,#1448,.T.);
#716=ORIENTED_EDGE('',*,*,#1160,.T.);
#717=ORIENTED_EDGE('',*,*,#1449,.T.);
#718=ORIENTED_EDGE('',*,*,#1156,.F.);
#719=ORIENTED_EDGE('',*,*,#1450,.T.);
#720=ORIENTED_EDGE('',*,*,#1138,.F.);
#721=ORIENTED_EDGE('',*,*,#1451,.T.);
#722=ORIENTED_EDGE('',*,*,#1150,.T.);
#723=ORIENTED_EDGE('',*,*,#1452,.T.);
#724=ORIENTED_EDGE('',*,*,#1144,.T.);
#725=ORIENTED_EDGE('',*,*,#1453,.T.);
#726=ORIENTED_EDGE('',*,*,#1140,.F.);
#727=ORIENTED_EDGE('',*,*,#1454,.T.);
#728=ORIENTED_EDGE('',*,*,#1122,.F.);
#729=ORIENTED_EDGE('',*,*,#1455,.T.);
#730=ORIENTED_EDGE('',*,*,#1134,.T.);
#731=ORIENTED_EDGE('',*,*,#1456,.T.);
#732=ORIENTED_EDGE('',*,*,#1128,.T.);
#733=ORIENTED_EDGE('',*,*,#1457,.T.);
#734=ORIENTED_EDGE('',*,*,#1124,.F.);
#735=ORIENTED_EDGE('',*,*,#1458,.T.);
#736=ORIENTED_EDGE('',*,*,#1106,.F.);
#737=ORIENTED_EDGE('',*,*,#1459,.T.);
#738=ORIENTED_EDGE('',*,*,#1118,.T.);
#739=ORIENTED_EDGE('',*,*,#1460,.T.);
#740=ORIENTED_EDGE('',*,*,#1112,.T.);
#741=ORIENTED_EDGE('',*,*,#1461,.T.);
#742=ORIENTED_EDGE('',*,*,#1108,.F.);
#743=ORIENTED_EDGE('',*,*,#1462,.T.);
#744=ORIENTED_EDGE('',*,*,#1090,.F.);
#745=ORIENTED_EDGE('',*,*,#1463,.T.);
#746=ORIENTED_EDGE('',*,*,#1102,.T.);
#747=ORIENTED_EDGE('',*,*,#1464,.T.);
#748=ORIENTED_EDGE('',*,*,#1096,.T.);
#749=ORIENTED_EDGE('',*,*,#1465,.T.);
#750=ORIENTED_EDGE('',*,*,#1092,.F.);
#751=ORIENTED_EDGE('',*,*,#1466,.T.);
#752=ORIENTED_EDGE('',*,*,#1074,.F.);
#753=ORIENTED_EDGE('',*,*,#1467,.T.);
#754=ORIENTED_EDGE('',*,*,#1086,.T.);
#755=ORIENTED_EDGE('',*,*,#1468,.T.);
#756=ORIENTED_EDGE('',*,*,#1080,.T.);
#757=ORIENTED_EDGE('',*,*,#1469,.T.);
#758=ORIENTED_EDGE('',*,*,#1076,.F.);
#759=ORIENTED_EDGE('',*,*,#1470,.T.);
#760=ORIENTED_EDGE('',*,*,#1471,.T.);
#761=ORIENTED_EDGE('',*,*,#1472,.T.);
#762=ORIENTED_EDGE('',*,*,#1405,.F.);
#763=ORIENTED_EDGE('',*,*,#1473,.T.);
#764=ORIENTED_EDGE('',*,*,#1474,.T.);
#765=ORIENTED_EDGE('',*,*,#1475,.T.);
#766=ORIENTED_EDGE('',*,*,#1400,.T.);
#767=ORIENTED_EDGE('',*,*,#1476,.T.);
#768=ORIENTED_EDGE('',*,*,#1403,.F.);
#769=ORIENTED_EDGE('',*,*,#1477,.T.);
#770=ORIENTED_EDGE('',*,*,#1478,.T.);
#771=ORIENTED_EDGE('',*,*,#1479,.T.);
#772=ORIENTED_EDGE('',*,*,#1342,.F.);
#773=ORIENTED_EDGE('',*,*,#1303,.F.);
#774=ORIENTED_EDGE('',*,*,#1413,.F.);
#775=ORIENTED_EDGE('',*,*,#1307,.F.);
#776=ORIENTED_EDGE('',*,*,#1389,.F.);
#777=ORIENTED_EDGE('',*,*,#1107,.F.);
#778=ORIENTED_EDGE('',*,*,#1462,.F.);
#779=ORIENTED_EDGE('',*,*,#1111,.F.);
#780=ORIENTED_EDGE('',*,*,#1377,.F.);
#781=ORIENTED_EDGE('',*,*,#1155,.F.);
#782=ORIENTED_EDGE('',*,*,#1450,.F.);
#783=ORIENTED_EDGE('',*,*,#1159,.F.);
#784=ORIENTED_EDGE('',*,*,#1346,.F.);
#785=ORIENTED_EDGE('',*,*,#1283,.F.);
#786=ORIENTED_EDGE('',*,*,#1417,.F.);
#787=ORIENTED_EDGE('',*,*,#1287,.F.);
#788=ORIENTED_EDGE('',*,*,#1350,.F.);
#789=ORIENTED_EDGE('',*,*,#1267,.F.);
#790=ORIENTED_EDGE('',*,*,#1421,.F.);
#791=ORIENTED_EDGE('',*,*,#1271,.F.);
#792=ORIENTED_EDGE('',*,*,#1363,.F.);
#793=ORIENTED_EDGE('',*,*,#1227,.F.);
#794=ORIENTED_EDGE('',*,*,#1432,.F.);
#795=ORIENTED_EDGE('',*,*,#1231,.F.);
#796=ORIENTED_EDGE('',*,*,#1369,.F.);
#797=ORIENTED_EDGE('',*,*,#1187,.F.);
#798=ORIENTED_EDGE('',*,*,#1442,.F.);
#799=ORIENTED_EDGE('',*,*,#1191,.F.);
#800=ORIENTED_EDGE('',*,*,#1381,.F.);
#801=ORIENTED_EDGE('',*,*,#1139,.F.);
#802=ORIENTED_EDGE('',*,*,#1454,.F.);
#803=ORIENTED_EDGE('',*,*,#1143,.F.);
#804=ORIENTED_EDGE('',*,*,#1393,.F.);
#805=ORIENTED_EDGE('',*,*,#1091,.F.);
#806=ORIENTED_EDGE('',*,*,#1466,.F.);
#807=ORIENTED_EDGE('',*,*,#1095,.F.);
#808=ORIENTED_EDGE('',*,*,#1397,.F.);
#809=ORIENTED_EDGE('',*,*,#1075,.F.);
#810=ORIENTED_EDGE('',*,*,#1470,.F.);
#811=ORIENTED_EDGE('',*,*,#1079,.F.);
#812=ORIENTED_EDGE('',*,*,#1385,.F.);
#813=ORIENTED_EDGE('',*,*,#1123,.F.);
#814=ORIENTED_EDGE('',*,*,#1458,.F.);
#815=ORIENTED_EDGE('',*,*,#1127,.F.);
#816=ORIENTED_EDGE('',*,*,#1373,.F.);
#817=ORIENTED_EDGE('',*,*,#1171,.F.);
#818=ORIENTED_EDGE('',*,*,#1446,.F.);
#819=ORIENTED_EDGE('',*,*,#1175,.F.);
#820=ORIENTED_EDGE('',*,*,#1356,.F.);
#821=ORIENTED_EDGE('',*,*,#1247,.F.);
#822=ORIENTED_EDGE('',*,*,#1427,.F.);
#823=ORIENTED_EDGE('',*,*,#1235,.F.);
#824=ORIENTED_EDGE('',*,*,#1352,.F.);
#825=ORIENTED_EDGE('',*,*,#1263,.F.);
#826=ORIENTED_EDGE('',*,*,#1423,.F.);
#827=ORIENTED_EDGE('',*,*,#1251,.F.);
#828=ORIENTED_EDGE('',*,*,#1365,.F.);
#829=ORIENTED_EDGE('',*,*,#1203,.F.);
#830=ORIENTED_EDGE('',*,*,#1438,.F.);
#831=ORIENTED_EDGE('',*,*,#1207,.F.);
#832=ORIENTED_EDGE('',*,*,#1362,.F.);
#833=ORIENTED_EDGE('',*,*,#1223,.F.);
#834=ORIENTED_EDGE('',*,*,#1433,.F.);
#835=ORIENTED_EDGE('',*,*,#1225,.F.);
#836=ORIENTED_EDGE('',*,*,#1349,.F.);
#837=ORIENTED_EDGE('',*,*,#1279,.F.);
#838=ORIENTED_EDGE('',*,*,#1422,.F.);
#839=ORIENTED_EDGE('',*,*,#1265,.F.);
#840=ORIENTED_EDGE('',*,*,#1345,.F.);
#841=ORIENTED_EDGE('',*,*,#1295,.F.);
#842=ORIENTED_EDGE('',*,*,#1418,.F.);
#843=ORIENTED_EDGE('',*,*,#1281,.F.);
#844=ORIENTED_EDGE('',*,*,#1341,.F.);
#845=ORIENTED_EDGE('',*,*,#1299,.F.);
#846=ORIENTED_EDGE('',*,*,#1414,.F.);
#847=ORIENTED_EDGE('',*,*,#1301,.F.);
#848=ORIENTED_EDGE('',*,*,#1372,.F.);
#849=ORIENTED_EDGE('',*,*,#1183,.F.);
#850=ORIENTED_EDGE('',*,*,#1443,.F.);
#851=ORIENTED_EDGE('',*,*,#1169,.F.);
#852=ORIENTED_EDGE('',*,*,#1355,.F.);
#853=ORIENTED_EDGE('',*,*,#1259,.F.);
#854=ORIENTED_EDGE('',*,*,#1424,.F.);
#855=ORIENTED_EDGE('',*,*,#1261,.F.);
#856=ORIENTED_EDGE('',*,*,#1368,.F.);
#857=ORIENTED_EDGE('',*,*,#1199,.F.);
#858=ORIENTED_EDGE('',*,*,#1439,.F.);
#859=ORIENTED_EDGE('',*,*,#1185,.F.);
#860=ORIENTED_EDGE('',*,*,#1359,.F.);
#861=ORIENTED_EDGE('',*,*,#1243,.F.);
#862=ORIENTED_EDGE('',*,*,#1428,.F.);
#863=ORIENTED_EDGE('',*,*,#1245,.F.);
#864=ORIENTED_EDGE('',*,*,#1364,.F.);
#865=ORIENTED_EDGE('',*,*,#1215,.F.);
#866=ORIENTED_EDGE('',*,*,#1435,.F.);
#867=ORIENTED_EDGE('',*,*,#1201,.F.);
#868=ORIENTED_EDGE('',*,*,#1376,.F.);
#869=ORIENTED_EDGE('',*,*,#1167,.F.);
#870=ORIENTED_EDGE('',*,*,#1447,.F.);
#871=ORIENTED_EDGE('',*,*,#1153,.F.);
#872=ORIENTED_EDGE('',*,*,#1388,.F.);
#873=ORIENTED_EDGE('',*,*,#1119,.F.);
#874=ORIENTED_EDGE('',*,*,#1459,.F.);
#875=ORIENTED_EDGE('',*,*,#1105,.F.);
#876=ORIENTED_EDGE('',*,*,#1392,.F.);
#877=ORIENTED_EDGE('',*,*,#1103,.F.);
#878=ORIENTED_EDGE('',*,*,#1463,.F.);
#879=ORIENTED_EDGE('',*,*,#1089,.F.);
#880=ORIENTED_EDGE('',*,*,#1380,.F.);
#881=ORIENTED_EDGE('',*,*,#1151,.F.);
#882=ORIENTED_EDGE('',*,*,#1451,.F.);
#883=ORIENTED_EDGE('',*,*,#1137,.F.);
#884=ORIENTED_EDGE('',*,*,#1396,.F.);
#885=ORIENTED_EDGE('',*,*,#1087,.F.);
#886=ORIENTED_EDGE('',*,*,#1467,.F.);
#887=ORIENTED_EDGE('',*,*,#1073,.F.);
#888=ORIENTED_EDGE('',*,*,#1384,.F.);
#889=ORIENTED_EDGE('',*,*,#1135,.F.);
#890=ORIENTED_EDGE('',*,*,#1455,.F.);
#891=ORIENTED_EDGE('',*,*,#1121,.F.);
#892=ORIENTED_EDGE('',*,*,#1382,.F.);
#893=ORIENTED_EDGE('',*,*,#1141,.F.);
#894=ORIENTED_EDGE('',*,*,#1453,.F.);
#895=ORIENTED_EDGE('',*,*,#1147,.F.);
#896=ORIENTED_EDGE('',*,*,#1394,.F.);
#897=ORIENTED_EDGE('',*,*,#1093,.F.);
#898=ORIENTED_EDGE('',*,*,#1465,.F.);
#899=ORIENTED_EDGE('',*,*,#1099,.F.);
#900=ORIENTED_EDGE('',*,*,#1398,.F.);
#901=ORIENTED_EDGE('',*,*,#1077,.F.);
#902=ORIENTED_EDGE('',*,*,#1469,.F.);
#903=ORIENTED_EDGE('',*,*,#1083,.F.);
#904=ORIENTED_EDGE('',*,*,#1386,.F.);
#905=ORIENTED_EDGE('',*,*,#1125,.F.);
#906=ORIENTED_EDGE('',*,*,#1457,.F.);
#907=ORIENTED_EDGE('',*,*,#1131,.F.);
#908=ORIENTED_EDGE('',*,*,#1374,.F.);
#909=ORIENTED_EDGE('',*,*,#1173,.F.);
#910=ORIENTED_EDGE('',*,*,#1445,.F.);
#911=ORIENTED_EDGE('',*,*,#1179,.F.);
#912=ORIENTED_EDGE('',*,*,#1370,.F.);
#913=ORIENTED_EDGE('',*,*,#1189,.F.);
#914=ORIENTED_EDGE('',*,*,#1441,.F.);
#915=ORIENTED_EDGE('',*,*,#1195,.F.);
#916=ORIENTED_EDGE('',*,*,#1366,.F.);
#917=ORIENTED_EDGE('',*,*,#1205,.F.);
#918=ORIENTED_EDGE('',*,*,#1437,.F.);
#919=ORIENTED_EDGE('',*,*,#1211,.F.);
#920=ORIENTED_EDGE('',*,*,#1378,.F.);
#921=ORIENTED_EDGE('',*,*,#1157,.F.);
#922=ORIENTED_EDGE('',*,*,#1449,.F.);
#923=ORIENTED_EDGE('',*,*,#1163,.F.);
#924=ORIENTED_EDGE('',*,*,#1390,.F.);
#925=ORIENTED_EDGE('',*,*,#1109,.F.);
#926=ORIENTED_EDGE('',*,*,#1461,.F.);
#927=ORIENTED_EDGE('',*,*,#1115,.F.);
#928=ORIENTED_EDGE('',*,*,#1343,.F.);
#929=ORIENTED_EDGE('',*,*,#1305,.F.);
#930=ORIENTED_EDGE('',*,*,#1412,.F.);
#931=ORIENTED_EDGE('',*,*,#1311,.F.);
#932=ORIENTED_EDGE('',*,*,#1347,.F.);
#933=ORIENTED_EDGE('',*,*,#1285,.F.);
#934=ORIENTED_EDGE('',*,*,#1416,.F.);
#935=ORIENTED_EDGE('',*,*,#1291,.F.);
#936=ORIENTED_EDGE('',*,*,#1351,.F.);
#937=ORIENTED_EDGE('',*,*,#1269,.F.);
#938=ORIENTED_EDGE('',*,*,#1420,.F.);
#939=ORIENTED_EDGE('',*,*,#1275,.F.);
#940=ORIENTED_EDGE('',*,*,#1360,.F.);
#941=ORIENTED_EDGE('',*,*,#1229,.F.);
#942=ORIENTED_EDGE('',*,*,#1431,.F.);
#943=ORIENTED_EDGE('',*,*,#1219,.F.);
#944=ORIENTED_EDGE('',*,*,#1357,.F.);
#945=ORIENTED_EDGE('',*,*,#1233,.F.);
#946=ORIENTED_EDGE('',*,*,#1430,.F.);
#947=ORIENTED_EDGE('',*,*,#1239,.F.);
#948=ORIENTED_EDGE('',*,*,#1353,.F.);
#949=ORIENTED_EDGE('',*,*,#1249,.F.);
#950=ORIENTED_EDGE('',*,*,#1426,.F.);
#951=ORIENTED_EDGE('',*,*,#1255,.F.);
#952=ORIENTED_EDGE('',*,*,#1361,.F.);
#953=ORIENTED_EDGE('',*,*,#1217,.F.);
#954=ORIENTED_EDGE('',*,*,#1434,.F.);
#955=ORIENTED_EDGE('',*,*,#1221,.F.);
#956=ORIENTED_EDGE('',*,*,#1348,.F.);
#957=ORIENTED_EDGE('',*,*,#1273,.F.);
#958=ORIENTED_EDGE('',*,*,#1419,.F.);
#959=ORIENTED_EDGE('',*,*,#1277,.F.);
#960=ORIENTED_EDGE('',*,*,#1344,.F.);
#961=ORIENTED_EDGE('',*,*,#1289,.F.);
#962=ORIENTED_EDGE('',*,*,#1415,.F.);
#963=ORIENTED_EDGE('',*,*,#1293,.F.);
#964=ORIENTED_EDGE('',*,*,#1340,.F.);
#965=ORIENTED_EDGE('',*,*,#1309,.F.);
#966=ORIENTED_EDGE('',*,*,#1411,.F.);
#967=ORIENTED_EDGE('',*,*,#1297,.F.);
#968=ORIENTED_EDGE('',*,*,#1391,.F.);
#969=ORIENTED_EDGE('',*,*,#1113,.F.);
#970=ORIENTED_EDGE('',*,*,#1460,.F.);
#971=ORIENTED_EDGE('',*,*,#1117,.F.);
#972=ORIENTED_EDGE('',*,*,#1379,.F.);
#973=ORIENTED_EDGE('',*,*,#1161,.F.);
#974=ORIENTED_EDGE('',*,*,#1448,.F.);
#975=ORIENTED_EDGE('',*,*,#1165,.F.);
#976=ORIENTED_EDGE('',*,*,#1367,.F.);
#977=ORIENTED_EDGE('',*,*,#1209,.F.);
#978=ORIENTED_EDGE('',*,*,#1436,.F.);
#979=ORIENTED_EDGE('',*,*,#1213,.F.);
#980=ORIENTED_EDGE('',*,*,#1358,.F.);
#981=ORIENTED_EDGE('',*,*,#1237,.F.);
#982=ORIENTED_EDGE('',*,*,#1429,.F.);
#983=ORIENTED_EDGE('',*,*,#1241,.F.);
#984=ORIENTED_EDGE('',*,*,#1354,.F.);
#985=ORIENTED_EDGE('',*,*,#1253,.F.);
#986=ORIENTED_EDGE('',*,*,#1425,.F.);
#987=ORIENTED_EDGE('',*,*,#1257,.F.);
#988=ORIENTED_EDGE('',*,*,#1375,.F.);
#989=ORIENTED_EDGE('',*,*,#1177,.F.);
#990=ORIENTED_EDGE('',*,*,#1444,.F.);
#991=ORIENTED_EDGE('',*,*,#1181,.F.);
#992=ORIENTED_EDGE('',*,*,#1371,.F.);
#993=ORIENTED_EDGE('',*,*,#1193,.F.);
#994=ORIENTED_EDGE('',*,*,#1440,.F.);
#995=ORIENTED_EDGE('',*,*,#1197,.F.);
#996=ORIENTED_EDGE('',*,*,#1383,.F.);
#997=ORIENTED_EDGE('',*,*,#1145,.F.);
#998=ORIENTED_EDGE('',*,*,#1452,.F.);
#999=ORIENTED_EDGE('',*,*,#1149,.F.);
#1000=ORIENTED_EDGE('',*,*,#1387,.F.);
#1001=ORIENTED_EDGE('',*,*,#1129,.F.);
#1002=ORIENTED_EDGE('',*,*,#1456,.F.);
#1003=ORIENTED_EDGE('',*,*,#1133,.F.);
#1004=ORIENTED_EDGE('',*,*,#1395,.F.);
#1005=ORIENTED_EDGE('',*,*,#1097,.F.);
#1006=ORIENTED_EDGE('',*,*,#1464,.F.);
#1007=ORIENTED_EDGE('',*,*,#1101,.F.);
#1008=ORIENTED_EDGE('',*,*,#1399,.F.);
#1009=ORIENTED_EDGE('',*,*,#1081,.F.);
#1010=ORIENTED_EDGE('',*,*,#1468,.F.);
#1011=ORIENTED_EDGE('',*,*,#1085,.F.);
#1012=ORIENTED_EDGE('',*,*,#1401,.F.);
#1013=ORIENTED_EDGE('',*,*,#1475,.F.);
#1014=ORIENTED_EDGE('',*,*,#1480,.F.);
#1015=ORIENTED_EDGE('',*,*,#1329,.F.);
#1016=ORIENTED_EDGE('',*,*,#1406,.F.);
#1017=ORIENTED_EDGE('',*,*,#1472,.F.);
#1018=ORIENTED_EDGE('',*,*,#1481,.F.);
#1019=ORIENTED_EDGE('',*,*,#1476,.F.);
#1020=ORIENTED_EDGE('',*,*,#1482,.F.);
#1021=ORIENTED_EDGE('',*,*,#1474,.F.);
#1022=ORIENTED_EDGE('',*,*,#1483,.F.);
#1023=ORIENTED_EDGE('',*,*,#1335,.F.);
#1024=ORIENTED_EDGE('',*,*,#1480,.T.);
#1025=ORIENTED_EDGE('',*,*,#1482,.T.);
#1026=ORIENTED_EDGE('',*,*,#1484,.F.);
#1027=ORIENTED_EDGE('',*,*,#1483,.T.);
#1028=ORIENTED_EDGE('',*,*,#1481,.T.);
#1029=ORIENTED_EDGE('',*,*,#1485,.F.);
#1030=ORIENTED_EDGE('',*,*,#1484,.T.);
#1031=ORIENTED_EDGE('',*,*,#1334,.F.);
#1032=ORIENTED_EDGE('',*,*,#1486,.F.);
#1033=ORIENTED_EDGE('',*,*,#1330,.F.);
#1034=ORIENTED_EDGE('',*,*,#1402,.F.);
#1035=ORIENTED_EDGE('',*,*,#1331,.F.);
#1036=ORIENTED_EDGE('',*,*,#1487,.F.);
#1037=ORIENTED_EDGE('',*,*,#1477,.F.);
#1038=ORIENTED_EDGE('',*,*,#1404,.F.);
#1039=ORIENTED_EDGE('',*,*,#1479,.F.);
#1040=ORIENTED_EDGE('',*,*,#1488,.F.);
#1041=ORIENTED_EDGE('',*,*,#1473,.F.);
#1042=ORIENTED_EDGE('',*,*,#1485,.T.);
#1043=ORIENTED_EDGE('',*,*,#1471,.F.);
#1044=ORIENTED_EDGE('',*,*,#1489,.F.);
#1045=ORIENTED_EDGE('',*,*,#1332,.F.);
#1046=ORIENTED_EDGE('',*,*,#1487,.T.);
#1047=ORIENTED_EDGE('',*,*,#1486,.T.);
#1048=ORIENTED_EDGE('',*,*,#1490,.F.);
#1049=ORIENTED_EDGE('',*,*,#1489,.T.);
#1050=ORIENTED_EDGE('',*,*,#1488,.T.);
#1051=ORIENTED_EDGE('',*,*,#1491,.F.);
#1052=ORIENTED_EDGE('',*,*,#1490,.T.);
#1053=ORIENTED_EDGE('',*,*,#1333,.F.);
#1054=ORIENTED_EDGE('',*,*,#1491,.T.);
#1055=ORIENTED_EDGE('',*,*,#1478,.F.);
#1056=ORIENTED_EDGE('',*,*,#1337,.F.);
#1057=ORIENTED_EDGE('',*,*,#1313,.F.);
#1058=ORIENTED_EDGE('',*,*,#1410,.F.);
#1059=ORIENTED_EDGE('',*,*,#1317,.F.);
#1060=ORIENTED_EDGE('',*,*,#1339,.F.);
#1061=ORIENTED_EDGE('',*,*,#1321,.F.);
#1062=ORIENTED_EDGE('',*,*,#1408,.F.);
#1063=ORIENTED_EDGE('',*,*,#1325,.F.);
#1064=ORIENTED_EDGE('',*,*,#1338,.F.);
#1065=ORIENTED_EDGE('',*,*,#1319,.F.);
#1066=ORIENTED_EDGE('',*,*,#1409,.F.);
#1067=ORIENTED_EDGE('',*,*,#1323,.F.);
#1068=ORIENTED_EDGE('',*,*,#1336,.F.);
#1069=ORIENTED_EDGE('',*,*,#1327,.F.);
#1070=ORIENTED_EDGE('',*,*,#1407,.F.);
#1071=ORIENTED_EDGE('',*,*,#1315,.F.);
#1072=EDGE_CURVE('',#1492,#1493,#1768,.T.);
#1073=EDGE_CURVE('',#1492,#1494,#1769,.T.);
#1074=EDGE_CURVE('',#1494,#1495,#1770,.T.);
#1075=EDGE_CURVE('',#1495,#1493,#1771,.F.);
#1076=EDGE_CURVE('',#1496,#1497,#1772,.T.);
#1077=EDGE_CURVE('',#1497,#1498,#1773,.F.);
#1078=EDGE_CURVE('',#1499,#1498,#1774,.T.);
#1079=EDGE_CURVE('',#1499,#1496,#1775,.T.);
#1080=EDGE_CURVE('',#1500,#1501,#1776,.T.);
#1081=EDGE_CURVE('',#1500,#1502,#1777,.F.);
#1082=EDGE_CURVE('',#1502,#1503,#1778,.T.);
#1083=EDGE_CURVE('',#1503,#1501,#1779,.T.);
#1084=EDGE_CURVE('',#1504,#1505,#1780,.T.);
#1085=EDGE_CURVE('',#1505,#1506,#1781,.T.);
#1086=EDGE_CURVE('',#1507,#1506,#1782,.T.);
#1087=EDGE_CURVE('',#1507,#1504,#1783,.F.);
#1088=EDGE_CURVE('',#1508,#1509,#1784,.T.);
#1089=EDGE_CURVE('',#1508,#1510,#1785,.T.);
#1090=EDGE_CURVE('',#1510,#1511,#1786,.T.);
#1091=EDGE_CURVE('',#1511,#1509,#1787,.F.);
#1092=EDGE_CURVE('',#1512,#1513,#1788,.T.);
#1093=EDGE_CURVE('',#1513,#1514,#1789,.F.);
#1094=EDGE_CURVE('',#1515,#1514,#1790,.T.);
#1095=EDGE_CURVE('',#1515,#1512,#1791,.T.);
#1096=EDGE_CURVE('',#1516,#1517,#1792,.T.);
#1097=EDGE_CURVE('',#1516,#1518,#1793,.F.);
#1098=EDGE_CURVE('',#1518,#1519,#1794,.T.);
#1099=EDGE_CURVE('',#1519,#1517,#1795,.T.);
#1100=EDGE_CURVE('',#1520,#1521,#1796,.T.);
#1101=EDGE_CURVE('',#1521,#1522,#1797,.T.);
#1102=EDGE_CURVE('',#1523,#1522,#1798,.T.);
#1103=EDGE_CURVE('',#1523,#1520,#1799,.F.);
#1104=EDGE_CURVE('',#1524,#1525,#1800,.T.);
#1105=EDGE_CURVE('',#1524,#1526,#1801,.T.);
#1106=EDGE_CURVE('',#1526,#1527,#1802,.T.);
#1107=EDGE_CURVE('',#1527,#1525,#1803,.F.);
#1108=EDGE_CURVE('',#1528,#1529,#1804,.T.);
#1109=EDGE_CURVE('',#1529,#1530,#1805,.F.);
#1110=EDGE_CURVE('',#1531,#1530,#1806,.T.);
#1111=EDGE_CURVE('',#1531,#1528,#1807,.T.);
#1112=EDGE_CURVE('',#1532,#1533,#1808,.T.);
#1113=EDGE_CURVE('',#1532,#1534,#1809,.F.);
#1114=EDGE_CURVE('',#1534,#1535,#1810,.T.);
#1115=EDGE_CURVE('',#1535,#1533,#1811,.T.);
#1116=EDGE_CURVE('',#1536,#1537,#1812,.T.);
#1117=EDGE_CURVE('',#1537,#1538,#1813,.T.);
#1118=EDGE_CURVE('',#1539,#1538,#1814,.T.);
#1119=EDGE_CURVE('',#1539,#1536,#1815,.F.);
#1120=EDGE_CURVE('',#1540,#1541,#1816,.T.);
#1121=EDGE_CURVE('',#1540,#1542,#1817,.T.);
#1122=EDGE_CURVE('',#1542,#1543,#1818,.T.);
#1123=EDGE_CURVE('',#1543,#1541,#1819,.F.);
#1124=EDGE_CURVE('',#1544,#1545,#1820,.T.);
#1125=EDGE_CURVE('',#1545,#1546,#1821,.F.);
#1126=EDGE_CURVE('',#1547,#1546,#1822,.T.);
#1127=EDGE_CURVE('',#1547,#1544,#1823,.T.);
#1128=EDGE_CURVE('',#1548,#1549,#1824,.T.);
#1129=EDGE_CURVE('',#1548,#1550,#1825,.F.);
#1130=EDGE_CURVE('',#1550,#1551,#1826,.T.);
#1131=EDGE_CURVE('',#1551,#1549,#1827,.T.);
#1132=EDGE_CURVE('',#1552,#1553,#1828,.T.);
#1133=EDGE_CURVE('',#1553,#1554,#1829,.T.);
#1134=EDGE_CURVE('',#1555,#1554,#1830,.T.);
#1135=EDGE_CURVE('',#1555,#1552,#1831,.F.);
#1136=EDGE_CURVE('',#1556,#1557,#1832,.T.);
#1137=EDGE_CURVE('',#1556,#1558,#1833,.T.);
#1138=EDGE_CURVE('',#1558,#1559,#1834,.T.);
#1139=EDGE_CURVE('',#1559,#1557,#1835,.F.);
#1140=EDGE_CURVE('',#1560,#1561,#1836,.T.);
#1141=EDGE_CURVE('',#1561,#1562,#1837,.F.);
#1142=EDGE_CURVE('',#1563,#1562,#1838,.T.);
#1143=EDGE_CURVE('',#1563,#1560,#1839,.T.);
#1144=EDGE_CURVE('',#1564,#1565,#1840,.T.);
#1145=EDGE_CURVE('',#1564,#1566,#1841,.F.);
#1146=EDGE_CURVE('',#1566,#1567,#1842,.T.);
#1147=EDGE_CURVE('',#1567,#1565,#1843,.T.);
#1148=EDGE_CURVE('',#1568,#1569,#1844,.T.);
#1149=EDGE_CURVE('',#1569,#1570,#1845,.T.);
#1150=EDGE_CURVE('',#1571,#1570,#1846,.T.);
#1151=EDGE_CURVE('',#1571,#1568,#1847,.F.);
#1152=EDGE_CURVE('',#1572,#1573,#1848,.T.);
#1153=EDGE_CURVE('',#1572,#1574,#1849,.T.);
#1154=EDGE_CURVE('',#1574,#1575,#1850,.T.);
#1155=EDGE_CURVE('',#1575,#1573,#1851,.F.);
#1156=EDGE_CURVE('',#1576,#1577,#1852,.T.);
#1157=EDGE_CURVE('',#1577,#1578,#1853,.F.);
#1158=EDGE_CURVE('',#1579,#1578,#1854,.T.);
#1159=EDGE_CURVE('',#1579,#1576,#1855,.T.);
#1160=EDGE_CURVE('',#1580,#1581,#1856,.T.);
#1161=EDGE_CURVE('',#1580,#1582,#1857,.F.);
#1162=EDGE_CURVE('',#1582,#1583,#1858,.T.);
#1163=EDGE_CURVE('',#1583,#1581,#1859,.T.);
#1164=EDGE_CURVE('',#1584,#1585,#1860,.T.);
#1165=EDGE_CURVE('',#1585,#1586,#1861,.T.);
#1166=EDGE_CURVE('',#1587,#1586,#1862,.T.);
#1167=EDGE_CURVE('',#1587,#1584,#1863,.F.);
#1168=EDGE_CURVE('',#1588,#1589,#1864,.T.);
#1169=EDGE_CURVE('',#1588,#1590,#1865,.T.);
#1170=EDGE_CURVE('',#1590,#1591,#1866,.T.);
#1171=EDGE_CURVE('',#1591,#1589,#1867,.F.);
#1172=EDGE_CURVE('',#1592,#1593,#1868,.T.);
#1173=EDGE_CURVE('',#1593,#1594,#1869,.F.);
#1174=EDGE_CURVE('',#1595,#1594,#1870,.T.);
#1175=EDGE_CURVE('',#1595,#1592,#1871,.T.);
#1176=EDGE_CURVE('',#1596,#1597,#1872,.T.);
#1177=EDGE_CURVE('',#1596,#1598,#1873,.F.);
#1178=EDGE_CURVE('',#1598,#1599,#1874,.T.);
#1179=EDGE_CURVE('',#1599,#1597,#1875,.T.);
#1180=EDGE_CURVE('',#1600,#1601,#1876,.T.);
#1181=EDGE_CURVE('',#1601,#1602,#1877,.T.);
#1182=EDGE_CURVE('',#1603,#1602,#1878,.T.);
#1183=EDGE_CURVE('',#1603,#1600,#1879,.F.);
#1184=EDGE_CURVE('',#1604,#1605,#1880,.T.);
#1185=EDGE_CURVE('',#1604,#1606,#1881,.T.);
#1186=EDGE_CURVE('',#1606,#1607,#1882,.T.);
#1187=EDGE_CURVE('',#1607,#1605,#1883,.F.);
#1188=EDGE_CURVE('',#1608,#1609,#1884,.T.);
#1189=EDGE_CURVE('',#1609,#1610,#1885,.F.);
#1190=EDGE_CURVE('',#1611,#1610,#1886,.T.);
#1191=EDGE_CURVE('',#1611,#1608,#1887,.T.);
#1192=EDGE_CURVE('',#1612,#1613,#1888,.T.);
#1193=EDGE_CURVE('',#1612,#1614,#1889,.F.);
#1194=EDGE_CURVE('',#1614,#1615,#1890,.T.);
#1195=EDGE_CURVE('',#1615,#1613,#1891,.T.);
#1196=EDGE_CURVE('',#1616,#1617,#1892,.T.);
#1197=EDGE_CURVE('',#1617,#1618,#1893,.T.);
#1198=EDGE_CURVE('',#1619,#1618,#1894,.T.);
#1199=EDGE_CURVE('',#1619,#1616,#1895,.F.);
#1200=EDGE_CURVE('',#1620,#1621,#1896,.T.);
#1201=EDGE_CURVE('',#1620,#1622,#1897,.T.);
#1202=EDGE_CURVE('',#1622,#1623,#1898,.T.);
#1203=EDGE_CURVE('',#1623,#1621,#1899,.F.);
#1204=EDGE_CURVE('',#1624,#1625,#1900,.T.);
#1205=EDGE_CURVE('',#1625,#1626,#1901,.F.);
#1206=EDGE_CURVE('',#1627,#1626,#1902,.T.);
#1207=EDGE_CURVE('',#1627,#1624,#1903,.T.);
#1208=EDGE_CURVE('',#1628,#1629,#1904,.T.);
#1209=EDGE_CURVE('',#1628,#1630,#1905,.F.);
#1210=EDGE_CURVE('',#1630,#1631,#1906,.T.);
#1211=EDGE_CURVE('',#1631,#1629,#1907,.T.);
#1212=EDGE_CURVE('',#1632,#1633,#1908,.T.);
#1213=EDGE_CURVE('',#1633,#1634,#1909,.T.);
#1214=EDGE_CURVE('',#1635,#1634,#1910,.T.);
#1215=EDGE_CURVE('',#1635,#1632,#1911,.F.);
#1216=EDGE_CURVE('',#1636,#1637,#1912,.T.);
#1217=EDGE_CURVE('',#1637,#1638,#1913,.F.);
#1218=EDGE_CURVE('',#1639,#1638,#1914,.T.);
#1219=EDGE_CURVE('',#1639,#1636,#1915,.T.);
#1220=EDGE_CURVE('',#1640,#1641,#1916,.T.);
#1221=EDGE_CURVE('',#1640,#1642,#1917,.T.);
#1222=EDGE_CURVE('',#1642,#1643,#1918,.T.);
#1223=EDGE_CURVE('',#1643,#1641,#1919,.F.);
#1224=EDGE_CURVE('',#1644,#1645,#1920,.T.);
#1225=EDGE_CURVE('',#1645,#1646,#1921,.T.);
#1226=EDGE_CURVE('',#1647,#1646,#1922,.T.);
#1227=EDGE_CURVE('',#1647,#1644,#1923,.F.);
#1228=EDGE_CURVE('',#1648,#1649,#1924,.T.);
#1229=EDGE_CURVE('',#1648,#1650,#1925,.F.);
#1230=EDGE_CURVE('',#1650,#1651,#1926,.T.);
#1231=EDGE_CURVE('',#1651,#1649,#1927,.T.);
#1232=EDGE_CURVE('',#1652,#1653,#1928,.T.);
#1233=EDGE_CURVE('',#1653,#1654,#1929,.F.);
#1234=EDGE_CURVE('',#1655,#1654,#1930,.T.);
#1235=EDGE_CURVE('',#1655,#1652,#1931,.T.);
#1236=EDGE_CURVE('',#1656,#1657,#1932,.T.);
#1237=EDGE_CURVE('',#1657,#1658,#1933,.F.);
#1238=EDGE_CURVE('',#1659,#1658,#1934,.T.);
#1239=EDGE_CURVE('',#1659,#1656,#1935,.T.);
#1240=EDGE_CURVE('',#1660,#1661,#1936,.T.);
#1241=EDGE_CURVE('',#1661,#1662,#1937,.T.);
#1242=EDGE_CURVE('',#1663,#1662,#1938,.T.);
#1243=EDGE_CURVE('',#1663,#1660,#1939,.F.);
#1244=EDGE_CURVE('',#1664,#1665,#1940,.T.);
#1245=EDGE_CURVE('',#1665,#1666,#1941,.T.);
#1246=EDGE_CURVE('',#1667,#1666,#1942,.T.);
#1247=EDGE_CURVE('',#1667,#1664,#1943,.F.);
#1248=EDGE_CURVE('',#1668,#1669,#1944,.T.);
#1249=EDGE_CURVE('',#1669,#1670,#1945,.F.);
#1250=EDGE_CURVE('',#1671,#1670,#1946,.T.);
#1251=EDGE_CURVE('',#1671,#1668,#1947,.T.);
#1252=EDGE_CURVE('',#1672,#1673,#1948,.T.);
#1253=EDGE_CURVE('',#1673,#1674,#1949,.F.);
#1254=EDGE_CURVE('',#1675,#1674,#1950,.T.);
#1255=EDGE_CURVE('',#1675,#1672,#1951,.T.);
#1256=EDGE_CURVE('',#1676,#1677,#1952,.T.);
#1257=EDGE_CURVE('',#1677,#1678,#1953,.T.);
#1258=EDGE_CURVE('',#1679,#1678,#1954,.T.);
#1259=EDGE_CURVE('',#1679,#1676,#1955,.F.);
#1260=EDGE_CURVE('',#1680,#1681,#1956,.T.);
#1261=EDGE_CURVE('',#1681,#1682,#1957,.T.);
#1262=EDGE_CURVE('',#1683,#1682,#1958,.T.);
#1263=EDGE_CURVE('',#1683,#1680,#1959,.F.);
#1264=EDGE_CURVE('',#1684,#1685,#1960,.T.);
#1265=EDGE_CURVE('',#1684,#1686,#1961,.T.);
#1266=EDGE_CURVE('',#1686,#1687,#1962,.T.);
#1267=EDGE_CURVE('',#1687,#1685,#1963,.F.);
#1268=EDGE_CURVE('',#1688,#1689,#1964,.T.);
#1269=EDGE_CURVE('',#1688,#1690,#1965,.F.);
#1270=EDGE_CURVE('',#1690,#1691,#1966,.T.);
#1271=EDGE_CURVE('',#1691,#1689,#1967,.T.);
#1272=EDGE_CURVE('',#1692,#1693,#1968,.T.);
#1273=EDGE_CURVE('',#1692,#1694,#1969,.F.);
#1274=EDGE_CURVE('',#1694,#1695,#1970,.T.);
#1275=EDGE_CURVE('',#1695,#1693,#1971,.T.);
#1276=EDGE_CURVE('',#1696,#1697,#1972,.T.);
#1277=EDGE_CURVE('',#1696,#1698,#1973,.T.);
#1278=EDGE_CURVE('',#1698,#1699,#1974,.T.);
#1279=EDGE_CURVE('',#1699,#1697,#1975,.F.);
#1280=EDGE_CURVE('',#1700,#1701,#1976,.T.);
#1281=EDGE_CURVE('',#1700,#1702,#1977,.T.);
#1282=EDGE_CURVE('',#1702,#1703,#1978,.T.);
#1283=EDGE_CURVE('',#1703,#1701,#1979,.F.);
#1284=EDGE_CURVE('',#1704,#1705,#1980,.T.);
#1285=EDGE_CURVE('',#1704,#1706,#1981,.F.);
#1286=EDGE_CURVE('',#1706,#1707,#1982,.T.);
#1287=EDGE_CURVE('',#1707,#1705,#1983,.T.);
#1288=EDGE_CURVE('',#1708,#1709,#1984,.T.);
#1289=EDGE_CURVE('',#1708,#1710,#1985,.F.);
#1290=EDGE_CURVE('',#1710,#1711,#1986,.T.);
#1291=EDGE_CURVE('',#1711,#1709,#1987,.T.);
#1292=EDGE_CURVE('',#1712,#1713,#1988,.T.);
#1293=EDGE_CURVE('',#1712,#1714,#1989,.T.);
#1294=EDGE_CURVE('',#1714,#1715,#1990,.T.);
#1295=EDGE_CURVE('',#1715,#1713,#1991,.F.);
#1296=EDGE_CURVE('',#1716,#1717,#1992,.T.);
#1297=EDGE_CURVE('',#1716,#1718,#1993,.T.);
#1298=EDGE_CURVE('',#1718,#1719,#1994,.T.);
#1299=EDGE_CURVE('',#1719,#1717,#1995,.F.);
#1300=EDGE_CURVE('',#1720,#1721,#1996,.T.);
#1301=EDGE_CURVE('',#1720,#1722,#1997,.T.);
#1302=EDGE_CURVE('',#1722,#1723,#1998,.T.);
#1303=EDGE_CURVE('',#1723,#1721,#1999,.F.);
#1304=EDGE_CURVE('',#1724,#1725,#2000,.T.);
#1305=EDGE_CURVE('',#1724,#1726,#2001,.F.);
#1306=EDGE_CURVE('',#1726,#1727,#2002,.T.);
#1307=EDGE_CURVE('',#1727,#1725,#2003,.T.);
#1308=EDGE_CURVE('',#1728,#1729,#2004,.T.);
#1309=EDGE_CURVE('',#1728,#1730,#2005,.F.);
#1310=EDGE_CURVE('',#1730,#1731,#2006,.T.);
#1311=EDGE_CURVE('',#1731,#1729,#2007,.T.);
#1312=EDGE_CURVE('',#1732,#1733,#2008,.T.);
#1313=EDGE_CURVE('',#1733,#1734,#2009,.F.);
#1314=EDGE_CURVE('',#1735,#1734,#2010,.T.);
#1315=EDGE_CURVE('',#1735,#1732,#2011,.T.);
#1316=EDGE_CURVE('',#1736,#1737,#2012,.T.);
#1317=EDGE_CURVE('',#1736,#1738,#2013,.T.);
#1318=EDGE_CURVE('',#1738,#1739,#2014,.T.);
#1319=EDGE_CURVE('',#1739,#1737,#2015,.F.);
#1320=EDGE_CURVE('',#1740,#1741,#2016,.T.);
#1321=EDGE_CURVE('',#1740,#1742,#2017,.F.);
#1322=EDGE_CURVE('',#1742,#1743,#2018,.T.);
#1323=EDGE_CURVE('',#1743,#1741,#2019,.T.);
#1324=EDGE_CURVE('',#1744,#1745,#2020,.T.);
#1325=EDGE_CURVE('',#1745,#1746,#2021,.T.);
#1326=EDGE_CURVE('',#1747,#1746,#2022,.T.);
#1327=EDGE_CURVE('',#1747,#1744,#2023,.F.);
#1328=EDGE_CURVE('',#1748,#1749,#2024,.T.);
#1329=EDGE_CURVE('',#1749,#1750,#2025,.F.);
#1330=EDGE_CURVE('',#1750,#1751,#2026,.F.);
#1331=EDGE_CURVE('',#1751,#1748,#2027,.T.);
#1332=EDGE_CURVE('',#1752,#1753,#2028,.F.);
#1333=EDGE_CURVE('',#1753,#1754,#2029,.F.);
#1334=EDGE_CURVE('',#1754,#1755,#2030,.T.);
#1335=EDGE_CURVE('',#1755,#1752,#2031,.T.);
#1336=EDGE_CURVE('',#1744,#1735,#88,.F.);
#1337=EDGE_CURVE('',#1734,#1736,#89,.F.);
#1338=EDGE_CURVE('',#1737,#1743,#90,.F.);
#1339=EDGE_CURVE('',#1742,#1745,#91,.F.);
#1340=EDGE_CURVE('',#1730,#1716,#92,.F.);
#1341=EDGE_CURVE('',#1717,#1720,#93,.F.);
#1342=EDGE_CURVE('',#1721,#1727,#94,.F.);
#1343=EDGE_CURVE('',#1726,#1731,#95,.F.);
#1344=EDGE_CURVE('',#1710,#1712,#96,.F.);
#1345=EDGE_CURVE('',#1713,#1700,#97,.F.);
#1346=EDGE_CURVE('',#1701,#1707,#98,.F.);
#1347=EDGE_CURVE('',#1706,#1711,#99,.F.);
#1348=EDGE_CURVE('',#1694,#1696,#100,.F.);
#1349=EDGE_CURVE('',#1697,#1684,#101,.F.);
#1350=EDGE_CURVE('',#1685,#1691,#102,.F.);
#1351=EDGE_CURVE('',#1690,#1695,#103,.F.);
#1352=EDGE_CURVE('',#1680,#1671,#104,.F.);
#1353=EDGE_CURVE('',#1670,#1675,#105,.F.);
#1354=EDGE_CURVE('',#1674,#1677,#106,.F.);
#1355=EDGE_CURVE('',#1676,#1681,#107,.F.);
#1356=EDGE_CURVE('',#1664,#1655,#108,.F.);
#1357=EDGE_CURVE('',#1654,#1659,#109,.F.);
#1358=EDGE_CURVE('',#1658,#1661,#110,.F.);
#1359=EDGE_CURVE('',#1660,#1665,#111,.F.);
#1360=EDGE_CURVE('',#1650,#1639,#112,.F.);
#1361=EDGE_CURVE('',#1638,#1640,#113,.F.);
#1362=EDGE_CURVE('',#1641,#1645,#114,.F.);
#1363=EDGE_CURVE('',#1644,#1651,#115,.F.);
#1364=EDGE_CURVE('',#1632,#1620,#116,.F.);
#1365=EDGE_CURVE('',#1621,#1627,#117,.F.);
#1366=EDGE_CURVE('',#1626,#1631,#118,.F.);
#1367=EDGE_CURVE('',#1630,#1633,#119,.F.);
#1368=EDGE_CURVE('',#1616,#1604,#120,.F.);
#1369=EDGE_CURVE('',#1605,#1611,#121,.F.);
#1370=EDGE_CURVE('',#1610,#1615,#122,.F.);
#1371=EDGE_CURVE('',#1614,#1617,#123,.F.);
#1372=EDGE_CURVE('',#1600,#1588,#124,.F.);
#1373=EDGE_CURVE('',#1589,#1595,#125,.F.);
#1374=EDGE_CURVE('',#1594,#1599,#126,.F.);
#1375=EDGE_CURVE('',#1598,#1601,#127,.F.);
#1376=EDGE_CURVE('',#1584,#1572,#128,.F.);
#1377=EDGE_CURVE('',#1573,#1579,#129,.F.);
#1378=EDGE_CURVE('',#1578,#1583,#130,.F.);
#1379=EDGE_CURVE('',#1582,#1585,#131,.F.);
#1380=EDGE_CURVE('',#1568,#1556,#132,.F.);
#1381=EDGE_CURVE('',#1557,#1563,#133,.F.);
#1382=EDGE_CURVE('',#1562,#1567,#134,.F.);
#1383=EDGE_CURVE('',#1566,#1569,#135,.F.);
#1384=EDGE_CURVE('',#1552,#1540,#136,.F.);
#1385=EDGE_CURVE('',#1541,#1547,#137,.F.);
#1386=EDGE_CURVE('',#1546,#1551,#138,.F.);
#1387=EDGE_CURVE('',#1550,#1553,#139,.F.);
#1388=EDGE_CURVE('',#1536,#1524,#140,.F.);
#1389=EDGE_CURVE('',#1525,#1531,#141,.F.);
#1390=EDGE_CURVE('',#1530,#1535,#142,.F.);
#1391=EDGE_CURVE('',#1534,#1537,#143,.F.);
#1392=EDGE_CURVE('',#1520,#1508,#144,.F.);
#1393=EDGE_CURVE('',#1509,#1515,#145,.F.);
#1394=EDGE_CURVE('',#1514,#1519,#146,.F.);
#1395=EDGE_CURVE('',#1518,#1521,#147,.F.);
#1396=EDGE_CURVE('',#1504,#1492,#148,.F.);
#1397=EDGE_CURVE('',#1493,#1499,#149,.F.);
#1398=EDGE_CURVE('',#1498,#1503,#150,.F.);
#1399=EDGE_CURVE('',#1502,#1505,#151,.F.);
#1400=EDGE_CURVE('',#1756,#1757,#2032,.T.);
#1401=EDGE_CURVE('',#1756,#1749,#152,.F.);
#1402=EDGE_CURVE('',#1748,#1758,#153,.F.);
#1403=EDGE_CURVE('',#1758,#1759,#2033,.T.);
#1404=EDGE_CURVE('',#1759,#1760,#154,.F.);
#1405=EDGE_CURVE('',#1760,#1761,#2034,.T.);
#1406=EDGE_CURVE('',#1761,#1757,#155,.F.);
#1407=EDGE_CURVE('',#1732,#1747,#156,.T.);
#1408=EDGE_CURVE('',#1746,#1740,#157,.T.);
#1409=EDGE_CURVE('',#1741,#1739,#158,.T.);
#1410=EDGE_CURVE('',#1738,#1733,#159,.T.);
#1411=EDGE_CURVE('',#1718,#1728,#160,.T.);
#1412=EDGE_CURVE('',#1729,#1724,#161,.T.);
#1413=EDGE_CURVE('',#1725,#1723,#162,.T.);
#1414=EDGE_CURVE('',#1722,#1719,#163,.T.);
#1415=EDGE_CURVE('',#1714,#1708,#164,.T.);
#1416=EDGE_CURVE('',#1709,#1704,#165,.T.);
#1417=EDGE_CURVE('',#1705,#1703,#166,.T.);
#1418=EDGE_CURVE('',#1702,#1715,#167,.T.);
#1419=EDGE_CURVE('',#1698,#1692,#168,.T.);
#1420=EDGE_CURVE('',#1693,#1688,#169,.T.);
#1421=EDGE_CURVE('',#1689,#1687,#170,.T.);
#1422=EDGE_CURVE('',#1686,#1699,#171,.T.);
#1423=EDGE_CURVE('',#1668,#1683,#172,.T.);
#1424=EDGE_CURVE('',#1682,#1679,#173,.T.);
#1425=EDGE_CURVE('',#1678,#1673,#174,.T.);
#1426=EDGE_CURVE('',#1672,#1669,#175,.T.);
#1427=EDGE_CURVE('',#1652,#1667,#176,.T.);
#1428=EDGE_CURVE('',#1666,#1663,#177,.T.);
#1429=EDGE_CURVE('',#1662,#1657,#178,.T.);
#1430=EDGE_CURVE('',#1656,#1653,#179,.T.);
#1431=EDGE_CURVE('',#1636,#1648,#180,.T.);
#1432=EDGE_CURVE('',#1649,#1647,#181,.T.);
#1433=EDGE_CURVE('',#1646,#1643,#182,.T.);
#1434=EDGE_CURVE('',#1642,#1637,#183,.T.);
#1435=EDGE_CURVE('',#1622,#1635,#184,.T.);
#1436=EDGE_CURVE('',#1634,#1628,#185,.T.);
#1437=EDGE_CURVE('',#1629,#1625,#186,.T.);
#1438=EDGE_CURVE('',#1624,#1623,#187,.T.);
#1439=EDGE_CURVE('',#1606,#1619,#188,.T.);
#1440=EDGE_CURVE('',#1618,#1612,#189,.T.);
#1441=EDGE_CURVE('',#1613,#1609,#190,.T.);
#1442=EDGE_CURVE('',#1608,#1607,#191,.T.);
#1443=EDGE_CURVE('',#1590,#1603,#192,.T.);
#1444=EDGE_CURVE('',#1602,#1596,#193,.T.);
#1445=EDGE_CURVE('',#1597,#1593,#194,.T.);
#1446=EDGE_CURVE('',#1592,#1591,#195,.T.);
#1447=EDGE_CURVE('',#1574,#1587,#196,.T.);
#1448=EDGE_CURVE('',#1586,#1580,#197,.T.);
#1449=EDGE_CURVE('',#1581,#1577,#198,.T.);
#1450=EDGE_CURVE('',#1576,#1575,#199,.T.);
#1451=EDGE_CURVE('',#1558,#1571,#200,.T.);
#1452=EDGE_CURVE('',#1570,#1564,#201,.T.);
#1453=EDGE_CURVE('',#1565,#1561,#202,.T.);
#1454=EDGE_CURVE('',#1560,#1559,#203,.T.);
#1455=EDGE_CURVE('',#1542,#1555,#204,.T.);
#1456=EDGE_CURVE('',#1554,#1548,#205,.T.);
#1457=EDGE_CURVE('',#1549,#1545,#206,.T.);
#1458=EDGE_CURVE('',#1544,#1543,#207,.T.);
#1459=EDGE_CURVE('',#1526,#1539,#208,.T.);
#1460=EDGE_CURVE('',#1538,#1532,#209,.T.);
#1461=EDGE_CURVE('',#1533,#1529,#210,.T.);
#1462=EDGE_CURVE('',#1528,#1527,#211,.T.);
#1463=EDGE_CURVE('',#1510,#1523,#212,.T.);
#1464=EDGE_CURVE('',#1522,#1516,#213,.T.);
#1465=EDGE_CURVE('',#1517,#1513,#214,.T.);
#1466=EDGE_CURVE('',#1512,#1511,#215,.T.);
#1467=EDGE_CURVE('',#1494,#1507,#216,.T.);
#1468=EDGE_CURVE('',#1506,#1500,#217,.T.);
#1469=EDGE_CURVE('',#1501,#1497,#218,.T.);
#1470=EDGE_CURVE('',#1496,#1495,#219,.T.);
#1471=EDGE_CURVE('',#1762,#1763,#2035,.T.);
#1472=EDGE_CURVE('',#1763,#1761,#2036,.T.);
#1473=EDGE_CURVE('',#1760,#1762,#2037,.F.);
#1474=EDGE_CURVE('',#1764,#1765,#2038,.F.);
#1475=EDGE_CURVE('',#1765,#1756,#2039,.T.);
#1476=EDGE_CURVE('',#1757,#1764,#2040,.F.);
#1477=EDGE_CURVE('',#1758,#1766,#2041,.F.);
#1478=EDGE_CURVE('',#1766,#1767,#2042,.T.);
#1479=EDGE_CURVE('',#1767,#1759,#2043,.T.);
#1480=EDGE_CURVE('',#1750,#1765,#220,.T.);
#1481=EDGE_CURVE('',#1764,#1763,#221,.T.);
#1482=EDGE_CURVE('',#1765,#1755,#222,.T.);
#1483=EDGE_CURVE('',#1752,#1764,#223,.T.);
#1484=EDGE_CURVE('',#1750,#1755,#224,.F.);
#1485=EDGE_CURVE('',#1752,#1763,#225,.F.);
#1486=EDGE_CURVE('',#1751,#1754,#226,.T.);
#1487=EDGE_CURVE('',#1766,#1751,#227,.T.);
#1488=EDGE_CURVE('',#1762,#1767,#228,.T.);
#1489=EDGE_CURVE('',#1753,#1762,#229,.T.);
#1490=EDGE_CURVE('',#1766,#1754,#230,.F.);
#1491=EDGE_CURVE('',#1753,#1767,#231,.F.);
#1492=VERTEX_POINT('',#4056);
#1493=VERTEX_POINT('',#4057);
#1494=VERTEX_POINT('',#4059);
#1495=VERTEX_POINT('',#4061);
#1496=VERTEX_POINT('',#4065);
#1497=VERTEX_POINT('',#4066);
#1498=VERTEX_POINT('',#4068);
#1499=VERTEX_POINT('',#4070);
#1500=VERTEX_POINT('',#4074);
#1501=VERTEX_POINT('',#4075);
#1502=VERTEX_POINT('',#4077);
#1503=VERTEX_POINT('',#4079);
#1504=VERTEX_POINT('',#4083);
#1505=VERTEX_POINT('',#4084);
#1506=VERTEX_POINT('',#4086);
#1507=VERTEX_POINT('',#4088);
#1508=VERTEX_POINT('',#4092);
#1509=VERTEX_POINT('',#4093);
#1510=VERTEX_POINT('',#4095);
#1511=VERTEX_POINT('',#4097);
#1512=VERTEX_POINT('',#4101);
#1513=VERTEX_POINT('',#4102);
#1514=VERTEX_POINT('',#4104);
#1515=VERTEX_POINT('',#4106);
#1516=VERTEX_POINT('',#4110);
#1517=VERTEX_POINT('',#4111);
#1518=VERTEX_POINT('',#4113);
#1519=VERTEX_POINT('',#4115);
#1520=VERTEX_POINT('',#4119);
#1521=VERTEX_POINT('',#4120);
#1522=VERTEX_POINT('',#4122);
#1523=VERTEX_POINT('',#4124);
#1524=VERTEX_POINT('',#4128);
#1525=VERTEX_POINT('',#4129);
#1526=VERTEX_POINT('',#4131);
#1527=VERTEX_POINT('',#4133);
#1528=VERTEX_POINT('',#4137);
#1529=VERTEX_POINT('',#4138);
#1530=VERTEX_POINT('',#4140);
#1531=VERTEX_POINT('',#4142);
#1532=VERTEX_POINT('',#4146);
#1533=VERTEX_POINT('',#4147);
#1534=VERTEX_POINT('',#4149);
#1535=VERTEX_POINT('',#4151);
#1536=VERTEX_POINT('',#4155);
#1537=VERTEX_POINT('',#4156);
#1538=VERTEX_POINT('',#4158);
#1539=VERTEX_POINT('',#4160);
#1540=VERTEX_POINT('',#4164);
#1541=VERTEX_POINT('',#4165);
#1542=VERTEX_POINT('',#4167);
#1543=VERTEX_POINT('',#4169);
#1544=VERTEX_POINT('',#4173);
#1545=VERTEX_POINT('',#4174);
#1546=VERTEX_POINT('',#4176);
#1547=VERTEX_POINT('',#4178);
#1548=VERTEX_POINT('',#4182);
#1549=VERTEX_POINT('',#4183);
#1550=VERTEX_POINT('',#4185);
#1551=VERTEX_POINT('',#4187);
#1552=VERTEX_POINT('',#4191);
#1553=VERTEX_POINT('',#4192);
#1554=VERTEX_POINT('',#4194);
#1555=VERTEX_POINT('',#4196);
#1556=VERTEX_POINT('',#4200);
#1557=VERTEX_POINT('',#4201);
#1558=VERTEX_POINT('',#4203);
#1559=VERTEX_POINT('',#4205);
#1560=VERTEX_POINT('',#4209);
#1561=VERTEX_POINT('',#4210);
#1562=VERTEX_POINT('',#4212);
#1563=VERTEX_POINT('',#4214);
#1564=VERTEX_POINT('',#4218);
#1565=VERTEX_POINT('',#4219);
#1566=VERTEX_POINT('',#4221);
#1567=VERTEX_POINT('',#4223);
#1568=VERTEX_POINT('',#4227);
#1569=VERTEX_POINT('',#4228);
#1570=VERTEX_POINT('',#4230);
#1571=VERTEX_POINT('',#4232);
#1572=VERTEX_POINT('',#4236);
#1573=VERTEX_POINT('',#4237);
#1574=VERTEX_POINT('',#4239);
#1575=VERTEX_POINT('',#4241);
#1576=VERTEX_POINT('',#4245);
#1577=VERTEX_POINT('',#4246);
#1578=VERTEX_POINT('',#4248);
#1579=VERTEX_POINT('',#4250);
#1580=VERTEX_POINT('',#4254);
#1581=VERTEX_POINT('',#4255);
#1582=VERTEX_POINT('',#4257);
#1583=VERTEX_POINT('',#4259);
#1584=VERTEX_POINT('',#4263);
#1585=VERTEX_POINT('',#4264);
#1586=VERTEX_POINT('',#4266);
#1587=VERTEX_POINT('',#4268);
#1588=VERTEX_POINT('',#4272);
#1589=VERTEX_POINT('',#4273);
#1590=VERTEX_POINT('',#4275);
#1591=VERTEX_POINT('',#4277);
#1592=VERTEX_POINT('',#4281);
#1593=VERTEX_POINT('',#4282);
#1594=VERTEX_POINT('',#4284);
#1595=VERTEX_POINT('',#4286);
#1596=VERTEX_POINT('',#4290);
#1597=VERTEX_POINT('',#4291);
#1598=VERTEX_POINT('',#4293);
#1599=VERTEX_POINT('',#4295);
#1600=VERTEX_POINT('',#4299);
#1601=VERTEX_POINT('',#4300);
#1602=VERTEX_POINT('',#4302);
#1603=VERTEX_POINT('',#4304);
#1604=VERTEX_POINT('',#4308);
#1605=VERTEX_POINT('',#4309);
#1606=VERTEX_POINT('',#4311);
#1607=VERTEX_POINT('',#4313);
#1608=VERTEX_POINT('',#4317);
#1609=VERTEX_POINT('',#4318);
#1610=VERTEX_POINT('',#4320);
#1611=VERTEX_POINT('',#4322);
#1612=VERTEX_POINT('',#4326);
#1613=VERTEX_POINT('',#4327);
#1614=VERTEX_POINT('',#4329);
#1615=VERTEX_POINT('',#4331);
#1616=VERTEX_POINT('',#4335);
#1617=VERTEX_POINT('',#4336);
#1618=VERTEX_POINT('',#4338);
#1619=VERTEX_POINT('',#4340);
#1620=VERTEX_POINT('',#4344);
#1621=VERTEX_POINT('',#4345);
#1622=VERTEX_POINT('',#4347);
#1623=VERTEX_POINT('',#4349);
#1624=VERTEX_POINT('',#4353);
#1625=VERTEX_POINT('',#4354);
#1626=VERTEX_POINT('',#4356);
#1627=VERTEX_POINT('',#4358);
#1628=VERTEX_POINT('',#4362);
#1629=VERTEX_POINT('',#4363);
#1630=VERTEX_POINT('',#4365);
#1631=VERTEX_POINT('',#4367);
#1632=VERTEX_POINT('',#4371);
#1633=VERTEX_POINT('',#4372);
#1634=VERTEX_POINT('',#4374);
#1635=VERTEX_POINT('',#4376);
#1636=VERTEX_POINT('',#4380);
#1637=VERTEX_POINT('',#4381);
#1638=VERTEX_POINT('',#4383);
#1639=VERTEX_POINT('',#4385);
#1640=VERTEX_POINT('',#4389);
#1641=VERTEX_POINT('',#4390);
#1642=VERTEX_POINT('',#4392);
#1643=VERTEX_POINT('',#4394);
#1644=VERTEX_POINT('',#4398);
#1645=VERTEX_POINT('',#4399);
#1646=VERTEX_POINT('',#4401);
#1647=VERTEX_POINT('',#4403);
#1648=VERTEX_POINT('',#4407);
#1649=VERTEX_POINT('',#4408);
#1650=VERTEX_POINT('',#4410);
#1651=VERTEX_POINT('',#4412);
#1652=VERTEX_POINT('',#4416);
#1653=VERTEX_POINT('',#4417);
#1654=VERTEX_POINT('',#4419);
#1655=VERTEX_POINT('',#4421);
#1656=VERTEX_POINT('',#4425);
#1657=VERTEX_POINT('',#4426);
#1658=VERTEX_POINT('',#4428);
#1659=VERTEX_POINT('',#4430);
#1660=VERTEX_POINT('',#4434);
#1661=VERTEX_POINT('',#4435);
#1662=VERTEX_POINT('',#4437);
#1663=VERTEX_POINT('',#4439);
#1664=VERTEX_POINT('',#4443);
#1665=VERTEX_POINT('',#4444);
#1666=VERTEX_POINT('',#4446);
#1667=VERTEX_POINT('',#4448);
#1668=VERTEX_POINT('',#4452);
#1669=VERTEX_POINT('',#4453);
#1670=VERTEX_POINT('',#4455);
#1671=VERTEX_POINT('',#4457);
#1672=VERTEX_POINT('',#4461);
#1673=VERTEX_POINT('',#4462);
#1674=VERTEX_POINT('',#4464);
#1675=VERTEX_POINT('',#4466);
#1676=VERTEX_POINT('',#4470);
#1677=VERTEX_POINT('',#4471);
#1678=VERTEX_POINT('',#4473);
#1679=VERTEX_POINT('',#4475);
#1680=VERTEX_POINT('',#4479);
#1681=VERTEX_POINT('',#4480);
#1682=VERTEX_POINT('',#4482);
#1683=VERTEX_POINT('',#4484);
#1684=VERTEX_POINT('',#4488);
#1685=VERTEX_POINT('',#4489);
#1686=VERTEX_POINT('',#4491);
#1687=VERTEX_POINT('',#4493);
#1688=VERTEX_POINT('',#4497);
#1689=VERTEX_POINT('',#4498);
#1690=VERTEX_POINT('',#4500);
#1691=VERTEX_POINT('',#4502);
#1692=VERTEX_POINT('',#4506);
#1693=VERTEX_POINT('',#4507);
#1694=VERTEX_POINT('',#4509);
#1695=VERTEX_POINT('',#4511);
#1696=VERTEX_POINT('',#4515);
#1697=VERTEX_POINT('',#4516);
#1698=VERTEX_POINT('',#4518);
#1699=VERTEX_POINT('',#4520);
#1700=VERTEX_POINT('',#4524);
#1701=VERTEX_POINT('',#4525);
#1702=VERTEX_POINT('',#4527);
#1703=VERTEX_POINT('',#4529);
#1704=VERTEX_POINT('',#4533);
#1705=VERTEX_POINT('',#4534);
#1706=VERTEX_POINT('',#4536);
#1707=VERTEX_POINT('',#4538);
#1708=VERTEX_POINT('',#4542);
#1709=VERTEX_POINT('',#4543);
#1710=VERTEX_POINT('',#4545);
#1711=VERTEX_POINT('',#4547);
#1712=VERTEX_POINT('',#4551);
#1713=VERTEX_POINT('',#4552);
#1714=VERTEX_POINT('',#4554);
#1715=VERTEX_POINT('',#4556);
#1716=VERTEX_POINT('',#4560);
#1717=VERTEX_POINT('',#4561);
#1718=VERTEX_POINT('',#4563);
#1719=VERTEX_POINT('',#4565);
#1720=VERTEX_POINT('',#4569);
#1721=VERTEX_POINT('',#4570);
#1722=VERTEX_POINT('',#4572);
#1723=VERTEX_POINT('',#4574);
#1724=VERTEX_POINT('',#4578);
#1725=VERTEX_POINT('',#4579);
#1726=VERTEX_POINT('',#4581);
#1727=VERTEX_POINT('',#4583);
#1728=VERTEX_POINT('',#4587);
#1729=VERTEX_POINT('',#4588);
#1730=VERTEX_POINT('',#4590);
#1731=VERTEX_POINT('',#4592);
#1732=VERTEX_POINT('',#4596);
#1733=VERTEX_POINT('',#4597);
#1734=VERTEX_POINT('',#4599);
#1735=VERTEX_POINT('',#4601);
#1736=VERTEX_POINT('',#4605);
#1737=VERTEX_POINT('',#4606);
#1738=VERTEX_POINT('',#4608);
#1739=VERTEX_POINT('',#4610);
#1740=VERTEX_POINT('',#4614);
#1741=VERTEX_POINT('',#4615);
#1742=VERTEX_POINT('',#4617);
#1743=VERTEX_POINT('',#4619);
#1744=VERTEX_POINT('',#4623);
#1745=VERTEX_POINT('',#4624);
#1746=VERTEX_POINT('',#4626);
#1747=VERTEX_POINT('',#4628);
#1748=VERTEX_POINT('',#4632);
#1749=VERTEX_POINT('',#4633);
#1750=VERTEX_POINT('',#4635);
#1751=VERTEX_POINT('',#4637);
#1752=VERTEX_POINT('',#4641);
#1753=VERTEX_POINT('',#4642);
#1754=VERTEX_POINT('',#4644);
#1755=VERTEX_POINT('',#4646);
#1756=VERTEX_POINT('',#4714);
#1757=VERTEX_POINT('',#4715);
#1758=VERTEX_POINT('',#4718);
#1759=VERTEX_POINT('',#4720);
#1760=VERTEX_POINT('',#4722);
#1761=VERTEX_POINT('',#4724);
#1762=VERTEX_POINT('',#4792);
#1763=VERTEX_POINT('',#4793);
#1764=VERTEX_POINT('',#4798);
#1765=VERTEX_POINT('',#4799);
#1766=VERTEX_POINT('',#4804);
#1767=VERTEX_POINT('',#4806);
#1768=LINE('',#4055,#2044);
#1769=LINE('',#4058,#2045);
#1770=LINE('',#4060,#2046);
#1771=LINE('',#4062,#2047);
#1772=LINE('',#4064,#2048);
#1773=LINE('',#4067,#2049);
#1774=LINE('',#4069,#2050);
#1775=LINE('',#4071,#2051);
#1776=LINE('',#4073,#2052);
#1777=LINE('',#4076,#2053);
#1778=LINE('',#4078,#2054);
#1779=LINE('',#4080,#2055);
#1780=LINE('',#4082,#2056);
#1781=LINE('',#4085,#2057);
#1782=LINE('',#4087,#2058);
#1783=LINE('',#4089,#2059);
#1784=LINE('',#4091,#2060);
#1785=LINE('',#4094,#2061);
#1786=LINE('',#4096,#2062);
#1787=LINE('',#4098,#2063);
#1788=LINE('',#4100,#2064);
#1789=LINE('',#4103,#2065);
#1790=LINE('',#4105,#2066);
#1791=LINE('',#4107,#2067);
#1792=LINE('',#4109,#2068);
#1793=LINE('',#4112,#2069);
#1794=LINE('',#4114,#2070);
#1795=LINE('',#4116,#2071);
#1796=LINE('',#4118,#2072);
#1797=LINE('',#4121,#2073);
#1798=LINE('',#4123,#2074);
#1799=LINE('',#4125,#2075);
#1800=LINE('',#4127,#2076);
#1801=LINE('',#4130,#2077);
#1802=LINE('',#4132,#2078);
#1803=LINE('',#4134,#2079);
#1804=LINE('',#4136,#2080);
#1805=LINE('',#4139,#2081);
#1806=LINE('',#4141,#2082);
#1807=LINE('',#4143,#2083);
#1808=LINE('',#4145,#2084);
#1809=LINE('',#4148,#2085);
#1810=LINE('',#4150,#2086);
#1811=LINE('',#4152,#2087);
#1812=LINE('',#4154,#2088);
#1813=LINE('',#4157,#2089);
#1814=LINE('',#4159,#2090);
#1815=LINE('',#4161,#2091);
#1816=LINE('',#4163,#2092);
#1817=LINE('',#4166,#2093);
#1818=LINE('',#4168,#2094);
#1819=LINE('',#4170,#2095);
#1820=LINE('',#4172,#2096);
#1821=LINE('',#4175,#2097);
#1822=LINE('',#4177,#2098);
#1823=LINE('',#4179,#2099);
#1824=LINE('',#4181,#2100);
#1825=LINE('',#4184,#2101);
#1826=LINE('',#4186,#2102);
#1827=LINE('',#4188,#2103);
#1828=LINE('',#4190,#2104);
#1829=LINE('',#4193,#2105);
#1830=LINE('',#4195,#2106);
#1831=LINE('',#4197,#2107);
#1832=LINE('',#4199,#2108);
#1833=LINE('',#4202,#2109);
#1834=LINE('',#4204,#2110);
#1835=LINE('',#4206,#2111);
#1836=LINE('',#4208,#2112);
#1837=LINE('',#4211,#2113);
#1838=LINE('',#4213,#2114);
#1839=LINE('',#4215,#2115);
#1840=LINE('',#4217,#2116);
#1841=LINE('',#4220,#2117);
#1842=LINE('',#4222,#2118);
#1843=LINE('',#4224,#2119);
#1844=LINE('',#4226,#2120);
#1845=LINE('',#4229,#2121);
#1846=LINE('',#4231,#2122);
#1847=LINE('',#4233,#2123);
#1848=LINE('',#4235,#2124);
#1849=LINE('',#4238,#2125);
#1850=LINE('',#4240,#2126);
#1851=LINE('',#4242,#2127);
#1852=LINE('',#4244,#2128);
#1853=LINE('',#4247,#2129);
#1854=LINE('',#4249,#2130);
#1855=LINE('',#4251,#2131);
#1856=LINE('',#4253,#2132);
#1857=LINE('',#4256,#2133);
#1858=LINE('',#4258,#2134);
#1859=LINE('',#4260,#2135);
#1860=LINE('',#4262,#2136);
#1861=LINE('',#4265,#2137);
#1862=LINE('',#4267,#2138);
#1863=LINE('',#4269,#2139);
#1864=LINE('',#4271,#2140);
#1865=LINE('',#4274,#2141);
#1866=LINE('',#4276,#2142);
#1867=LINE('',#4278,#2143);
#1868=LINE('',#4280,#2144);
#1869=LINE('',#4283,#2145);
#1870=LINE('',#4285,#2146);
#1871=LINE('',#4287,#2147);
#1872=LINE('',#4289,#2148);
#1873=LINE('',#4292,#2149);
#1874=LINE('',#4294,#2150);
#1875=LINE('',#4296,#2151);
#1876=LINE('',#4298,#2152);
#1877=LINE('',#4301,#2153);
#1878=LINE('',#4303,#2154);
#1879=LINE('',#4305,#2155);
#1880=LINE('',#4307,#2156);
#1881=LINE('',#4310,#2157);
#1882=LINE('',#4312,#2158);
#1883=LINE('',#4314,#2159);
#1884=LINE('',#4316,#2160);
#1885=LINE('',#4319,#2161);
#1886=LINE('',#4321,#2162);
#1887=LINE('',#4323,#2163);
#1888=LINE('',#4325,#2164);
#1889=LINE('',#4328,#2165);
#1890=LINE('',#4330,#2166);
#1891=LINE('',#4332,#2167);
#1892=LINE('',#4334,#2168);
#1893=LINE('',#4337,#2169);
#1894=LINE('',#4339,#2170);
#1895=LINE('',#4341,#2171);
#1896=LINE('',#4343,#2172);
#1897=LINE('',#4346,#2173);
#1898=LINE('',#4348,#2174);
#1899=LINE('',#4350,#2175);
#1900=LINE('',#4352,#2176);
#1901=LINE('',#4355,#2177);
#1902=LINE('',#4357,#2178);
#1903=LINE('',#4359,#2179);
#1904=LINE('',#4361,#2180);
#1905=LINE('',#4364,#2181);
#1906=LINE('',#4366,#2182);
#1907=LINE('',#4368,#2183);
#1908=LINE('',#4370,#2184);
#1909=LINE('',#4373,#2185);
#1910=LINE('',#4375,#2186);
#1911=LINE('',#4377,#2187);
#1912=LINE('',#4379,#2188);
#1913=LINE('',#4382,#2189);
#1914=LINE('',#4384,#2190);
#1915=LINE('',#4386,#2191);
#1916=LINE('',#4388,#2192);
#1917=LINE('',#4391,#2193);
#1918=LINE('',#4393,#2194);
#1919=LINE('',#4395,#2195);
#1920=LINE('',#4397,#2196);
#1921=LINE('',#4400,#2197);
#1922=LINE('',#4402,#2198);
#1923=LINE('',#4404,#2199);
#1924=LINE('',#4406,#2200);
#1925=LINE('',#4409,#2201);
#1926=LINE('',#4411,#2202);
#1927=LINE('',#4413,#2203);
#1928=LINE('',#4415,#2204);
#1929=LINE('',#4418,#2205);
#1930=LINE('',#4420,#2206);
#1931=LINE('',#4422,#2207);
#1932=LINE('',#4424,#2208);
#1933=LINE('',#4427,#2209);
#1934=LINE('',#4429,#2210);
#1935=LINE('',#4431,#2211);
#1936=LINE('',#4433,#2212);
#1937=LINE('',#4436,#2213);
#1938=LINE('',#4438,#2214);
#1939=LINE('',#4440,#2215);
#1940=LINE('',#4442,#2216);
#1941=LINE('',#4445,#2217);
#1942=LINE('',#4447,#2218);
#1943=LINE('',#4449,#2219);
#1944=LINE('',#4451,#2220);
#1945=LINE('',#4454,#2221);
#1946=LINE('',#4456,#2222);
#1947=LINE('',#4458,#2223);
#1948=LINE('',#4460,#2224);
#1949=LINE('',#4463,#2225);
#1950=LINE('',#4465,#2226);
#1951=LINE('',#4467,#2227);
#1952=LINE('',#4469,#2228);
#1953=LINE('',#4472,#2229);
#1954=LINE('',#4474,#2230);
#1955=LINE('',#4476,#2231);
#1956=LINE('',#4478,#2232);
#1957=LINE('',#4481,#2233);
#1958=LINE('',#4483,#2234);
#1959=LINE('',#4485,#2235);
#1960=LINE('',#4487,#2236);
#1961=LINE('',#4490,#2237);
#1962=LINE('',#4492,#2238);
#1963=LINE('',#4494,#2239);
#1964=LINE('',#4496,#2240);
#1965=LINE('',#4499,#2241);
#1966=LINE('',#4501,#2242);
#1967=LINE('',#4503,#2243);
#1968=LINE('',#4505,#2244);
#1969=LINE('',#4508,#2245);
#1970=LINE('',#4510,#2246);
#1971=LINE('',#4512,#2247);
#1972=LINE('',#4514,#2248);
#1973=LINE('',#4517,#2249);
#1974=LINE('',#4519,#2250);
#1975=LINE('',#4521,#2251);
#1976=LINE('',#4523,#2252);
#1977=LINE('',#4526,#2253);
#1978=LINE('',#4528,#2254);
#1979=LINE('',#4530,#2255);
#1980=LINE('',#4532,#2256);
#1981=LINE('',#4535,#2257);
#1982=LINE('',#4537,#2258);
#1983=LINE('',#4539,#2259);
#1984=LINE('',#4541,#2260);
#1985=LINE('',#4544,#2261);
#1986=LINE('',#4546,#2262);
#1987=LINE('',#4548,#2263);
#1988=LINE('',#4550,#2264);
#1989=LINE('',#4553,#2265);
#1990=LINE('',#4555,#2266);
#1991=LINE('',#4557,#2267);
#1992=LINE('',#4559,#2268);
#1993=LINE('',#4562,#2269);
#1994=LINE('',#4564,#2270);
#1995=LINE('',#4566,#2271);
#1996=LINE('',#4568,#2272);
#1997=LINE('',#4571,#2273);
#1998=LINE('',#4573,#2274);
#1999=LINE('',#4575,#2275);
#2000=LINE('',#4577,#2276);
#2001=LINE('',#4580,#2277);
#2002=LINE('',#4582,#2278);
#2003=LINE('',#4584,#2279);
#2004=LINE('',#4586,#2280);
#2005=LINE('',#4589,#2281);
#2006=LINE('',#4591,#2282);
#2007=LINE('',#4593,#2283);
#2008=LINE('',#4595,#2284);
#2009=LINE('',#4598,#2285);
#2010=LINE('',#4600,#2286);
#2011=LINE('',#4602,#2287);
#2012=LINE('',#4604,#2288);
#2013=LINE('',#4607,#2289);
#2014=LINE('',#4609,#2290);
#2015=LINE('',#4611,#2291);
#2016=LINE('',#4613,#2292);
#2017=LINE('',#4616,#2293);
#2018=LINE('',#4618,#2294);
#2019=LINE('',#4620,#2295);
#2020=LINE('',#4622,#2296);
#2021=LINE('',#4625,#2297);
#2022=LINE('',#4627,#2298);
#2023=LINE('',#4629,#2299);
#2024=LINE('',#4631,#2300);
#2025=LINE('',#4634,#2301);
#2026=LINE('',#4636,#2302);
#2027=LINE('',#4638,#2303);
#2028=LINE('',#4640,#2304);
#2029=LINE('',#4643,#2305);
#2030=LINE('',#4645,#2306);
#2031=LINE('',#4647,#2307);
#2032=LINE('',#4713,#2308);
#2033=LINE('',#4719,#2309);
#2034=LINE('',#4723,#2310);
#2035=LINE('',#4791,#2311);
#2036=LINE('',#4794,#2312);
#2037=LINE('',#4795,#2313);
#2038=LINE('',#4797,#2314);
#2039=LINE('',#4800,#2315);
#2040=LINE('',#4801,#2316);
#2041=LINE('',#4803,#2317);
#2042=LINE('',#4805,#2318);
#2043=LINE('',#4807,#2319);
#2044=VECTOR('',#3199,1.);
#2045=VECTOR('',#3200,1.);
#2046=VECTOR('',#3201,1.);
#2047=VECTOR('',#3202,1.);
#2048=VECTOR('',#3205,1.);
#2049=VECTOR('',#3206,1.);
#2050=VECTOR('',#3207,1.);
#2051=VECTOR('',#3208,1.);
#2052=VECTOR('',#3211,1.);
#2053=VECTOR('',#3212,1.);
#2054=VECTOR('',#3213,1.);
#2055=VECTOR('',#3214,1.);
#2056=VECTOR('',#3217,1.);
#2057=VECTOR('',#3218,1.);
#2058=VECTOR('',#3219,1.);
#2059=VECTOR('',#3220,1.);
#2060=VECTOR('',#3223,1.);
#2061=VECTOR('',#3224,1.);
#2062=VECTOR('',#3225,1.);
#2063=VECTOR('',#3226,1.);
#2064=VECTOR('',#3229,1.);
#2065=VECTOR('',#3230,1.);
#2066=VECTOR('',#3231,1.);
#2067=VECTOR('',#3232,1.);
#2068=VECTOR('',#3235,1.);
#2069=VECTOR('',#3236,1.);
#2070=VECTOR('',#3237,1.);
#2071=VECTOR('',#3238,1.);
#2072=VECTOR('',#3241,1.);
#2073=VECTOR('',#3242,1.);
#2074=VECTOR('',#3243,1.);
#2075=VECTOR('',#3244,1.);
#2076=VECTOR('',#3247,1.);
#2077=VECTOR('',#3248,1.);
#2078=VECTOR('',#3249,1.);
#2079=VECTOR('',#3250,1.);
#2080=VECTOR('',#3253,1.);
#2081=VECTOR('',#3254,1.);
#2082=VECTOR('',#3255,1.);
#2083=VECTOR('',#3256,1.);
#2084=VECTOR('',#3259,1.);
#2085=VECTOR('',#3260,1.);
#2086=VECTOR('',#3261,1.);
#2087=VECTOR('',#3262,1.);
#2088=VECTOR('',#3265,1.);
#2089=VECTOR('',#3266,1.);
#2090=VECTOR('',#3267,1.);
#2091=VECTOR('',#3268,1.);
#2092=VECTOR('',#3271,1.);
#2093=VECTOR('',#3272,1.);
#2094=VECTOR('',#3273,1.);
#2095=VECTOR('',#3274,1.);
#2096=VECTOR('',#3277,1.);
#2097=VECTOR('',#3278,1.);
#2098=VECTOR('',#3279,1.);
#2099=VECTOR('',#3280,1.);
#2100=VECTOR('',#3283,1.);
#2101=VECTOR('',#3284,1.);
#2102=VECTOR('',#3285,1.);
#2103=VECTOR('',#3286,1.);
#2104=VECTOR('',#3289,1.);
#2105=VECTOR('',#3290,1.);
#2106=VECTOR('',#3291,1.);
#2107=VECTOR('',#3292,1.);
#2108=VECTOR('',#3295,1.);
#2109=VECTOR('',#3296,1.);
#2110=VECTOR('',#3297,1.);
#2111=VECTOR('',#3298,1.);
#2112=VECTOR('',#3301,1.);
#2113=VECTOR('',#3302,1.);
#2114=VECTOR('',#3303,1.);
#2115=VECTOR('',#3304,1.);
#2116=VECTOR('',#3307,1.);
#2117=VECTOR('',#3308,1.);
#2118=VECTOR('',#3309,1.);
#2119=VECTOR('',#3310,1.);
#2120=VECTOR('',#3313,1.);
#2121=VECTOR('',#3314,1.);
#2122=VECTOR('',#3315,1.);
#2123=VECTOR('',#3316,1.);
#2124=VECTOR('',#3319,1.);
#2125=VECTOR('',#3320,1.);
#2126=VECTOR('',#3321,1.);
#2127=VECTOR('',#3322,1.);
#2128=VECTOR('',#3325,1.);
#2129=VECTOR('',#3326,1.);
#2130=VECTOR('',#3327,1.);
#2131=VECTOR('',#3328,1.);
#2132=VECTOR('',#3331,1.);
#2133=VECTOR('',#3332,1.);
#2134=VECTOR('',#3333,1.);
#2135=VECTOR('',#3334,1.);
#2136=VECTOR('',#3337,1.);
#2137=VECTOR('',#3338,1.);
#2138=VECTOR('',#3339,1.);
#2139=VECTOR('',#3340,1.);
#2140=VECTOR('',#3343,1.);
#2141=VECTOR('',#3344,1.);
#2142=VECTOR('',#3345,1.);
#2143=VECTOR('',#3346,1.);
#2144=VECTOR('',#3349,1.);
#2145=VECTOR('',#3350,1.);
#2146=VECTOR('',#3351,1.);
#2147=VECTOR('',#3352,1.);
#2148=VECTOR('',#3355,1.);
#2149=VECTOR('',#3356,1.);
#2150=VECTOR('',#3357,1.);
#2151=VECTOR('',#3358,1.);
#2152=VECTOR('',#3361,1.);
#2153=VECTOR('',#3362,1.);
#2154=VECTOR('',#3363,1.);
#2155=VECTOR('',#3364,1.);
#2156=VECTOR('',#3367,1.);
#2157=VECTOR('',#3368,1.);
#2158=VECTOR('',#3369,1.);
#2159=VECTOR('',#3370,1.);
#2160=VECTOR('',#3373,1.);
#2161=VECTOR('',#3374,1.);
#2162=VECTOR('',#3375,1.);
#2163=VECTOR('',#3376,1.);
#2164=VECTOR('',#3379,1.);
#2165=VECTOR('',#3380,1.);
#2166=VECTOR('',#3381,1.);
#2167=VECTOR('',#3382,1.);
#2168=VECTOR('',#3385,1.);
#2169=VECTOR('',#3386,1.);
#2170=VECTOR('',#3387,1.);
#2171=VECTOR('',#3388,1.);
#2172=VECTOR('',#3391,1.);
#2173=VECTOR('',#3392,1.);
#2174=VECTOR('',#3393,1.);
#2175=VECTOR('',#3394,1.);
#2176=VECTOR('',#3397,1.);
#2177=VECTOR('',#3398,1.);
#2178=VECTOR('',#3399,1.);
#2179=VECTOR('',#3400,1.);
#2180=VECTOR('',#3403,1.);
#2181=VECTOR('',#3404,1.);
#2182=VECTOR('',#3405,1.);
#2183=VECTOR('',#3406,1.);
#2184=VECTOR('',#3409,1.);
#2185=VECTOR('',#3410,1.);
#2186=VECTOR('',#3411,1.);
#2187=VECTOR('',#3412,1.);
#2188=VECTOR('',#3415,1.);
#2189=VECTOR('',#3416,1.);
#2190=VECTOR('',#3417,1.);
#2191=VECTOR('',#3418,1.);
#2192=VECTOR('',#3421,1.);
#2193=VECTOR('',#3422,1.);
#2194=VECTOR('',#3423,1.);
#2195=VECTOR('',#3424,1.);
#2196=VECTOR('',#3427,1.);
#2197=VECTOR('',#3428,1.);
#2198=VECTOR('',#3429,1.);
#2199=VECTOR('',#3430,1.);
#2200=VECTOR('',#3433,1.);
#2201=VECTOR('',#3434,1.);
#2202=VECTOR('',#3435,1.);
#2203=VECTOR('',#3436,1.);
#2204=VECTOR('',#3439,1.);
#2205=VECTOR('',#3440,1.);
#2206=VECTOR('',#3441,1.);
#2207=VECTOR('',#3442,1.);
#2208=VECTOR('',#3445,1.);
#2209=VECTOR('',#3446,1.);
#2210=VECTOR('',#3447,1.);
#2211=VECTOR('',#3448,1.);
#2212=VECTOR('',#3451,1.);
#2213=VECTOR('',#3452,1.);
#2214=VECTOR('',#3453,1.);
#2215=VECTOR('',#3454,1.);
#2216=VECTOR('',#3457,1.);
#2217=VECTOR('',#3458,1.);
#2218=VECTOR('',#3459,1.);
#2219=VECTOR('',#3460,1.);
#2220=VECTOR('',#3463,1.);
#2221=VECTOR('',#3464,1.);
#2222=VECTOR('',#3465,1.);
#2223=VECTOR('',#3466,1.);
#2224=VECTOR('',#3469,1.);
#2225=VECTOR('',#3470,1.);
#2226=VECTOR('',#3471,1.);
#2227=VECTOR('',#3472,1.);
#2228=VECTOR('',#3475,1.);
#2229=VECTOR('',#3476,1.);
#2230=VECTOR('',#3477,1.);
#2231=VECTOR('',#3478,1.);
#2232=VECTOR('',#3481,1.);
#2233=VECTOR('',#3482,1.);
#2234=VECTOR('',#3483,1.);
#2235=VECTOR('',#3484,1.);
#2236=VECTOR('',#3487,1.);
#2237=VECTOR('',#3488,1.);
#2238=VECTOR('',#3489,1.);
#2239=VECTOR('',#3490,1.);
#2240=VECTOR('',#3493,1.);
#2241=VECTOR('',#3494,1.);
#2242=VECTOR('',#3495,1.);
#2243=VECTOR('',#3496,1.);
#2244=VECTOR('',#3499,1.);
#2245=VECTOR('',#3500,1.);
#2246=VECTOR('',#3501,1.);
#2247=VECTOR('',#3502,1.);
#2248=VECTOR('',#3505,1.);
#2249=VECTOR('',#3506,1.);
#2250=VECTOR('',#3507,1.);
#2251=VECTOR('',#3508,1.);
#2252=VECTOR('',#3511,1.);
#2253=VECTOR('',#3512,1.);
#2254=VECTOR('',#3513,1.);
#2255=VECTOR('',#3514,1.);
#2256=VECTOR('',#3517,1.);
#2257=VECTOR('',#3518,1.);
#2258=VECTOR('',#3519,1.);
#2259=VECTOR('',#3520,1.);
#2260=VECTOR('',#3523,1.);
#2261=VECTOR('',#3524,1.);
#2262=VECTOR('',#3525,1.);
#2263=VECTOR('',#3526,1.);
#2264=VECTOR('',#3529,1.);
#2265=VECTOR('',#3530,1.);
#2266=VECTOR('',#3531,1.);
#2267=VECTOR('',#3532,1.);
#2268=VECTOR('',#3535,1.);
#2269=VECTOR('',#3536,1.);
#2270=VECTOR('',#3537,1.);
#2271=VECTOR('',#3538,1.);
#2272=VECTOR('',#3541,1.);
#2273=VECTOR('',#3542,1.);
#2274=VECTOR('',#3543,1.);
#2275=VECTOR('',#3544,1.);
#2276=VECTOR('',#3547,1.);
#2277=VECTOR('',#3548,1.);
#2278=VECTOR('',#3549,1.);
#2279=VECTOR('',#3550,1.);
#2280=VECTOR('',#3553,1.);
#2281=VECTOR('',#3554,1.);
#2282=VECTOR('',#3555,1.);
#2283=VECTOR('',#3556,1.);
#2284=VECTOR('',#3559,1.);
#2285=VECTOR('',#3560,1.);
#2286=VECTOR('',#3561,1.);
#2287=VECTOR('',#3562,1.);
#2288=VECTOR('',#3565,1.);
#2289=VECTOR('',#3566,1.);
#2290=VECTOR('',#3567,1.);
#2291=VECTOR('',#3568,1.);
#2292=VECTOR('',#3571,1.);
#2293=VECTOR('',#3572,1.);
#2294=VECTOR('',#3573,1.);
#2295=VECTOR('',#3574,1.);
#2296=VECTOR('',#3577,1.);
#2297=VECTOR('',#3578,1.);
#2298=VECTOR('',#3579,1.);
#2299=VECTOR('',#3580,1.);
#2300=VECTOR('',#3583,1.);
#2301=VECTOR('',#3584,1.);
#2302=VECTOR('',#3585,1.);
#2303=VECTOR('',#3586,1.);
#2304=VECTOR('',#3589,1.);
#2305=VECTOR('',#3590,1.);
#2306=VECTOR('',#3591,1.);
#2307=VECTOR('',#3592,1.);
#2308=VECTOR('',#3723,1.);
#2309=VECTOR('',#3728,1.);
#2310=VECTOR('',#3731,1.);
#2311=VECTOR('',#3864,1.);
#2312=VECTOR('',#3865,1.);
#2313=VECTOR('',#3866,1.);
#2314=VECTOR('',#3869,1.);
#2315=VECTOR('',#3870,1.);
#2316=VECTOR('',#3871,1.);
#2317=VECTOR('',#3874,1.);
#2318=VECTOR('',#3875,1.);
#2319=VECTOR('',#3876,1.);
#2320=EDGE_LOOP('',(#232,#233,#234,#235));
#2321=EDGE_LOOP('',(#236,#237,#238,#239));
#2322=EDGE_LOOP('',(#240,#241,#242,#243));
#2323=EDGE_LOOP('',(#244,#245,#246,#247));
#2324=EDGE_LOOP('',(#248,#249,#250,#251));
#2325=EDGE_LOOP('',(#252,#253,#254,#255));
#2326=EDGE_LOOP('',(#256,#257,#258,#259));
#2327=EDGE_LOOP('',(#260,#261,#262,#263));
#2328=EDGE_LOOP('',(#264,#265,#266,#267));
#2329=EDGE_LOOP('',(#268,#269,#270,#271));
#2330=EDGE_LOOP('',(#272,#273,#274,#275));
#2331=EDGE_LOOP('',(#276,#277,#278,#279));
#2332=EDGE_LOOP('',(#280,#281,#282,#283));
#2333=EDGE_LOOP('',(#284,#285,#286,#287));
#2334=EDGE_LOOP('',(#288,#289,#290,#291));
#2335=EDGE_LOOP('',(#292,#293,#294,#295));
#2336=EDGE_LOOP('',(#296,#297,#298,#299));
#2337=EDGE_LOOP('',(#300,#301,#302,#303));
#2338=EDGE_LOOP('',(#304,#305,#306,#307));
#2339=EDGE_LOOP('',(#308,#309,#310,#311));
#2340=EDGE_LOOP('',(#312,#313,#314,#315));
#2341=EDGE_LOOP('',(#316,#317,#318,#319));
#2342=EDGE_LOOP('',(#320,#321,#322,#323));
#2343=EDGE_LOOP('',(#324,#325,#326,#327));
#2344=EDGE_LOOP('',(#328,#329,#330,#331));
#2345=EDGE_LOOP('',(#332,#333,#334,#335));
#2346=EDGE_LOOP('',(#336,#337,#338,#339));
#2347=EDGE_LOOP('',(#340,#341,#342,#343));
#2348=EDGE_LOOP('',(#344,#345,#346,#347));
#2349=EDGE_LOOP('',(#348,#349,#350,#351));
#2350=EDGE_LOOP('',(#352,#353,#354,#355));
#2351=EDGE_LOOP('',(#356,#357,#358,#359));
#2352=EDGE_LOOP('',(#360,#361,#362,#363));
#2353=EDGE_LOOP('',(#364,#365,#366,#367));
#2354=EDGE_LOOP('',(#368,#369,#370,#371));
#2355=EDGE_LOOP('',(#372,#373,#374,#375));
#2356=EDGE_LOOP('',(#376,#377,#378,#379));
#2357=EDGE_LOOP('',(#380,#381,#382,#383));
#2358=EDGE_LOOP('',(#384,#385,#386,#387));
#2359=EDGE_LOOP('',(#388,#389,#390,#391));
#2360=EDGE_LOOP('',(#392,#393,#394,#395));
#2361=EDGE_LOOP('',(#396,#397,#398,#399));
#2362=EDGE_LOOP('',(#400,#401,#402,#403));
#2363=EDGE_LOOP('',(#404,#405,#406,#407));
#2364=EDGE_LOOP('',(#408,#409,#410,#411));
#2365=EDGE_LOOP('',(#412,#413,#414,#415));
#2366=EDGE_LOOP('',(#416,#417,#418,#419));
#2367=EDGE_LOOP('',(#420,#421,#422,#423));
#2368=EDGE_LOOP('',(#424,#425,#426,#427));
#2369=EDGE_LOOP('',(#428,#429,#430,#431));
#2370=EDGE_LOOP('',(#432,#433,#434,#435));
#2371=EDGE_LOOP('',(#436,#437,#438,#439));
#2372=EDGE_LOOP('',(#440,#441,#442,#443));
#2373=EDGE_LOOP('',(#444,#445,#446,#447));
#2374=EDGE_LOOP('',(#448,#449,#450,#451));
#2375=EDGE_LOOP('',(#452,#453,#454,#455));
#2376=EDGE_LOOP('',(#456,#457,#458,#459));
#2377=EDGE_LOOP('',(#460,#461,#462,#463));
#2378=EDGE_LOOP('',(#464,#465,#466,#467));
#2379=EDGE_LOOP('',(#468,#469,#470,#471));
#2380=EDGE_LOOP('',(#472,#473,#474,#475));
#2381=EDGE_LOOP('',(#476,#477,#478,#479));
#2382=EDGE_LOOP('',(#480,#481,#482,#483));
#2383=EDGE_LOOP('',(#484,#485,#486,#487));
#2384=EDGE_LOOP('',(#488,#489,#490,#491));
#2385=EDGE_LOOP('',(#492,#493,#494,#495));
#2386=EDGE_LOOP('',(#496,#497,#498,#499,#500,#501,#502,#503));
#2387=EDGE_LOOP('',(#504,#505,#506,#507,#508,#509,#510,#511));
#2388=EDGE_LOOP('',(#512,#513,#514,#515,#516,#517,#518,#519));
#2389=EDGE_LOOP('',(#520,#521,#522,#523,#524,#525,#526,#527));
#2390=EDGE_LOOP('',(#528,#529,#530,#531,#532,#533,#534,#535));
#2391=EDGE_LOOP('',(#536,#537,#538,#539,#540,#541,#542,#543));
#2392=EDGE_LOOP('',(#544,#545,#546,#547,#548,#549,#550,#551));
#2393=EDGE_LOOP('',(#552,#553,#554,#555,#556,#557,#558,#559));
#2394=EDGE_LOOP('',(#560,#561,#562,#563,#564,#565,#566,#567));
#2395=EDGE_LOOP('',(#568,#569,#570,#571,#572,#573,#574,#575));
#2396=EDGE_LOOP('',(#576,#577,#578,#579,#580,#581,#582,#583));
#2397=EDGE_LOOP('',(#584,#585,#586,#587,#588,#589,#590,#591));
#2398=EDGE_LOOP('',(#592,#593,#594,#595,#596,#597,#598,#599));
#2399=EDGE_LOOP('',(#600,#601,#602,#603,#604,#605,#606,#607));
#2400=EDGE_LOOP('',(#608,#609,#610,#611,#612,#613,#614,#615));
#2401=EDGE_LOOP('',(#616,#617,#618,#619,#620,#621,#622,#623));
#2402=EDGE_LOOP('',(#624,#625,#626,#627,#628,#629,#630,#631));
#2403=EDGE_LOOP('',(#632,#633,#634,#635,#636,#637,#638,#639));
#2404=EDGE_LOOP('',(#640,#641,#642,#643,#644,#645,#646,#647));
#2405=EDGE_LOOP('',(#648,#649,#650,#651,#652,#653,#654,#655));
#2406=EDGE_LOOP('',(#656,#657,#658,#659,#660,#661,#662,#663));
#2407=EDGE_LOOP('',(#664,#665,#666,#667,#668,#669,#670,#671));
#2408=EDGE_LOOP('',(#672,#673,#674,#675,#676,#677,#678,#679));
#2409=EDGE_LOOP('',(#680,#681,#682,#683,#684,#685,#686,#687));
#2410=EDGE_LOOP('',(#688,#689,#690,#691,#692,#693,#694,#695));
#2411=EDGE_LOOP('',(#696,#697,#698,#699,#700,#701,#702,#703));
#2412=EDGE_LOOP('',(#704,#705,#706,#707,#708,#709,#710,#711));
#2413=EDGE_LOOP('',(#712,#713,#714,#715,#716,#717,#718,#719));
#2414=EDGE_LOOP('',(#720,#721,#722,#723,#724,#725,#726,#727));
#2415=EDGE_LOOP('',(#728,#729,#730,#731,#732,#733,#734,#735));
#2416=EDGE_LOOP('',(#736,#737,#738,#739,#740,#741,#742,#743));
#2417=EDGE_LOOP('',(#744,#745,#746,#747,#748,#749,#750,#751));
#2418=EDGE_LOOP('',(#752,#753,#754,#755,#756,#757,#758,#759));
#2419=EDGE_LOOP('',(#760,#761,#762,#763));
#2420=EDGE_LOOP('',(#764,#765,#766,#767));
#2421=EDGE_LOOP('',(#768,#769,#770,#771));
#2422=EDGE_LOOP('',(#772,#773,#774,#775));
#2423=EDGE_LOOP('',(#776,#777,#778,#779));
#2424=EDGE_LOOP('',(#780,#781,#782,#783));
#2425=EDGE_LOOP('',(#784,#785,#786,#787));
#2426=EDGE_LOOP('',(#788,#789,#790,#791));
#2427=EDGE_LOOP('',(#792,#793,#794,#795));
#2428=EDGE_LOOP('',(#796,#797,#798,#799));
#2429=EDGE_LOOP('',(#800,#801,#802,#803));
#2430=EDGE_LOOP('',(#804,#805,#806,#807));
#2431=EDGE_LOOP('',(#808,#809,#810,#811));
#2432=EDGE_LOOP('',(#812,#813,#814,#815));
#2433=EDGE_LOOP('',(#816,#817,#818,#819));
#2434=EDGE_LOOP('',(#820,#821,#822,#823));
#2435=EDGE_LOOP('',(#824,#825,#826,#827));
#2436=EDGE_LOOP('',(#828,#829,#830,#831));
#2437=EDGE_LOOP('',(#832,#833,#834,#835));
#2438=EDGE_LOOP('',(#836,#837,#838,#839));
#2439=EDGE_LOOP('',(#840,#841,#842,#843));
#2440=EDGE_LOOP('',(#844,#845,#846,#847));
#2441=EDGE_LOOP('',(#848,#849,#850,#851));
#2442=EDGE_LOOP('',(#852,#853,#854,#855));
#2443=EDGE_LOOP('',(#856,#857,#858,#859));
#2444=EDGE_LOOP('',(#860,#861,#862,#863));
#2445=EDGE_LOOP('',(#864,#865,#866,#867));
#2446=EDGE_LOOP('',(#868,#869,#870,#871));
#2447=EDGE_LOOP('',(#872,#873,#874,#875));
#2448=EDGE_LOOP('',(#876,#877,#878,#879));
#2449=EDGE_LOOP('',(#880,#881,#882,#883));
#2450=EDGE_LOOP('',(#884,#885,#886,#887));
#2451=EDGE_LOOP('',(#888,#889,#890,#891));
#2452=EDGE_LOOP('',(#892,#893,#894,#895));
#2453=EDGE_LOOP('',(#896,#897,#898,#899));
#2454=EDGE_LOOP('',(#900,#901,#902,#903));
#2455=EDGE_LOOP('',(#904,#905,#906,#907));
#2456=EDGE_LOOP('',(#908,#909,#910,#911));
#2457=EDGE_LOOP('',(#912,#913,#914,#915));
#2458=EDGE_LOOP('',(#916,#917,#918,#919));
#2459=EDGE_LOOP('',(#920,#921,#922,#923));
#2460=EDGE_LOOP('',(#924,#925,#926,#927));
#2461=EDGE_LOOP('',(#928,#929,#930,#931));
#2462=EDGE_LOOP('',(#932,#933,#934,#935));
#2463=EDGE_LOOP('',(#936,#937,#938,#939));
#2464=EDGE_LOOP('',(#940,#941,#942,#943));
#2465=EDGE_LOOP('',(#944,#945,#946,#947));
#2466=EDGE_LOOP('',(#948,#949,#950,#951));
#2467=EDGE_LOOP('',(#952,#953,#954,#955));
#2468=EDGE_LOOP('',(#956,#957,#958,#959));
#2469=EDGE_LOOP('',(#960,#961,#962,#963));
#2470=EDGE_LOOP('',(#964,#965,#966,#967));
#2471=EDGE_LOOP('',(#968,#969,#970,#971));
#2472=EDGE_LOOP('',(#972,#973,#974,#975));
#2473=EDGE_LOOP('',(#976,#977,#978,#979));
#2474=EDGE_LOOP('',(#980,#981,#982,#983));
#2475=EDGE_LOOP('',(#984,#985,#986,#987));
#2476=EDGE_LOOP('',(#988,#989,#990,#991));
#2477=EDGE_LOOP('',(#992,#993,#994,#995));
#2478=EDGE_LOOP('',(#996,#997,#998,#999));
#2479=EDGE_LOOP('',(#1000,#1001,#1002,#1003));
#2480=EDGE_LOOP('',(#1004,#1005,#1006,#1007));
#2481=EDGE_LOOP('',(#1008,#1009,#1010,#1011));
#2482=EDGE_LOOP('',(#1012,#1013,#1014,#1015));
#2483=EDGE_LOOP('',(#1016,#1017,#1018,#1019));
#2484=EDGE_LOOP('',(#1020,#1021,#1022,#1023));
#2485=EDGE_LOOP('',(#1024,#1025,#1026));
#2486=EDGE_LOOP('',(#1027,#1028,#1029));
#2487=EDGE_LOOP('',(#1030,#1031,#1032,#1033));
#2488=EDGE_LOOP('',(#1034,#1035,#1036,#1037));
#2489=EDGE_LOOP('',(#1038,#1039,#1040,#1041));
#2490=EDGE_LOOP('',(#1042,#1043,#1044,#1045));
#2491=EDGE_LOOP('',(#1046,#1047,#1048));
#2492=EDGE_LOOP('',(#1049,#1050,#1051));
#2493=EDGE_LOOP('',(#1052,#1053,#1054,#1055));
#2494=EDGE_LOOP('',(#1056,#1057,#1058,#1059));
#2495=EDGE_LOOP('',(#1060,#1061,#1062,#1063));
#2496=EDGE_LOOP('',(#1064,#1065,#1066,#1067));
#2497=EDGE_LOOP('',(#1068,#1069,#1070,#1071));
#2498=FACE_BOUND('',#2320,.T.);
#2499=FACE_BOUND('',#2321,.T.);
#2500=FACE_BOUND('',#2322,.T.);
#2501=FACE_BOUND('',#2323,.T.);
#2502=FACE_BOUND('',#2324,.T.);
#2503=FACE_BOUND('',#2325,.T.);
#2504=FACE_BOUND('',#2326,.T.);
#2505=FACE_BOUND('',#2327,.T.);
#2506=FACE_BOUND('',#2328,.T.);
#2507=FACE_BOUND('',#2329,.T.);
#2508=FACE_BOUND('',#2330,.T.);
#2509=FACE_BOUND('',#2331,.T.);
#2510=FACE_BOUND('',#2332,.T.);
#2511=FACE_BOUND('',#2333,.T.);
#2512=FACE_BOUND('',#2334,.T.);
#2513=FACE_BOUND('',#2335,.T.);
#2514=FACE_BOUND('',#2336,.T.);
#2515=FACE_BOUND('',#2337,.T.);
#2516=FACE_BOUND('',#2338,.T.);
#2517=FACE_BOUND('',#2339,.T.);
#2518=FACE_BOUND('',#2340,.T.);
#2519=FACE_BOUND('',#2341,.T.);
#2520=FACE_BOUND('',#2342,.T.);
#2521=FACE_BOUND('',#2343,.T.);
#2522=FACE_BOUND('',#2344,.T.);
#2523=FACE_BOUND('',#2345,.T.);
#2524=FACE_BOUND('',#2346,.T.);
#2525=FACE_BOUND('',#2347,.T.);
#2526=FACE_BOUND('',#2348,.T.);
#2527=FACE_BOUND('',#2349,.T.);
#2528=FACE_BOUND('',#2350,.T.);
#2529=FACE_BOUND('',#2351,.T.);
#2530=FACE_BOUND('',#2352,.T.);
#2531=FACE_BOUND('',#2353,.T.);
#2532=FACE_BOUND('',#2354,.T.);
#2533=FACE_BOUND('',#2355,.T.);
#2534=FACE_BOUND('',#2356,.T.);
#2535=FACE_BOUND('',#2357,.T.);
#2536=FACE_BOUND('',#2358,.T.);
#2537=FACE_BOUND('',#2359,.T.);
#2538=FACE_BOUND('',#2360,.T.);
#2539=FACE_BOUND('',#2361,.T.);
#2540=FACE_BOUND('',#2362,.T.);
#2541=FACE_BOUND('',#2363,.T.);
#2542=FACE_BOUND('',#2364,.T.);
#2543=FACE_BOUND('',#2365,.T.);
#2544=FACE_BOUND('',#2366,.T.);
#2545=FACE_BOUND('',#2367,.T.);
#2546=FACE_BOUND('',#2368,.T.);
#2547=FACE_BOUND('',#2369,.T.);
#2548=FACE_BOUND('',#2370,.T.);
#2549=FACE_BOUND('',#2371,.T.);
#2550=FACE_BOUND('',#2372,.T.);
#2551=FACE_BOUND('',#2373,.T.);
#2552=FACE_BOUND('',#2374,.T.);
#2553=FACE_BOUND('',#2375,.T.);
#2554=FACE_BOUND('',#2376,.T.);
#2555=FACE_BOUND('',#2377,.T.);
#2556=FACE_BOUND('',#2378,.T.);
#2557=FACE_BOUND('',#2379,.T.);
#2558=FACE_BOUND('',#2380,.T.);
#2559=FACE_BOUND('',#2381,.T.);
#2560=FACE_BOUND('',#2382,.T.);
#2561=FACE_BOUND('',#2383,.T.);
#2562=FACE_BOUND('',#2384,.T.);
#2563=FACE_BOUND('',#2385,.T.);
#2564=FACE_BOUND('',#2386,.T.);
#2565=FACE_BOUND('',#2387,.T.);
#2566=FACE_BOUND('',#2388,.T.);
#2567=FACE_BOUND('',#2389,.T.);
#2568=FACE_BOUND('',#2390,.T.);
#2569=FACE_BOUND('',#2391,.T.);
#2570=FACE_BOUND('',#2392,.T.);
#2571=FACE_BOUND('',#2393,.T.);
#2572=FACE_BOUND('',#2394,.T.);
#2573=FACE_BOUND('',#2395,.T.);
#2574=FACE_BOUND('',#2396,.T.);
#2575=FACE_BOUND('',#2397,.T.);
#2576=FACE_BOUND('',#2398,.T.);
#2577=FACE_BOUND('',#2399,.T.);
#2578=FACE_BOUND('',#2400,.T.);
#2579=FACE_BOUND('',#2401,.T.);
#2580=FACE_BOUND('',#2402,.T.);
#2581=FACE_BOUND('',#2403,.T.);
#2582=FACE_BOUND('',#2404,.T.);
#2583=FACE_BOUND('',#2405,.T.);
#2584=FACE_BOUND('',#2406,.T.);
#2585=FACE_BOUND('',#2407,.T.);
#2586=FACE_BOUND('',#2408,.T.);
#2587=FACE_BOUND('',#2409,.T.);
#2588=FACE_BOUND('',#2410,.T.);
#2589=FACE_BOUND('',#2411,.T.);
#2590=FACE_BOUND('',#2412,.T.);
#2591=FACE_BOUND('',#2413,.T.);
#2592=FACE_BOUND('',#2414,.T.);
#2593=FACE_BOUND('',#2415,.T.);
#2594=FACE_BOUND('',#2416,.T.);
#2595=FACE_BOUND('',#2417,.T.);
#2596=FACE_BOUND('',#2418,.T.);
#2597=FACE_BOUND('',#2419,.T.);
#2598=FACE_BOUND('',#2420,.T.);
#2599=FACE_BOUND('',#2421,.T.);
#2600=FACE_BOUND('',#2422,.T.);
#2601=FACE_BOUND('',#2423,.T.);
#2602=FACE_BOUND('',#2424,.T.);
#2603=FACE_BOUND('',#2425,.T.);
#2604=FACE_BOUND('',#2426,.T.);
#2605=FACE_BOUND('',#2427,.T.);
#2606=FACE_BOUND('',#2428,.T.);
#2607=FACE_BOUND('',#2429,.T.);
#2608=FACE_BOUND('',#2430,.T.);
#2609=FACE_BOUND('',#2431,.T.);
#2610=FACE_BOUND('',#2432,.T.);
#2611=FACE_BOUND('',#2433,.T.);
#2612=FACE_BOUND('',#2434,.T.);
#2613=FACE_BOUND('',#2435,.T.);
#2614=FACE_BOUND('',#2436,.T.);
#2615=FACE_BOUND('',#2437,.T.);
#2616=FACE_BOUND('',#2438,.T.);
#2617=FACE_BOUND('',#2439,.T.);
#2618=FACE_BOUND('',#2440,.T.);
#2619=FACE_BOUND('',#2441,.T.);
#2620=FACE_BOUND('',#2442,.T.);
#2621=FACE_BOUND('',#2443,.T.);
#2622=FACE_BOUND('',#2444,.T.);
#2623=FACE_BOUND('',#2445,.T.);
#2624=FACE_BOUND('',#2446,.T.);
#2625=FACE_BOUND('',#2447,.T.);
#2626=FACE_BOUND('',#2448,.T.);
#2627=FACE_BOUND('',#2449,.T.);
#2628=FACE_BOUND('',#2450,.T.);
#2629=FACE_BOUND('',#2451,.T.);
#2630=FACE_BOUND('',#2452,.T.);
#2631=FACE_BOUND('',#2453,.T.);
#2632=FACE_BOUND('',#2454,.T.);
#2633=FACE_BOUND('',#2455,.T.);
#2634=FACE_BOUND('',#2456,.T.);
#2635=FACE_BOUND('',#2457,.T.);
#2636=FACE_BOUND('',#2458,.T.);
#2637=FACE_BOUND('',#2459,.T.);
#2638=FACE_BOUND('',#2460,.T.);
#2639=FACE_BOUND('',#2461,.T.);
#2640=FACE_BOUND('',#2462,.T.);
#2641=FACE_BOUND('',#2463,.T.);
#2642=FACE_BOUND('',#2464,.T.);
#2643=FACE_BOUND('',#2465,.T.);
#2644=FACE_BOUND('',#2466,.T.);
#2645=FACE_BOUND('',#2467,.T.);
#2646=FACE_BOUND('',#2468,.T.);
#2647=FACE_BOUND('',#2469,.T.);
#2648=FACE_BOUND('',#2470,.T.);
#2649=FACE_BOUND('',#2471,.T.);
#2650=FACE_BOUND('',#2472,.T.);
#2651=FACE_BOUND('',#2473,.T.);
#2652=FACE_BOUND('',#2474,.T.);
#2653=FACE_BOUND('',#2475,.T.);
#2654=FACE_BOUND('',#2476,.T.);
#2655=FACE_BOUND('',#2477,.T.);
#2656=FACE_BOUND('',#2478,.T.);
#2657=FACE_BOUND('',#2479,.T.);
#2658=FACE_BOUND('',#2480,.T.);
#2659=FACE_BOUND('',#2481,.T.);
#2660=FACE_BOUND('',#2482,.T.);
#2661=FACE_BOUND('',#2483,.T.);
#2662=FACE_BOUND('',#2484,.T.);
#2663=FACE_BOUND('',#2485,.T.);
#2664=FACE_BOUND('',#2486,.T.);
#2665=FACE_BOUND('',#2487,.T.);
#2666=FACE_BOUND('',#2488,.T.);
#2667=FACE_BOUND('',#2489,.T.);
#2668=FACE_BOUND('',#2490,.T.);
#2669=FACE_BOUND('',#2491,.T.);
#2670=FACE_BOUND('',#2492,.T.);
#2671=FACE_BOUND('',#2493,.T.);
#2672=FACE_BOUND('',#2494,.T.);
#2673=FACE_BOUND('',#2495,.T.);
#2674=FACE_BOUND('',#2496,.T.);
#2675=FACE_BOUND('',#2497,.T.);
#2676=PLANE('',#2905);
#2677=PLANE('',#2906);
#2678=PLANE('',#2907);
#2679=PLANE('',#2908);
#2680=PLANE('',#2909);
#2681=PLANE('',#2910);
#2682=PLANE('',#2911);
#2683=PLANE('',#2912);
#2684=PLANE('',#2913);
#2685=PLANE('',#2914);
#2686=PLANE('',#2915);
#2687=PLANE('',#2916);
#2688=PLANE('',#2917);
#2689=PLANE('',#2918);
#2690=PLANE('',#2919);
#2691=PLANE('',#2920);
#2692=PLANE('',#2921);
#2693=PLANE('',#2922);
#2694=PLANE('',#2923);
#2695=PLANE('',#2924);
#2696=PLANE('',#2925);
#2697=PLANE('',#2926);
#2698=PLANE('',#2927);
#2699=PLANE('',#2928);
#2700=PLANE('',#2929);
#2701=PLANE('',#2930);
#2702=PLANE('',#2931);
#2703=PLANE('',#2932);
#2704=PLANE('',#2933);
#2705=PLANE('',#2934);
#2706=PLANE('',#2935);
#2707=PLANE('',#2936);
#2708=PLANE('',#2937);
#2709=PLANE('',#2938);
#2710=PLANE('',#2939);
#2711=PLANE('',#2940);
#2712=PLANE('',#2941);
#2713=PLANE('',#2942);
#2714=PLANE('',#2943);
#2715=PLANE('',#2944);
#2716=PLANE('',#2945);
#2717=PLANE('',#2946);
#2718=PLANE('',#2947);
#2719=PLANE('',#2948);
#2720=PLANE('',#2949);
#2721=PLANE('',#2950);
#2722=PLANE('',#2951);
#2723=PLANE('',#2952);
#2724=PLANE('',#2953);
#2725=PLANE('',#2954);
#2726=PLANE('',#2955);
#2727=PLANE('',#2956);
#2728=PLANE('',#2957);
#2729=PLANE('',#2958);
#2730=PLANE('',#2959);
#2731=PLANE('',#2960);
#2732=PLANE('',#2961);
#2733=PLANE('',#2962);
#2734=PLANE('',#2963);
#2735=PLANE('',#2964);
#2736=PLANE('',#2965);
#2737=PLANE('',#2966);
#2738=PLANE('',#2967);
#2739=PLANE('',#2968);
#2740=PLANE('',#2969);
#2741=PLANE('',#2970);
#2742=PLANE('',#3035);
#2743=PLANE('',#3104);
#2744=PLANE('',#3105);
#2745=PLANE('',#3106);
#2746=ADVANCED_FACE('',(#2498),#2676,.F.);
#2747=ADVANCED_FACE('',(#2499),#2677,.F.);
#2748=ADVANCED_FACE('',(#2500),#2678,.T.);
#2749=ADVANCED_FACE('',(#2501),#2679,.T.);
#2750=ADVANCED_FACE('',(#2502),#2680,.F.);
#2751=ADVANCED_FACE('',(#2503),#2681,.F.);
#2752=ADVANCED_FACE('',(#2504),#2682,.T.);
#2753=ADVANCED_FACE('',(#2505),#2683,.T.);
#2754=ADVANCED_FACE('',(#2506),#2684,.F.);
#2755=ADVANCED_FACE('',(#2507),#2685,.F.);
#2756=ADVANCED_FACE('',(#2508),#2686,.T.);
#2757=ADVANCED_FACE('',(#2509),#2687,.T.);
#2758=ADVANCED_FACE('',(#2510),#2688,.F.);
#2759=ADVANCED_FACE('',(#2511),#2689,.F.);
#2760=ADVANCED_FACE('',(#2512),#2690,.T.);
#2761=ADVANCED_FACE('',(#2513),#2691,.T.);
#2762=ADVANCED_FACE('',(#2514),#2692,.F.);
#2763=ADVANCED_FACE('',(#2515),#2693,.F.);
#2764=ADVANCED_FACE('',(#2516),#2694,.T.);
#2765=ADVANCED_FACE('',(#2517),#2695,.T.);
#2766=ADVANCED_FACE('',(#2518),#2696,.F.);
#2767=ADVANCED_FACE('',(#2519),#2697,.F.);
#2768=ADVANCED_FACE('',(#2520),#2698,.T.);
#2769=ADVANCED_FACE('',(#2521),#2699,.T.);
#2770=ADVANCED_FACE('',(#2522),#2700,.F.);
#2771=ADVANCED_FACE('',(#2523),#2701,.F.);
#2772=ADVANCED_FACE('',(#2524),#2702,.T.);
#2773=ADVANCED_FACE('',(#2525),#2703,.T.);
#2774=ADVANCED_FACE('',(#2526),#2704,.F.);
#2775=ADVANCED_FACE('',(#2527),#2705,.F.);
#2776=ADVANCED_FACE('',(#2528),#2706,.T.);
#2777=ADVANCED_FACE('',(#2529),#2707,.T.);
#2778=ADVANCED_FACE('',(#2530),#2708,.F.);
#2779=ADVANCED_FACE('',(#2531),#2709,.F.);
#2780=ADVANCED_FACE('',(#2532),#2710,.T.);
#2781=ADVANCED_FACE('',(#2533),#2711,.T.);
#2782=ADVANCED_FACE('',(#2534),#2712,.F.);
#2783=ADVANCED_FACE('',(#2535),#2713,.F.);
#2784=ADVANCED_FACE('',(#2536),#2714,.T.);
#2785=ADVANCED_FACE('',(#2537),#2715,.T.);
#2786=ADVANCED_FACE('',(#2538),#2716,.F.);
#2787=ADVANCED_FACE('',(#2539),#2717,.F.);
#2788=ADVANCED_FACE('',(#2540),#2718,.T.);
#2789=ADVANCED_FACE('',(#2541),#2719,.T.);
#2790=ADVANCED_FACE('',(#2542),#2720,.F.);
#2791=ADVANCED_FACE('',(#2543),#2721,.F.);
#2792=ADVANCED_FACE('',(#2544),#2722,.T.);
#2793=ADVANCED_FACE('',(#2545),#2723,.T.);
#2794=ADVANCED_FACE('',(#2546),#2724,.F.);
#2795=ADVANCED_FACE('',(#2547),#2725,.T.);
#2796=ADVANCED_FACE('',(#2548),#2726,.T.);
#2797=ADVANCED_FACE('',(#2549),#2727,.F.);
#2798=ADVANCED_FACE('',(#2550),#2728,.F.);
#2799=ADVANCED_FACE('',(#2551),#2729,.T.);
#2800=ADVANCED_FACE('',(#2552),#2730,.T.);
#2801=ADVANCED_FACE('',(#2553),#2731,.F.);
#2802=ADVANCED_FACE('',(#2554),#2732,.F.);
#2803=ADVANCED_FACE('',(#2555),#2733,.F.);
#2804=ADVANCED_FACE('',(#2556),#2734,.T.);
#2805=ADVANCED_FACE('',(#2557),#2735,.T.);
#2806=ADVANCED_FACE('',(#2558),#2736,.F.);
#2807=ADVANCED_FACE('',(#2559),#2737,.F.);
#2808=ADVANCED_FACE('',(#2560),#2738,.T.);
#2809=ADVANCED_FACE('',(#2561),#2739,.T.);
#2810=ADVANCED_FACE('',(#2562),#2740,.F.);
#2811=ADVANCED_FACE('',(#2563,#2564,#2565,#2566,#2567,#2568,#2569,#2570,
#2571,#2572,#2573,#2574,#2575,#2576,#2577,#2578,#2579),#2741,.T.);
#2812=ADVANCED_FACE('',(#2580,#2581,#2582,#2583,#2584,#2585,#2586,#2587,
#2588,#2589,#2590,#2591,#2592,#2593,#2594,#2595,#2596),#2742,.F.);
#2813=ADVANCED_FACE('',(#2597),#2743,.T.);
#2814=ADVANCED_FACE('',(#2598),#2744,.F.);
#2815=ADVANCED_FACE('',(#2599),#2745,.T.);
#2816=ADVANCED_FACE('',(#2600),#16,.F.);
#2817=ADVANCED_FACE('',(#2601),#17,.F.);
#2818=ADVANCED_FACE('',(#2602),#18,.F.);
#2819=ADVANCED_FACE('',(#2603),#19,.F.);
#2820=ADVANCED_FACE('',(#2604),#20,.F.);
#2821=ADVANCED_FACE('',(#2605),#21,.F.);
#2822=ADVANCED_FACE('',(#2606),#22,.F.);
#2823=ADVANCED_FACE('',(#2607),#23,.F.);
#2824=ADVANCED_FACE('',(#2608),#24,.F.);
#2825=ADVANCED_FACE('',(#2609),#25,.F.);
#2826=ADVANCED_FACE('',(#2610),#26,.F.);
#2827=ADVANCED_FACE('',(#2611),#27,.F.);
#2828=ADVANCED_FACE('',(#2612),#28,.F.);
#2829=ADVANCED_FACE('',(#2613),#29,.F.);
#2830=ADVANCED_FACE('',(#2614),#30,.F.);
#2831=ADVANCED_FACE('',(#2615),#31,.F.);
#2832=ADVANCED_FACE('',(#2616),#32,.F.);
#2833=ADVANCED_FACE('',(#2617),#33,.F.);
#2834=ADVANCED_FACE('',(#2618),#34,.F.);
#2835=ADVANCED_FACE('',(#2619),#35,.F.);
#2836=ADVANCED_FACE('',(#2620),#36,.F.);
#2837=ADVANCED_FACE('',(#2621),#37,.F.);
#2838=ADVANCED_FACE('',(#2622),#38,.F.);
#2839=ADVANCED_FACE('',(#2623),#39,.F.);
#2840=ADVANCED_FACE('',(#2624),#40,.F.);
#2841=ADVANCED_FACE('',(#2625),#41,.F.);
#2842=ADVANCED_FACE('',(#2626),#42,.F.);
#2843=ADVANCED_FACE('',(#2627),#43,.F.);
#2844=ADVANCED_FACE('',(#2628),#44,.F.);
#2845=ADVANCED_FACE('',(#2629),#45,.F.);
#2846=ADVANCED_FACE('',(#2630),#46,.F.);
#2847=ADVANCED_FACE('',(#2631),#47,.F.);
#2848=ADVANCED_FACE('',(#2632),#48,.F.);
#2849=ADVANCED_FACE('',(#2633),#49,.F.);
#2850=ADVANCED_FACE('',(#2634),#50,.F.);
#2851=ADVANCED_FACE('',(#2635),#51,.F.);
#2852=ADVANCED_FACE('',(#2636),#52,.F.);
#2853=ADVANCED_FACE('',(#2637),#53,.F.);
#2854=ADVANCED_FACE('',(#2638),#54,.F.);
#2855=ADVANCED_FACE('',(#2639),#55,.F.);
#2856=ADVANCED_FACE('',(#2640),#56,.F.);
#2857=ADVANCED_FACE('',(#2641),#57,.F.);
#2858=ADVANCED_FACE('',(#2642),#58,.F.);
#2859=ADVANCED_FACE('',(#2643),#59,.F.);
#2860=ADVANCED_FACE('',(#2644),#60,.F.);
#2861=ADVANCED_FACE('',(#2645),#61,.F.);
#2862=ADVANCED_FACE('',(#2646),#62,.F.);
#2863=ADVANCED_FACE('',(#2647),#63,.F.);
#2864=ADVANCED_FACE('',(#2648),#64,.F.);
#2865=ADVANCED_FACE('',(#2649),#65,.F.);
#2866=ADVANCED_FACE('',(#2650),#66,.F.);
#2867=ADVANCED_FACE('',(#2651),#67,.F.);
#2868=ADVANCED_FACE('',(#2652),#68,.F.);
#2869=ADVANCED_FACE('',(#2653),#69,.F.);
#2870=ADVANCED_FACE('',(#2654),#70,.F.);
#2871=ADVANCED_FACE('',(#2655),#71,.F.);
#2872=ADVANCED_FACE('',(#2656),#72,.F.);
#2873=ADVANCED_FACE('',(#2657),#73,.F.);
#2874=ADVANCED_FACE('',(#2658),#74,.F.);
#2875=ADVANCED_FACE('',(#2659),#75,.F.);
#2876=ADVANCED_FACE('',(#2660),#76,.T.);
#2877=ADVANCED_FACE('',(#2661),#77,.T.);
#2878=ADVANCED_FACE('',(#2662),#78,.T.);
#2879=ADVANCED_FACE('',(#2663),#12,.T.);
#2880=ADVANCED_FACE('',(#2664),#13,.T.);
#2881=ADVANCED_FACE('',(#2665),#79,.T.);
#2882=ADVANCED_FACE('',(#2666),#80,.T.);
#2883=ADVANCED_FACE('',(#2667),#81,.T.);
#2884=ADVANCED_FACE('',(#2668),#82,.T.);
#2885=ADVANCED_FACE('',(#2669),#14,.T.);
#2886=ADVANCED_FACE('',(#2670),#15,.T.);
#2887=ADVANCED_FACE('',(#2671),#83,.T.);
#2888=ADVANCED_FACE('',(#2672),#84,.F.);
#2889=ADVANCED_FACE('',(#2673),#85,.F.);
#2890=ADVANCED_FACE('',(#2674),#86,.F.);
#2891=ADVANCED_FACE('',(#2675),#87,.F.);
#2892=CLOSED_SHELL('',(#2746,#2747,#2748,#2749,#2750,#2751,#2752,#2753,
#2754,#2755,#2756,#2757,#2758,#2759,#2760,#2761,#2762,#2763,#2764,#2765,
#2766,#2767,#2768,#2769,#2770,#2771,#2772,#2773,#2774,#2775,#2776,#2777,
#2778,#2779,#2780,#2781,#2782,#2783,#2784,#2785,#2786,#2787,#2788,#2789,
#2790,#2791,#2792,#2793,#2794,#2795,#2796,#2797,#2798,#2799,#2800,#2801,
#2802,#2803,#2804,#2805,#2806,#2807,#2808,#2809,#2810,#2811,#2812,#2813,
#2814,#2815,#2816,#2817,#2818,#2819,#2820,#2821,#2822,#2823,#2824,#2825,
#2826,#2827,#2828,#2829,#2830,#2831,#2832,#2833,#2834,#2835,#2836,#2837,
#2838,#2839,#2840,#2841,#2842,#2843,#2844,#2845,#2846,#2847,#2848,#2849,
#2850,#2851,#2852,#2853,#2854,#2855,#2856,#2857,#2858,#2859,#2860,#2861,
#2862,#2863,#2864,#2865,#2866,#2867,#2868,#2869,#2870,#2871,#2872,#2873,
#2874,#2875,#2876,#2877,#2878,#2879,#2880,#2881,#2882,#2883,#2884,#2885,
#2886,#2887,#2888,#2889,#2890,#2891));
#2893=STYLED_ITEM('',(#2894),#2901);
#2894=PRESENTATION_STYLE_ASSIGNMENT((#2895));
#2895=SURFACE_STYLE_USAGE(.BOTH.,#2896);
#2896=SURFACE_SIDE_STYLE('',(#2897));
#2897=SURFACE_STYLE_FILL_AREA(#2898);
#2898=FILL_AREA_STYLE('',(#2899));
#2899=FILL_AREA_STYLE_COLOUR('',#2900);
#2900=COLOUR_RGB('',0.756862745098039,0.462745098039216,0.109803921568627);
#2901=MANIFOLD_SOLID_BREP('Part 2',#2892);
#2902=SHAPE_DEFINITION_REPRESENTATION(#4902,#2903);
#2903=SHAPE_REPRESENTATION('Part 2',(#2904),#4897);
#2904=AXIS2_PLACEMENT_3D('',#4053,#3195,#3196);
#2905=AXIS2_PLACEMENT_3D('',#4054,#3197,#3198);
#2906=AXIS2_PLACEMENT_3D('',#4063,#3203,#3204);
#2907=AXIS2_PLACEMENT_3D('',#4072,#3209,#3210);
#2908=AXIS2_PLACEMENT_3D('',#4081,#3215,#3216);
#2909=AXIS2_PLACEMENT_3D('',#4090,#3221,#3222);
#2910=AXIS2_PLACEMENT_3D('',#4099,#3227,#3228);
#2911=AXIS2_PLACEMENT_3D('',#4108,#3233,#3234);
#2912=AXIS2_PLACEMENT_3D('',#4117,#3239,#3240);
#2913=AXIS2_PLACEMENT_3D('',#4126,#3245,#3246);
#2914=AXIS2_PLACEMENT_3D('',#4135,#3251,#3252);
#2915=AXIS2_PLACEMENT_3D('',#4144,#3257,#3258);
#2916=AXIS2_PLACEMENT_3D('',#4153,#3263,#3264);
#2917=AXIS2_PLACEMENT_3D('',#4162,#3269,#3270);
#2918=AXIS2_PLACEMENT_3D('',#4171,#3275,#3276);
#2919=AXIS2_PLACEMENT_3D('',#4180,#3281,#3282);
#2920=AXIS2_PLACEMENT_3D('',#4189,#3287,#3288);
#2921=AXIS2_PLACEMENT_3D('',#4198,#3293,#3294);
#2922=AXIS2_PLACEMENT_3D('',#4207,#3299,#3300);
#2923=AXIS2_PLACEMENT_3D('',#4216,#3305,#3306);
#2924=AXIS2_PLACEMENT_3D('',#4225,#3311,#3312);
#2925=AXIS2_PLACEMENT_3D('',#4234,#3317,#3318);
#2926=AXIS2_PLACEMENT_3D('',#4243,#3323,#3324);
#2927=AXIS2_PLACEMENT_3D('',#4252,#3329,#3330);
#2928=AXIS2_PLACEMENT_3D('',#4261,#3335,#3336);
#2929=AXIS2_PLACEMENT_3D('',#4270,#3341,#3342);
#2930=AXIS2_PLACEMENT_3D('',#4279,#3347,#3348);
#2931=AXIS2_PLACEMENT_3D('',#4288,#3353,#3354);
#2932=AXIS2_PLACEMENT_3D('',#4297,#3359,#3360);
#2933=AXIS2_PLACEMENT_3D('',#4306,#3365,#3366);
#2934=AXIS2_PLACEMENT_3D('',#4315,#3371,#3372);
#2935=AXIS2_PLACEMENT_3D('',#4324,#3377,#3378);
#2936=AXIS2_PLACEMENT_3D('',#4333,#3383,#3384);
#2937=AXIS2_PLACEMENT_3D('',#4342,#3389,#3390);
#2938=AXIS2_PLACEMENT_3D('',#4351,#3395,#3396);
#2939=AXIS2_PLACEMENT_3D('',#4360,#3401,#3402);
#2940=AXIS2_PLACEMENT_3D('',#4369,#3407,#3408);
#2941=AXIS2_PLACEMENT_3D('',#4378,#3413,#3414);
#2942=AXIS2_PLACEMENT_3D('',#4387,#3419,#3420);
#2943=AXIS2_PLACEMENT_3D('',#4396,#3425,#3426);
#2944=AXIS2_PLACEMENT_3D('',#4405,#3431,#3432);
#2945=AXIS2_PLACEMENT_3D('',#4414,#3437,#3438);
#2946=AXIS2_PLACEMENT_3D('',#4423,#3443,#3444);
#2947=AXIS2_PLACEMENT_3D('',#4432,#3449,#3450);
#2948=AXIS2_PLACEMENT_3D('',#4441,#3455,#3456);
#2949=AXIS2_PLACEMENT_3D('',#4450,#3461,#3462);
#2950=AXIS2_PLACEMENT_3D('',#4459,#3467,#3468);
#2951=AXIS2_PLACEMENT_3D('',#4468,#3473,#3474);
#2952=AXIS2_PLACEMENT_3D('',#4477,#3479,#3480);
#2953=AXIS2_PLACEMENT_3D('',#4486,#3485,#3486);
#2954=AXIS2_PLACEMENT_3D('',#4495,#3491,#3492);
#2955=AXIS2_PLACEMENT_3D('',#4504,#3497,#3498);
#2956=AXIS2_PLACEMENT_3D('',#4513,#3503,#3504);
#2957=AXIS2_PLACEMENT_3D('',#4522,#3509,#3510);
#2958=AXIS2_PLACEMENT_3D('',#4531,#3515,#3516);
#2959=AXIS2_PLACEMENT_3D('',#4540,#3521,#3522);
#2960=AXIS2_PLACEMENT_3D('',#4549,#3527,#3528);
#2961=AXIS2_PLACEMENT_3D('',#4558,#3533,#3534);
#2962=AXIS2_PLACEMENT_3D('',#4567,#3539,#3540);
#2963=AXIS2_PLACEMENT_3D('',#4576,#3545,#3546);
#2964=AXIS2_PLACEMENT_3D('',#4585,#3551,#3552);
#2965=AXIS2_PLACEMENT_3D('',#4594,#3557,#3558);
#2966=AXIS2_PLACEMENT_3D('',#4603,#3563,#3564);
#2967=AXIS2_PLACEMENT_3D('',#4612,#3569,#3570);
#2968=AXIS2_PLACEMENT_3D('',#4621,#3575,#3576);
#2969=AXIS2_PLACEMENT_3D('',#4630,#3581,#3582);
#2970=AXIS2_PLACEMENT_3D('',#4639,#3587,#3588);
#2971=AXIS2_PLACEMENT_3D('',#4648,#3593,#3594);
#2972=AXIS2_PLACEMENT_3D('',#4649,#3595,#3596);
#2973=AXIS2_PLACEMENT_3D('',#4650,#3597,#3598);
#2974=AXIS2_PLACEMENT_3D('',#4651,#3599,#3600);
#2975=AXIS2_PLACEMENT_3D('',#4652,#3601,#3602);
#2976=AXIS2_PLACEMENT_3D('',#4653,#3603,#3604);
#2977=AXIS2_PLACEMENT_3D('',#4654,#3605,#3606);
#2978=AXIS2_PLACEMENT_3D('',#4655,#3607,#3608);
#2979=AXIS2_PLACEMENT_3D('',#4656,#3609,#3610);
#2980=AXIS2_PLACEMENT_3D('',#4657,#3611,#3612);
#2981=AXIS2_PLACEMENT_3D('',#4658,#3613,#3614);
#2982=AXIS2_PLACEMENT_3D('',#4659,#3615,#3616);
#2983=AXIS2_PLACEMENT_3D('',#4660,#3617,#3618);
#2984=AXIS2_PLACEMENT_3D('',#4661,#3619,#3620);
#2985=AXIS2_PLACEMENT_3D('',#4662,#3621,#3622);
#2986=AXIS2_PLACEMENT_3D('',#4663,#3623,#3624);
#2987=AXIS2_PLACEMENT_3D('',#4664,#3625,#3626);
#2988=AXIS2_PLACEMENT_3D('',#4665,#3627,#3628);
#2989=AXIS2_PLACEMENT_3D('',#4666,#3629,#3630);
#2990=AXIS2_PLACEMENT_3D('',#4667,#3631,#3632);
#2991=AXIS2_PLACEMENT_3D('',#4668,#3633,#3634);
#2992=AXIS2_PLACEMENT_3D('',#4669,#3635,#3636);
#2993=AXIS2_PLACEMENT_3D('',#4670,#3637,#3638);
#2994=AXIS2_PLACEMENT_3D('',#4671,#3639,#3640);
#2995=AXIS2_PLACEMENT_3D('',#4672,#3641,#3642);
#2996=AXIS2_PLACEMENT_3D('',#4673,#3643,#3644);
#2997=AXIS2_PLACEMENT_3D('',#4674,#3645,#3646);
#2998=AXIS2_PLACEMENT_3D('',#4675,#3647,#3648);
#2999=AXIS2_PLACEMENT_3D('',#4676,#3649,#3650);
#3000=AXIS2_PLACEMENT_3D('',#4677,#3651,#3652);
#3001=AXIS2_PLACEMENT_3D('',#4678,#3653,#3654);
#3002=AXIS2_PLACEMENT_3D('',#4679,#3655,#3656);
#3003=AXIS2_PLACEMENT_3D('',#4680,#3657,#3658);
#3004=AXIS2_PLACEMENT_3D('',#4681,#3659,#3660);
#3005=AXIS2_PLACEMENT_3D('',#4682,#3661,#3662);
#3006=AXIS2_PLACEMENT_3D('',#4683,#3663,#3664);
#3007=AXIS2_PLACEMENT_3D('',#4684,#3665,#3666);
#3008=AXIS2_PLACEMENT_3D('',#4685,#3667,#3668);
#3009=AXIS2_PLACEMENT_3D('',#4686,#3669,#3670);
#3010=AXIS2_PLACEMENT_3D('',#4687,#3671,#3672);
#3011=AXIS2_PLACEMENT_3D('',#4688,#3673,#3674);
#3012=AXIS2_PLACEMENT_3D('',#4689,#3675,#3676);
#3013=AXIS2_PLACEMENT_3D('',#4690,#3677,#3678);
#3014=AXIS2_PLACEMENT_3D('',#4691,#3679,#3680);
#3015=AXIS2_PLACEMENT_3D('',#4692,#3681,#3682);
#3016=AXIS2_PLACEMENT_3D('',#4693,#3683,#3684);
#3017=AXIS2_PLACEMENT_3D('',#4694,#3685,#3686);
#3018=AXIS2_PLACEMENT_3D('',#4695,#3687,#3688);
#3019=AXIS2_PLACEMENT_3D('',#4696,#3689,#3690);
#3020=AXIS2_PLACEMENT_3D('',#4697,#3691,#3692);
#3021=AXIS2_PLACEMENT_3D('',#4698,#3693,#3694);
#3022=AXIS2_PLACEMENT_3D('',#4699,#3695,#3696);
#3023=AXIS2_PLACEMENT_3D('',#4700,#3697,#3698);
#3024=AXIS2_PLACEMENT_3D('',#4701,#3699,#3700);
#3025=AXIS2_PLACEMENT_3D('',#4702,#3701,#3702);
#3026=AXIS2_PLACEMENT_3D('',#4703,#3703,#3704);
#3027=AXIS2_PLACEMENT_3D('',#4704,#3705,#3706);
#3028=AXIS2_PLACEMENT_3D('',#4705,#3707,#3708);
#3029=AXIS2_PLACEMENT_3D('',#4706,#3709,#3710);
#3030=AXIS2_PLACEMENT_3D('',#4707,#3711,#3712);
#3031=AXIS2_PLACEMENT_3D('',#4708,#3713,#3714);
#3032=AXIS2_PLACEMENT_3D('',#4709,#3715,#3716);
#3033=AXIS2_PLACEMENT_3D('',#4710,#3717,#3718);
#3034=AXIS2_PLACEMENT_3D('',#4711,#3719,#3720);
#3035=AXIS2_PLACEMENT_3D('',#4712,#3721,#3722);
#3036=AXIS2_PLACEMENT_3D('',#4716,#3724,#3725);
#3037=AXIS2_PLACEMENT_3D('',#4717,#3726,#3727);
#3038=AXIS2_PLACEMENT_3D('',#4721,#3729,#3730);
#3039=AXIS2_PLACEMENT_3D('',#4725,#3732,#3733);
#3040=AXIS2_PLACEMENT_3D('',#4726,#3734,#3735);
#3041=AXIS2_PLACEMENT_3D('',#4727,#3736,#3737);
#3042=AXIS2_PLACEMENT_3D('',#4728,#3738,#3739);
#3043=AXIS2_PLACEMENT_3D('',#4729,#3740,#3741);
#3044=AXIS2_PLACEMENT_3D('',#4730,#3742,#3743);
#3045=AXIS2_PLACEMENT_3D('',#4731,#3744,#3745);
#3046=AXIS2_PLACEMENT_3D('',#4732,#3746,#3747);
#3047=AXIS2_PLACEMENT_3D('',#4733,#3748,#3749);
#3048=AXIS2_PLACEMENT_3D('',#4734,#3750,#3751);
#3049=AXIS2_PLACEMENT_3D('',#4735,#3752,#3753);
#3050=AXIS2_PLACEMENT_3D('',#4736,#3754,#3755);
#3051=AXIS2_PLACEMENT_3D('',#4737,#3756,#3757);
#3052=AXIS2_PLACEMENT_3D('',#4738,#3758,#3759);
#3053=AXIS2_PLACEMENT_3D('',#4739,#3760,#3761);
#3054=AXIS2_PLACEMENT_3D('',#4740,#3762,#3763);
#3055=AXIS2_PLACEMENT_3D('',#4741,#3764,#3765);
#3056=AXIS2_PLACEMENT_3D('',#4742,#3766,#3767);
#3057=AXIS2_PLACEMENT_3D('',#4743,#3768,#3769);
#3058=AXIS2_PLACEMENT_3D('',#4744,#3770,#3771);
#3059=AXIS2_PLACEMENT_3D('',#4745,#3772,#3773);
#3060=AXIS2_PLACEMENT_3D('',#4746,#3774,#3775);
#3061=AXIS2_PLACEMENT_3D('',#4747,#3776,#3777);
#3062=AXIS2_PLACEMENT_3D('',#4748,#3778,#3779);
#3063=AXIS2_PLACEMENT_3D('',#4749,#3780,#3781);
#3064=AXIS2_PLACEMENT_3D('',#4750,#3782,#3783);
#3065=AXIS2_PLACEMENT_3D('',#4751,#3784,#3785);
#3066=AXIS2_PLACEMENT_3D('',#4752,#3786,#3787);
#3067=AXIS2_PLACEMENT_3D('',#4753,#3788,#3789);
#3068=AXIS2_PLACEMENT_3D('',#4754,#3790,#3791);
#3069=AXIS2_PLACEMENT_3D('',#4755,#3792,#3793);
#3070=AXIS2_PLACEMENT_3D('',#4756,#3794,#3795);
#3071=AXIS2_PLACEMENT_3D('',#4757,#3796,#3797);
#3072=AXIS2_PLACEMENT_3D('',#4758,#3798,#3799);
#3073=AXIS2_PLACEMENT_3D('',#4759,#3800,#3801);
#3074=AXIS2_PLACEMENT_3D('',#4760,#3802,#3803);
#3075=AXIS2_PLACEMENT_3D('',#4761,#3804,#3805);
#3076=AXIS2_PLACEMENT_3D('',#4762,#3806,#3807);
#3077=AXIS2_PLACEMENT_3D('',#4763,#3808,#3809);
#3078=AXIS2_PLACEMENT_3D('',#4764,#3810,#3811);
#3079=AXIS2_PLACEMENT_3D('',#4765,#3812,#3813);
#3080=AXIS2_PLACEMENT_3D('',#4766,#3814,#3815);
#3081=AXIS2_PLACEMENT_3D('',#4767,#3816,#3817);
#3082=AXIS2_PLACEMENT_3D('',#4768,#3818,#3819);
#3083=AXIS2_PLACEMENT_3D('',#4769,#3820,#3821);
#3084=AXIS2_PLACEMENT_3D('',#4770,#3822,#3823);
#3085=AXIS2_PLACEMENT_3D('',#4771,#3824,#3825);
#3086=AXIS2_PLACEMENT_3D('',#4772,#3826,#3827);
#3087=AXIS2_PLACEMENT_3D('',#4773,#3828,#3829);
#3088=AXIS2_PLACEMENT_3D('',#4774,#3830,#3831);
#3089=AXIS2_PLACEMENT_3D('',#4775,#3832,#3833);
#3090=AXIS2_PLACEMENT_3D('',#4776,#3834,#3835);
#3091=AXIS2_PLACEMENT_3D('',#4777,#3836,#3837);
#3092=AXIS2_PLACEMENT_3D('',#4778,#3838,#3839);
#3093=AXIS2_PLACEMENT_3D('',#4779,#3840,#3841);
#3094=AXIS2_PLACEMENT_3D('',#4780,#3842,#3843);
#3095=AXIS2_PLACEMENT_3D('',#4781,#3844,#3845);
#3096=AXIS2_PLACEMENT_3D('',#4782,#3846,#3847);
#3097=AXIS2_PLACEMENT_3D('',#4783,#3848,#3849);
#3098=AXIS2_PLACEMENT_3D('',#4784,#3850,#3851);
#3099=AXIS2_PLACEMENT_3D('',#4785,#3852,#3853);
#3100=AXIS2_PLACEMENT_3D('',#4786,#3854,#3855);
#3101=AXIS2_PLACEMENT_3D('',#4787,#3856,#3857);
#3102=AXIS2_PLACEMENT_3D('',#4788,#3858,#3859);
#3103=AXIS2_PLACEMENT_3D('',#4789,#3860,#3861);
#3104=AXIS2_PLACEMENT_3D('',#4790,#3862,#3863);
#3105=AXIS2_PLACEMENT_3D('',#4796,#3867,#3868);
#3106=AXIS2_PLACEMENT_3D('',#4802,#3872,#3873);
#3107=AXIS2_PLACEMENT_3D('',#4808,#3877,#3878);
#3108=AXIS2_PLACEMENT_3D('',#4809,#3879,#3880);
#3109=AXIS2_PLACEMENT_3D('',#4810,#3881,#3882);
#3110=AXIS2_PLACEMENT_3D('',#4811,#3883,#3884);
#3111=AXIS2_PLACEMENT_3D('',#4812,#3885,#3886);
#3112=AXIS2_PLACEMENT_3D('',#4813,#3887,#3888);
#3113=AXIS2_PLACEMENT_3D('',#4814,#3889,#3890);
#3114=AXIS2_PLACEMENT_3D('',#4815,#3891,#3892);
#3115=AXIS2_PLACEMENT_3D('',#4816,#3893,#3894);
#3116=AXIS2_PLACEMENT_3D('',#4817,#3895,#3896);
#3117=AXIS2_PLACEMENT_3D('',#4818,#3897,#3898);
#3118=AXIS2_PLACEMENT_3D('',#4819,#3899,#3900);
#3119=AXIS2_PLACEMENT_3D('',#4820,#3901,#3902);
#3120=AXIS2_PLACEMENT_3D('',#4821,#3903,#3904);
#3121=AXIS2_PLACEMENT_3D('',#4822,#3905,#3906);
#3122=AXIS2_PLACEMENT_3D('',#4823,#3907,#3908);
#3123=AXIS2_PLACEMENT_3D('',#4824,#3909,#3910);
#3124=AXIS2_PLACEMENT_3D('',#4825,#3911,#3912);
#3125=AXIS2_PLACEMENT_3D('',#4826,#3913,#3914);
#3126=AXIS2_PLACEMENT_3D('',#4827,#3915,#3916);
#3127=AXIS2_PLACEMENT_3D('',#4828,#3917,#3918);
#3128=AXIS2_PLACEMENT_3D('',#4829,#3919,#3920);
#3129=AXIS2_PLACEMENT_3D('',#4830,#3921,#3922);
#3130=AXIS2_PLACEMENT_3D('',#4831,#3923,#3924);
#3131=AXIS2_PLACEMENT_3D('',#4832,#3925,#3926);
#3132=AXIS2_PLACEMENT_3D('',#4833,#3927,#3928);
#3133=AXIS2_PLACEMENT_3D('',#4834,#3929,#3930);
#3134=AXIS2_PLACEMENT_3D('',#4835,#3931,#3932);
#3135=AXIS2_PLACEMENT_3D('',#4836,#3933,#3934);
#3136=AXIS2_PLACEMENT_3D('',#4837,#3935,#3936);
#3137=AXIS2_PLACEMENT_3D('',#4838,#3937,#3938);
#3138=AXIS2_PLACEMENT_3D('',#4839,#3939,#3940);
#3139=AXIS2_PLACEMENT_3D('',#4840,#3941,#3942);
#3140=AXIS2_PLACEMENT_3D('',#4841,#3943,#3944);
#3141=AXIS2_PLACEMENT_3D('',#4842,#3945,#3946);
#3142=AXIS2_PLACEMENT_3D('',#4843,#3947,#3948);
#3143=AXIS2_PLACEMENT_3D('',#4844,#3949,#3950);
#3144=AXIS2_PLACEMENT_3D('',#4845,#3951,#3952);
#3145=AXIS2_PLACEMENT_3D('',#4846,#3953,#3954);
#3146=AXIS2_PLACEMENT_3D('',#4847,#3955,#3956);
#3147=AXIS2_PLACEMENT_3D('',#4848,#3957,#3958);
#3148=AXIS2_PLACEMENT_3D('',#4849,#3959,#3960);
#3149=AXIS2_PLACEMENT_3D('',#4850,#3961,#3962);
#3150=AXIS2_PLACEMENT_3D('',#4851,#3963,#3964);
#3151=AXIS2_PLACEMENT_3D('',#4852,#3965,#3966);
#3152=AXIS2_PLACEMENT_3D('',#4853,#3967,#3968);
#3153=AXIS2_PLACEMENT_3D('',#4854,#3969,#3970);
#3154=AXIS2_PLACEMENT_3D('',#4855,#3971,#3972);
#3155=AXIS2_PLACEMENT_3D('',#4856,#3973,#3974);
#3156=AXIS2_PLACEMENT_3D('',#4857,#3975,#3976);
#3157=AXIS2_PLACEMENT_3D('',#4858,#3977,#3978);
#3158=AXIS2_PLACEMENT_3D('',#4859,#3979,#3980);
#3159=AXIS2_PLACEMENT_3D('',#4860,#3981,#3982);
#3160=AXIS2_PLACEMENT_3D('',#4861,#3983,#3984);
#3161=AXIS2_PLACEMENT_3D('',#4862,#3985,#3986);
#3162=AXIS2_PLACEMENT_3D('',#4863,#3987,#3988);
#3163=AXIS2_PLACEMENT_3D('',#4864,#3989,#3990);
#3164=AXIS2_PLACEMENT_3D('',#4865,#3991,#3992);
#3165=AXIS2_PLACEMENT_3D('',#4866,#3993,#3994);
#3166=AXIS2_PLACEMENT_3D('',#4867,#3995,#3996);
#3167=AXIS2_PLACEMENT_3D('',#4868,#3997,#3998);
#3168=AXIS2_PLACEMENT_3D('',#4869,#3999,#4000);
#3169=AXIS2_PLACEMENT_3D('',#4870,#4001,#4002);
#3170=AXIS2_PLACEMENT_3D('',#4871,#4003,#4004);
#3171=AXIS2_PLACEMENT_3D('',#4872,#4005,#4006);
#3172=AXIS2_PLACEMENT_3D('',#4873,#4007,#4008);
#3173=AXIS2_PLACEMENT_3D('',#4874,#4009,#4010);
#3174=AXIS2_PLACEMENT_3D('',#4875,#4011,#4012);
#3175=AXIS2_PLACEMENT_3D('',#4876,#4013,#4014);
#3176=AXIS2_PLACEMENT_3D('',#4877,#4015,#4016);
#3177=AXIS2_PLACEMENT_3D('',#4878,#4017,#4018);
#3178=AXIS2_PLACEMENT_3D('',#4879,#4019,#4020);
#3179=AXIS2_PLACEMENT_3D('',#4880,#4021,#4022);
#3180=AXIS2_PLACEMENT_3D('',#4881,#4023,#4024);
#3181=AXIS2_PLACEMENT_3D('',#4882,#4025,#4026);
#3182=AXIS2_PLACEMENT_3D('',#4883,#4027,#4028);
#3183=AXIS2_PLACEMENT_3D('',#4884,#4029,#4030);
#3184=AXIS2_PLACEMENT_3D('',#4885,#4031,#4032);
#3185=AXIS2_PLACEMENT_3D('',#4886,#4033,#4034);
#3186=AXIS2_PLACEMENT_3D('',#4887,#4035,#4036);
#3187=AXIS2_PLACEMENT_3D('',#4888,#4037,#4038);
#3188=AXIS2_PLACEMENT_3D('',#4889,#4039,#4040);
#3189=AXIS2_PLACEMENT_3D('',#4890,#4041,#4042);
#3190=AXIS2_PLACEMENT_3D('',#4891,#4043,#4044);
#3191=AXIS2_PLACEMENT_3D('',#4892,#4045,#4046);
#3192=AXIS2_PLACEMENT_3D('',#4893,#4047,#4048);
#3193=AXIS2_PLACEMENT_3D('',#4894,#4049,#4050);
#3194=AXIS2_PLACEMENT_3D('',#4895,#4051,#4052);
#3195=DIRECTION('',(0.,0.,1.));
#3196=DIRECTION('',(1.,0.,0.));
#3197=DIRECTION('',(0.,1.,0.));
#3198=DIRECTION('',(0.,0.,1.));
#3199=DIRECTION('',(1.,0.,0.));
#3200=DIRECTION('',(0.,0.,-1.));
#3201=DIRECTION('',(1.,0.,0.));
#3202=DIRECTION('',(0.,0.,-1.));
#3203=DIRECTION('',(1.,5.42101086242752E-17,0.));
#3204=DIRECTION('',(-5.42101086242752E-17,1.,0.));
#3205=DIRECTION('',(5.42101086242752E-17,-1.,0.));
#3206=DIRECTION('',(0.,0.,-1.));
#3207=DIRECTION('',(5.42101086242752E-17,-1.,0.));
#3208=DIRECTION('',(0.,0.,-1.));
#3209=DIRECTION('',(0.,1.,0.));
#3210=DIRECTION('',(0.,0.,1.));
#3211=DIRECTION('',(1.,0.,0.));
#3212=DIRECTION('',(0.,0.,-1.));
#3213=DIRECTION('',(1.,0.,0.));
#3214=DIRECTION('',(0.,0.,-1.));
#3215=DIRECTION('',(1.,0.,0.));
#3216=DIRECTION('',(0.,0.,-1.));
#3217=DIRECTION('',(0.,-1.,0.));
#3218=DIRECTION('',(0.,0.,-1.));
#3219=DIRECTION('',(0.,-1.,0.));
#3220=DIRECTION('',(0.,0.,-1.));
#3221=DIRECTION('',(0.,1.,0.));
#3222=DIRECTION('',(0.,0.,1.));
#3223=DIRECTION('',(1.,0.,0.));
#3224=DIRECTION('',(0.,0.,-1.));
#3225=DIRECTION('',(1.,0.,0.));
#3226=DIRECTION('',(0.,0.,-1.));
#3227=DIRECTION('',(1.,5.42101086242752E-17,0.));
#3228=DIRECTION('',(-5.42101086242752E-17,1.,0.));
#3229=DIRECTION('',(5.42101086242752E-17,-1.,0.));
#3230=DIRECTION('',(0.,0.,-1.));
#3231=DIRECTION('',(5.42101086242752E-17,-1.,0.));
#3232=DIRECTION('',(0.,0.,-1.));
#3233=DIRECTION('',(0.,1.,0.));
#3234=DIRECTION('',(0.,0.,1.));
#3235=DIRECTION('',(1.,0.,0.));
#3236=DIRECTION('',(0.,0.,-1.));
#3237=DIRECTION('',(1.,0.,0.));
#3238=DIRECTION('',(0.,0.,-1.));
#3239=DIRECTION('',(1.,0.,0.));
#3240=DIRECTION('',(0.,0.,-1.));
#3241=DIRECTION('',(0.,-1.,0.));
#3242=DIRECTION('',(0.,0.,-1.));
#3243=DIRECTION('',(0.,-1.,0.));
#3244=DIRECTION('',(0.,0.,-1.));
#3245=DIRECTION('',(0.,1.,0.));
#3246=DIRECTION('',(0.,0.,1.));
#3247=DIRECTION('',(1.,0.,0.));
#3248=DIRECTION('',(0.,0.,-1.));
#3249=DIRECTION('',(1.,0.,0.));
#3250=DIRECTION('',(0.,0.,-1.));
#3251=DIRECTION('',(1.,5.42101086242752E-17,0.));
#3252=DIRECTION('',(-5.42101086242752E-17,1.,0.));
#3253=DIRECTION('',(5.42101086242752E-17,-1.,0.));
#3254=DIRECTION('',(0.,0.,-1.));
#3255=DIRECTION('',(5.42101086242752E-17,-1.,0.));
#3256=DIRECTION('',(0.,0.,-1.));
#3257=DIRECTION('',(0.,1.,0.));
#3258=DIRECTION('',(0.,0.,1.));
#3259=DIRECTION('',(1.,0.,0.));
#3260=DIRECTION('',(0.,0.,-1.));
#3261=DIRECTION('',(1.,0.,0.));
#3262=DIRECTION('',(0.,0.,-1.));
#3263=DIRECTION('',(1.,0.,0.));
#3264=DIRECTION('',(0.,0.,-1.));
#3265=DIRECTION('',(0.,-1.,0.));
#3266=DIRECTION('',(0.,0.,-1.));
#3267=DIRECTION('',(0.,-1.,0.));
#3268=DIRECTION('',(0.,0.,-1.));
#3269=DIRECTION('',(0.,1.,0.));
#3270=DIRECTION('',(0.,0.,1.));
#3271=DIRECTION('',(1.,0.,0.));
#3272=DIRECTION('',(0.,0.,-1.));
#3273=DIRECTION('',(1.,0.,0.));
#3274=DIRECTION('',(0.,0.,-1.));
#3275=DIRECTION('',(1.,0.,0.));
#3276=DIRECTION('',(0.,0.,-1.));
#3277=DIRECTION('',(0.,-1.,0.));
#3278=DIRECTION('',(0.,0.,-1.));
#3279=DIRECTION('',(0.,-1.,0.));
#3280=DIRECTION('',(0.,0.,-1.));
#3281=DIRECTION('',(0.,1.,0.));
#3282=DIRECTION('',(0.,0.,1.));
#3283=DIRECTION('',(1.,0.,0.));
#3284=DIRECTION('',(0.,0.,-1.));
#3285=DIRECTION('',(1.,0.,0.));
#3286=DIRECTION('',(0.,0.,-1.));
#3287=DIRECTION('',(1.,0.,0.));
#3288=DIRECTION('',(0.,0.,-1.));
#3289=DIRECTION('',(0.,-1.,0.));
#3290=DIRECTION('',(0.,0.,-1.));
#3291=DIRECTION('',(0.,-1.,0.));
#3292=DIRECTION('',(0.,0.,-1.));
#3293=DIRECTION('',(0.,1.,0.));
#3294=DIRECTION('',(0.,0.,1.));
#3295=DIRECTION('',(1.,0.,0.));
#3296=DIRECTION('',(0.,0.,-1.));
#3297=DIRECTION('',(1.,0.,0.));
#3298=DIRECTION('',(0.,0.,-1.));
#3299=DIRECTION('',(1.,0.,0.));
#3300=DIRECTION('',(0.,0.,-1.));
#3301=DIRECTION('',(0.,-1.,0.));
#3302=DIRECTION('',(0.,0.,-1.));
#3303=DIRECTION('',(0.,-1.,0.));
#3304=DIRECTION('',(0.,0.,-1.));
#3305=DIRECTION('',(0.,1.,0.));
#3306=DIRECTION('',(0.,0.,1.));
#3307=DIRECTION('',(1.,0.,0.));
#3308=DIRECTION('',(0.,0.,-1.));
#3309=DIRECTION('',(1.,0.,0.));
#3310=DIRECTION('',(0.,0.,-1.));
#3311=DIRECTION('',(1.,0.,0.));
#3312=DIRECTION('',(0.,0.,-1.));
#3313=DIRECTION('',(0.,-1.,0.));
#3314=DIRECTION('',(0.,0.,-1.));
#3315=DIRECTION('',(0.,-1.,0.));
#3316=DIRECTION('',(0.,0.,-1.));
#3317=DIRECTION('',(0.,1.,0.));
#3318=DIRECTION('',(0.,0.,1.));
#3319=DIRECTION('',(1.,0.,0.));
#3320=DIRECTION('',(0.,0.,-1.));
#3321=DIRECTION('',(1.,0.,0.));
#3322=DIRECTION('',(0.,0.,-1.));
#3323=DIRECTION('',(1.,0.,0.));
#3324=DIRECTION('',(0.,0.,-1.));
#3325=DIRECTION('',(0.,-1.,0.));
#3326=DIRECTION('',(0.,0.,-1.));
#3327=DIRECTION('',(0.,-1.,0.));
#3328=DIRECTION('',(0.,0.,-1.));
#3329=DIRECTION('',(0.,1.,0.));
#3330=DIRECTION('',(0.,0.,1.));
#3331=DIRECTION('',(1.,0.,0.));
#3332=DIRECTION('',(0.,0.,-1.));
#3333=DIRECTION('',(1.,0.,0.));
#3334=DIRECTION('',(0.,0.,-1.));
#3335=DIRECTION('',(1.,0.,0.));
#3336=DIRECTION('',(0.,0.,-1.));
#3337=DIRECTION('',(0.,-1.,0.));
#3338=DIRECTION('',(0.,0.,-1.));
#3339=DIRECTION('',(0.,-1.,0.));
#3340=DIRECTION('',(0.,0.,-1.));
#3341=DIRECTION('',(0.,1.,0.));
#3342=DIRECTION('',(0.,0.,1.));
#3343=DIRECTION('',(1.,0.,0.));
#3344=DIRECTION('',(0.,0.,-1.));
#3345=DIRECTION('',(1.,0.,0.));
#3346=DIRECTION('',(0.,0.,-1.));
#3347=DIRECTION('',(1.,0.,0.));
#3348=DIRECTION('',(0.,0.,-1.));
#3349=DIRECTION('',(0.,-1.,0.));
#3350=DIRECTION('',(0.,0.,-1.));
#3351=DIRECTION('',(0.,-1.,0.));
#3352=DIRECTION('',(0.,0.,-1.));
#3353=DIRECTION('',(0.,1.,0.));
#3354=DIRECTION('',(0.,0.,1.));
#3355=DIRECTION('',(1.,0.,0.));
#3356=DIRECTION('',(0.,0.,-1.));
#3357=DIRECTION('',(1.,0.,0.));
#3358=DIRECTION('',(0.,0.,-1.));
#3359=DIRECTION('',(1.,0.,0.));
#3360=DIRECTION('',(0.,0.,-1.));
#3361=DIRECTION('',(0.,-1.,0.));
#3362=DIRECTION('',(0.,0.,-1.));
#3363=DIRECTION('',(0.,-1.,0.));
#3364=DIRECTION('',(0.,0.,-1.));
#3365=DIRECTION('',(0.,1.,0.));
#3366=DIRECTION('',(0.,0.,1.));
#3367=DIRECTION('',(1.,0.,0.));
#3368=DIRECTION('',(0.,0.,-1.));
#3369=DIRECTION('',(1.,0.,0.));
#3370=DIRECTION('',(0.,0.,-1.));
#3371=DIRECTION('',(1.,0.,0.));
#3372=DIRECTION('',(0.,0.,-1.));
#3373=DIRECTION('',(0.,-1.,0.));
#3374=DIRECTION('',(0.,0.,-1.));
#3375=DIRECTION('',(0.,-1.,0.));
#3376=DIRECTION('',(0.,0.,-1.));
#3377=DIRECTION('',(0.,1.,0.));
#3378=DIRECTION('',(0.,0.,1.));
#3379=DIRECTION('',(1.,0.,0.));
#3380=DIRECTION('',(0.,0.,-1.));
#3381=DIRECTION('',(1.,0.,0.));
#3382=DIRECTION('',(0.,0.,-1.));
#3383=DIRECTION('',(1.,0.,0.));
#3384=DIRECTION('',(0.,0.,-1.));
#3385=DIRECTION('',(0.,-1.,0.));
#3386=DIRECTION('',(0.,0.,-1.));
#3387=DIRECTION('',(0.,-1.,0.));
#3388=DIRECTION('',(0.,0.,-1.));
#3389=DIRECTION('',(0.,1.,0.));
#3390=DIRECTION('',(0.,0.,1.));
#3391=DIRECTION('',(1.,0.,0.));
#3392=DIRECTION('',(0.,0.,-1.));
#3393=DIRECTION('',(1.,0.,0.));
#3394=DIRECTION('',(0.,0.,-1.));
#3395=DIRECTION('',(1.,0.,0.));
#3396=DIRECTION('',(0.,0.,-1.));
#3397=DIRECTION('',(0.,-1.,0.));
#3398=DIRECTION('',(0.,0.,-1.));
#3399=DIRECTION('',(0.,-1.,0.));
#3400=DIRECTION('',(0.,0.,-1.));
#3401=DIRECTION('',(0.,1.,0.));
#3402=DIRECTION('',(0.,0.,1.));
#3403=DIRECTION('',(1.,0.,0.));
#3404=DIRECTION('',(0.,0.,-1.));
#3405=DIRECTION('',(1.,0.,0.));
#3406=DIRECTION('',(0.,0.,-1.));
#3407=DIRECTION('',(1.,0.,0.));
#3408=DIRECTION('',(0.,0.,-1.));
#3409=DIRECTION('',(0.,-1.,0.));
#3410=DIRECTION('',(0.,0.,-1.));
#3411=DIRECTION('',(0.,-1.,0.));
#3412=DIRECTION('',(0.,0.,-1.));
#3413=DIRECTION('',(0.,-1.,0.));
#3414=DIRECTION('',(0.,0.,-1.));
#3415=DIRECTION('',(-1.,0.,0.));
#3416=DIRECTION('',(0.,0.,-1.));
#3417=DIRECTION('',(-1.,0.,0.));
#3418=DIRECTION('',(0.,0.,-1.));
#3419=DIRECTION('',(-1.,0.,0.));
#3420=DIRECTION('',(0.,0.,1.));
#3421=DIRECTION('',(0.,1.,0.));
#3422=DIRECTION('',(0.,0.,-1.));
#3423=DIRECTION('',(0.,1.,0.));
#3424=DIRECTION('',(0.,0.,-1.));
#3425=DIRECTION('',(0.,-1.,0.));
#3426=DIRECTION('',(0.,0.,-1.));
#3427=DIRECTION('',(-1.,0.,0.));
#3428=DIRECTION('',(0.,0.,-1.));
#3429=DIRECTION('',(-1.,0.,0.));
#3430=DIRECTION('',(0.,0.,-1.));
#3431=DIRECTION('',(-1.,0.,0.));
#3432=DIRECTION('',(0.,0.,1.));
#3433=DIRECTION('',(0.,1.,0.));
#3434=DIRECTION('',(0.,0.,-1.));
#3435=DIRECTION('',(0.,1.,0.));
#3436=DIRECTION('',(0.,0.,-1.));
#3437=DIRECTION('',(1.,0.,0.));
#3438=DIRECTION('',(0.,0.,-1.));
#3439=DIRECTION('',(0.,-1.,0.));
#3440=DIRECTION('',(0.,0.,-1.));
#3441=DIRECTION('',(0.,-1.,0.));
#3442=DIRECTION('',(0.,0.,-1.));
#3443=DIRECTION('',(0.,-1.,0.));
#3444=DIRECTION('',(0.,0.,-1.));
#3445=DIRECTION('',(-1.,0.,0.));
#3446=DIRECTION('',(0.,0.,-1.));
#3447=DIRECTION('',(-1.,0.,0.));
#3448=DIRECTION('',(0.,0.,-1.));
#3449=DIRECTION('',(1.,0.,0.));
#3450=DIRECTION('',(0.,0.,-1.));
#3451=DIRECTION('',(0.,-1.,0.));
#3452=DIRECTION('',(0.,0.,-1.));
#3453=DIRECTION('',(0.,-1.,0.));
#3454=DIRECTION('',(0.,0.,-1.));
#3455=DIRECTION('',(0.,-1.,0.));
#3456=DIRECTION('',(0.,0.,-1.));
#3457=DIRECTION('',(-1.,0.,0.));
#3458=DIRECTION('',(0.,0.,-1.));
#3459=DIRECTION('',(-1.,0.,0.));
#3460=DIRECTION('',(0.,0.,-1.));
#3461=DIRECTION('',(1.,0.,0.));
#3462=DIRECTION('',(0.,0.,-1.));
#3463=DIRECTION('',(0.,-1.,0.));
#3464=DIRECTION('',(0.,0.,-1.));
#3465=DIRECTION('',(0.,-1.,0.));
#3466=DIRECTION('',(0.,0.,-1.));
#3467=DIRECTION('',(0.,-1.,0.));
#3468=DIRECTION('',(0.,0.,-1.));
#3469=DIRECTION('',(-1.,0.,0.));
#3470=DIRECTION('',(0.,0.,-1.));
#3471=DIRECTION('',(-1.,0.,0.));
#3472=DIRECTION('',(0.,0.,-1.));
#3473=DIRECTION('',(1.,0.,0.));
#3474=DIRECTION('',(0.,0.,-1.));
#3475=DIRECTION('',(0.,-1.,0.));
#3476=DIRECTION('',(0.,0.,-1.));
#3477=DIRECTION('',(0.,-1.,0.));
#3478=DIRECTION('',(0.,0.,-1.));
#3479=DIRECTION('',(0.,-1.,0.));
#3480=DIRECTION('',(0.,0.,-1.));
#3481=DIRECTION('',(-1.,0.,0.));
#3482=DIRECTION('',(0.,0.,-1.));
#3483=DIRECTION('',(-1.,0.,0.));
#3484=DIRECTION('',(0.,0.,-1.));
#3485=DIRECTION('',(0.,1.,0.));
#3486=DIRECTION('',(0.,0.,1.));
#3487=DIRECTION('',(1.,0.,0.));
#3488=DIRECTION('',(0.,0.,-1.));
#3489=DIRECTION('',(1.,0.,0.));
#3490=DIRECTION('',(0.,0.,-1.));
#3491=DIRECTION('',(-1.,0.,0.));
#3492=DIRECTION('',(0.,0.,1.));
#3493=DIRECTION('',(0.,1.,0.));
#3494=DIRECTION('',(0.,0.,-1.));
#3495=DIRECTION('',(0.,1.,0.));
#3496=DIRECTION('',(0.,0.,-1.));
#3497=DIRECTION('',(0.,1.,0.));
#3498=DIRECTION('',(0.,0.,1.));
#3499=DIRECTION('',(1.,0.,0.));
#3500=DIRECTION('',(0.,0.,-1.));
#3501=DIRECTION('',(1.,0.,0.));
#3502=DIRECTION('',(0.,0.,-1.));
#3503=DIRECTION('',(-1.,0.,0.));
#3504=DIRECTION('',(0.,0.,1.));
#3505=DIRECTION('',(0.,1.,0.));
#3506=DIRECTION('',(0.,0.,-1.));
#3507=DIRECTION('',(0.,1.,0.));
#3508=DIRECTION('',(0.,0.,-1.));
#3509=DIRECTION('',(0.,1.,0.));
#3510=DIRECTION('',(0.,0.,1.));
#3511=DIRECTION('',(1.,0.,0.));
#3512=DIRECTION('',(0.,0.,-1.));
#3513=DIRECTION('',(1.,0.,0.));
#3514=DIRECTION('',(0.,0.,-1.));
#3515=DIRECTION('',(-1.,-2.16840434497101E-16,0.));
#3516=DIRECTION('',(2.16840434497101E-16,-1.,0.));
#3517=DIRECTION('',(-2.16840434497101E-16,1.,0.));
#3518=DIRECTION('',(0.,0.,-1.));
#3519=DIRECTION('',(-2.16840434497101E-16,1.,0.));
#3520=DIRECTION('',(0.,0.,-1.));
#3521=DIRECTION('',(0.,1.,0.));
#3522=DIRECTION('',(0.,0.,1.));
#3523=DIRECTION('',(1.,0.,0.));
#3524=DIRECTION('',(0.,0.,-1.));
#3525=DIRECTION('',(1.,0.,0.));
#3526=DIRECTION('',(0.,0.,-1.));
#3527=DIRECTION('',(-1.,0.,0.));
#3528=DIRECTION('',(0.,0.,1.));
#3529=DIRECTION('',(0.,1.,0.));
#3530=DIRECTION('',(0.,0.,-1.));
#3531=DIRECTION('',(0.,1.,0.));
#3532=DIRECTION('',(0.,0.,-1.));
#3533=DIRECTION('',(-1.,0.,0.));
#3534=DIRECTION('',(0.,0.,1.));
#3535=DIRECTION('',(0.,1.,0.));
#3536=DIRECTION('',(0.,0.,-1.));
#3537=DIRECTION('',(0.,1.,0.));
#3538=DIRECTION('',(0.,0.,-1.));
#3539=DIRECTION('',(0.,1.,0.));
#3540=DIRECTION('',(0.,0.,1.));
#3541=DIRECTION('',(1.,0.,0.));
#3542=DIRECTION('',(0.,0.,-1.));
#3543=DIRECTION('',(1.,0.,0.));
#3544=DIRECTION('',(0.,0.,-1.));
#3545=DIRECTION('',(-1.,-1.62630325872825E-16,0.));
#3546=DIRECTION('',(1.62630325872825E-16,-1.,0.));
#3547=DIRECTION('',(-1.62630325872825E-16,1.,0.));
#3548=DIRECTION('',(0.,0.,-1.));
#3549=DIRECTION('',(-1.62630325872825E-16,1.,0.));
#3550=DIRECTION('',(0.,0.,-1.));
#3551=DIRECTION('',(0.,1.,0.));
#3552=DIRECTION('',(0.,0.,1.));
#3553=DIRECTION('',(1.,0.,0.));
#3554=DIRECTION('',(0.,0.,-1.));
#3555=DIRECTION('',(1.,0.,0.));
#3556=DIRECTION('',(0.,0.,-1.));
#3557=DIRECTION('',(1.,0.,0.));
#3558=DIRECTION('',(0.,0.,-1.));
#3559=DIRECTION('',(0.,-1.,0.));
#3560=DIRECTION('',(0.,0.,-1.));
#3561=DIRECTION('',(0.,-1.,0.));
#3562=DIRECTION('',(0.,0.,-1.));
#3563=DIRECTION('',(0.,-1.,0.));
#3564=DIRECTION('',(0.,0.,-1.));
#3565=DIRECTION('',(-1.,0.,0.));
#3566=DIRECTION('',(0.,0.,-1.));
#3567=DIRECTION('',(-1.,0.,0.));
#3568=DIRECTION('',(0.,0.,-1.));
#3569=DIRECTION('',(1.,0.,0.));
#3570=DIRECTION('',(0.,0.,-1.));
#3571=DIRECTION('',(0.,-1.,0.));
#3572=DIRECTION('',(0.,0.,-1.));
#3573=DIRECTION('',(0.,-1.,0.));
#3574=DIRECTION('',(0.,0.,-1.));
#3575=DIRECTION('',(0.,-1.,0.));
#3576=DIRECTION('',(0.,0.,-1.));
#3577=DIRECTION('',(-1.,0.,0.));
#3578=DIRECTION('',(0.,0.,-1.));
#3579=DIRECTION('',(-1.,0.,0.));
#3580=DIRECTION('',(0.,0.,-1.));
#3581=DIRECTION('',(1.,0.,0.));
#3582=DIRECTION('',(0.,0.,-1.));
#3583=DIRECTION('',(0.,-1.,0.));
#3584=DIRECTION('',(0.,0.,-1.));
#3585=DIRECTION('',(0.,-1.,0.));
#3586=DIRECTION('',(0.,0.,-1.));
#3587=DIRECTION('',(0.,0.,1.));
#3588=DIRECTION('',(1.,0.,0.));
#3589=DIRECTION('',(0.,-1.,0.));
#3590=DIRECTION('',(1.,0.,0.));
#3591=DIRECTION('',(0.,-1.,0.));
#3592=DIRECTION('',(1.,0.,0.));
#3593=DIRECTION('',(0.,0.,1.));
#3594=DIRECTION('',(1.,0.,0.));
#3595=DIRECTION('',(0.,0.,1.));
#3596=DIRECTION('',(1.,0.,0.));
#3597=DIRECTION('',(0.,0.,1.));
#3598=DIRECTION('',(1.,0.,0.));
#3599=DIRECTION('',(0.,0.,1.));
#3600=DIRECTION('',(1.,0.,0.));
#3601=DIRECTION('',(0.,0.,1.));
#3602=DIRECTION('',(1.,0.,0.));
#3603=DIRECTION('',(0.,0.,1.));
#3604=DIRECTION('',(1.,0.,0.));
#3605=DIRECTION('',(0.,0.,1.));
#3606=DIRECTION('',(1.,0.,0.));
#3607=DIRECTION('',(0.,0.,1.));
#3608=DIRECTION('',(1.,0.,0.));
#3609=DIRECTION('',(0.,0.,1.));
#3610=DIRECTION('',(1.,0.,0.));
#3611=DIRECTION('',(0.,0.,1.));
#3612=DIRECTION('',(1.,0.,0.));
#3613=DIRECTION('',(0.,0.,1.));
#3614=DIRECTION('',(1.,0.,0.));
#3615=DIRECTION('',(0.,0.,1.));
#3616=DIRECTION('',(1.,0.,0.));
#3617=DIRECTION('',(0.,0.,1.));
#3618=DIRECTION('',(1.,0.,0.));
#3619=DIRECTION('',(0.,0.,1.));
#3620=DIRECTION('',(1.,0.,0.));
#3621=DIRECTION('',(0.,0.,1.));
#3622=DIRECTION('',(1.,0.,0.));
#3623=DIRECTION('',(0.,0.,1.));
#3624=DIRECTION('',(1.,0.,0.));
#3625=DIRECTION('',(0.,0.,1.));
#3626=DIRECTION('',(1.,0.,0.));
#3627=DIRECTION('',(0.,0.,1.));
#3628=DIRECTION('',(1.,0.,0.));
#3629=DIRECTION('',(0.,0.,1.));
#3630=DIRECTION('',(1.,0.,0.));
#3631=DIRECTION('',(0.,0.,1.));
#3632=DIRECTION('',(1.,0.,0.));
#3633=DIRECTION('',(0.,0.,1.));
#3634=DIRECTION('',(1.,0.,0.));
#3635=DIRECTION('',(0.,0.,1.));
#3636=DIRECTION('',(1.,0.,0.));
#3637=DIRECTION('',(0.,0.,1.));
#3638=DIRECTION('',(1.,0.,0.));
#3639=DIRECTION('',(0.,0.,1.));
#3640=DIRECTION('',(1.,0.,0.));
#3641=DIRECTION('',(0.,0.,1.));
#3642=DIRECTION('',(1.,0.,0.));
#3643=DIRECTION('',(0.,0.,1.));
#3644=DIRECTION('',(1.,0.,0.));
#3645=DIRECTION('',(0.,0.,1.));
#3646=DIRECTION('',(1.,0.,0.));
#3647=DIRECTION('',(0.,0.,1.));
#3648=DIRECTION('',(1.,0.,0.));
#3649=DIRECTION('',(0.,0.,1.));
#3650=DIRECTION('',(1.,0.,0.));
#3651=DIRECTION('',(0.,0.,1.));
#3652=DIRECTION('',(1.,0.,0.));
#3653=DIRECTION('',(0.,0.,1.));
#3654=DIRECTION('',(1.,0.,0.));
#3655=DIRECTION('',(0.,0.,1.));
#3656=DIRECTION('',(1.,0.,0.));
#3657=DIRECTION('',(0.,0.,1.));
#3658=DIRECTION('',(1.,0.,0.));
#3659=DIRECTION('',(0.,0.,1.));
#3660=DIRECTION('',(1.,0.,0.));
#3661=DIRECTION('',(0.,0.,1.));
#3662=DIRECTION('',(1.,0.,0.));
#3663=DIRECTION('',(0.,0.,1.));
#3664=DIRECTION('',(1.,0.,0.));
#3665=DIRECTION('',(0.,0.,1.));
#3666=DIRECTION('',(1.,0.,0.));
#3667=DIRECTION('',(0.,0.,1.));
#3668=DIRECTION('',(1.,0.,0.));
#3669=DIRECTION('',(0.,0.,1.));
#3670=DIRECTION('',(1.,0.,0.));
#3671=DIRECTION('',(0.,0.,1.));
#3672=DIRECTION('',(1.,0.,0.));
#3673=DIRECTION('',(0.,0.,1.));
#3674=DIRECTION('',(1.,0.,0.));
#3675=DIRECTION('',(0.,0.,1.));
#3676=DIRECTION('',(1.,0.,0.));
#3677=DIRECTION('',(0.,0.,1.));
#3678=DIRECTION('',(1.,0.,0.));
#3679=DIRECTION('',(0.,0.,1.));
#3680=DIRECTION('',(1.,0.,0.));
#3681=DIRECTION('',(0.,0.,1.));
#3682=DIRECTION('',(1.,0.,0.));
#3683=DIRECTION('',(0.,0.,1.));
#3684=DIRECTION('',(1.,0.,0.));
#3685=DIRECTION('',(0.,0.,1.));
#3686=DIRECTION('',(1.,0.,0.));
#3687=DIRECTION('',(0.,0.,1.));
#3688=DIRECTION('',(1.,0.,0.));
#3689=DIRECTION('',(0.,0.,1.));
#3690=DIRECTION('',(1.,0.,0.));
#3691=DIRECTION('',(0.,0.,1.));
#3692=DIRECTION('',(1.,0.,0.));
#3693=DIRECTION('',(0.,0.,1.));
#3694=DIRECTION('',(1.,0.,0.));
#3695=DIRECTION('',(0.,0.,1.));
#3696=DIRECTION('',(1.,0.,0.));
#3697=DIRECTION('',(0.,0.,1.));
#3698=DIRECTION('',(1.,0.,0.));
#3699=DIRECTION('',(0.,0.,1.));
#3700=DIRECTION('',(1.,0.,0.));
#3701=DIRECTION('',(0.,0.,1.));
#3702=DIRECTION('',(1.,0.,0.));
#3703=DIRECTION('',(0.,0.,1.));
#3704=DIRECTION('',(1.,0.,0.));
#3705=DIRECTION('',(0.,0.,1.));
#3706=DIRECTION('',(1.,0.,0.));
#3707=DIRECTION('',(0.,0.,1.));
#3708=DIRECTION('',(1.,0.,0.));
#3709=DIRECTION('',(0.,0.,1.));
#3710=DIRECTION('',(1.,0.,0.));
#3711=DIRECTION('',(0.,0.,1.));
#3712=DIRECTION('',(1.,0.,0.));
#3713=DIRECTION('',(0.,0.,1.));
#3714=DIRECTION('',(1.,0.,0.));
#3715=DIRECTION('',(0.,0.,1.));
#3716=DIRECTION('',(1.,0.,0.));
#3717=DIRECTION('',(0.,0.,1.));
#3718=DIRECTION('',(1.,0.,0.));
#3719=DIRECTION('',(0.,0.,1.));
#3720=DIRECTION('',(1.,0.,0.));
#3721=DIRECTION('',(0.,0.,1.));
#3722=DIRECTION('',(1.,0.,0.));
#3723=DIRECTION('',(1.,0.,0.));
#3724=DIRECTION('',(0.,0.,1.));
#3725=DIRECTION('',(1.,0.,0.));
#3726=DIRECTION('',(0.,0.,1.));
#3727=DIRECTION('',(1.,0.,0.));
#3728=DIRECTION('',(1.,0.,0.));
#3729=DIRECTION('',(0.,0.,1.));
#3730=DIRECTION('',(1.,0.,0.));
#3731=DIRECTION('',(0.,-1.,0.));
#3732=DIRECTION('',(0.,0.,1.));
#3733=DIRECTION('',(1.,0.,0.));
#3734=DIRECTION('',(0.,0.,1.));
#3735=DIRECTION('',(1.,0.,0.));
#3736=DIRECTION('',(0.,0.,1.));
#3737=DIRECTION('',(1.,0.,0.));
#3738=DIRECTION('',(0.,0.,1.));
#3739=DIRECTION('',(1.,0.,0.));
#3740=DIRECTION('',(0.,0.,1.));
#3741=DIRECTION('',(1.,0.,0.));
#3742=DIRECTION('',(0.,0.,1.));
#3743=DIRECTION('',(1.,0.,0.));
#3744=DIRECTION('',(0.,0.,1.));
#3745=DIRECTION('',(1.,0.,0.));
#3746=DIRECTION('',(0.,0.,1.));
#3747=DIRECTION('',(1.,0.,0.));
#3748=DIRECTION('',(0.,0.,1.));
#3749=DIRECTION('',(1.,0.,0.));
#3750=DIRECTION('',(0.,0.,1.));
#3751=DIRECTION('',(1.,0.,0.));
#3752=DIRECTION('',(0.,0.,1.));
#3753=DIRECTION('',(1.,0.,0.));
#3754=DIRECTION('',(0.,0.,1.));
#3755=DIRECTION('',(1.,0.,0.));
#3756=DIRECTION('',(0.,0.,1.));
#3757=DIRECTION('',(1.,0.,0.));
#3758=DIRECTION('',(0.,0.,1.));
#3759=DIRECTION('',(1.,0.,0.));
#3760=DIRECTION('',(0.,0.,1.));
#3761=DIRECTION('',(1.,0.,0.));
#3762=DIRECTION('',(0.,0.,1.));
#3763=DIRECTION('',(1.,0.,0.));
#3764=DIRECTION('',(0.,0.,1.));
#3765=DIRECTION('',(1.,0.,0.));
#3766=DIRECTION('',(0.,0.,1.));
#3767=DIRECTION('',(1.,0.,0.));
#3768=DIRECTION('',(0.,0.,1.));
#3769=DIRECTION('',(1.,0.,0.));
#3770=DIRECTION('',(0.,0.,1.));
#3771=DIRECTION('',(1.,0.,0.));
#3772=DIRECTION('',(0.,0.,1.));
#3773=DIRECTION('',(1.,0.,0.));
#3774=DIRECTION('',(0.,0.,1.));
#3775=DIRECTION('',(1.,0.,0.));
#3776=DIRECTION('',(0.,0.,1.));
#3777=DIRECTION('',(1.,0.,0.));
#3778=DIRECTION('',(0.,0.,1.));
#3779=DIRECTION('',(1.,0.,0.));
#3780=DIRECTION('',(0.,0.,1.));
#3781=DIRECTION('',(1.,0.,0.));
#3782=DIRECTION('',(0.,0.,1.));
#3783=DIRECTION('',(1.,0.,0.));
#3784=DIRECTION('',(0.,0.,1.));
#3785=DIRECTION('',(1.,0.,0.));
#3786=DIRECTION('',(0.,0.,1.));
#3787=DIRECTION('',(1.,0.,0.));
#3788=DIRECTION('',(0.,0.,1.));
#3789=DIRECTION('',(1.,0.,0.));
#3790=DIRECTION('',(0.,0.,1.));
#3791=DIRECTION('',(1.,0.,0.));
#3792=DIRECTION('',(0.,0.,1.));
#3793=DIRECTION('',(1.,0.,0.));
#3794=DIRECTION('',(0.,0.,1.));
#3795=DIRECTION('',(1.,0.,0.));
#3796=DIRECTION('',(0.,0.,1.));
#3797=DIRECTION('',(1.,0.,0.));
#3798=DIRECTION('',(0.,0.,1.));
#3799=DIRECTION('',(1.,0.,0.));
#3800=DIRECTION('',(0.,0.,1.));
#3801=DIRECTION('',(1.,0.,0.));
#3802=DIRECTION('',(0.,0.,1.));
#3803=DIRECTION('',(1.,0.,0.));
#3804=DIRECTION('',(0.,0.,1.));
#3805=DIRECTION('',(1.,0.,0.));
#3806=DIRECTION('',(0.,0.,1.));
#3807=DIRECTION('',(1.,0.,0.));
#3808=DIRECTION('',(0.,0.,1.));
#3809=DIRECTION('',(1.,0.,0.));
#3810=DIRECTION('',(0.,0.,1.));
#3811=DIRECTION('',(1.,0.,0.));
#3812=DIRECTION('',(0.,0.,1.));
#3813=DIRECTION('',(1.,0.,0.));
#3814=DIRECTION('',(0.,0.,1.));
#3815=DIRECTION('',(1.,0.,0.));
#3816=DIRECTION('',(0.,0.,1.));
#3817=DIRECTION('',(1.,0.,0.));
#3818=DIRECTION('',(0.,0.,1.));
#3819=DIRECTION('',(1.,0.,0.));
#3820=DIRECTION('',(0.,0.,1.));
#3821=DIRECTION('',(1.,0.,0.));
#3822=DIRECTION('',(0.,0.,1.));
#3823=DIRECTION('',(1.,0.,0.));
#3824=DIRECTION('',(0.,0.,1.));
#3825=DIRECTION('',(1.,0.,0.));
#3826=DIRECTION('',(0.,0.,1.));
#3827=DIRECTION('',(1.,0.,0.));
#3828=DIRECTION('',(0.,0.,1.));
#3829=DIRECTION('',(1.,0.,0.));
#3830=DIRECTION('',(0.,0.,1.));
#3831=DIRECTION('',(1.,0.,0.));
#3832=DIRECTION('',(0.,0.,1.));
#3833=DIRECTION('',(1.,0.,0.));
#3834=DIRECTION('',(0.,0.,1.));
#3835=DIRECTION('',(1.,0.,0.));
#3836=DIRECTION('',(0.,0.,1.));
#3837=DIRECTION('',(1.,0.,0.));
#3838=DIRECTION('',(0.,0.,1.));
#3839=DIRECTION('',(1.,0.,0.));
#3840=DIRECTION('',(0.,0.,1.));
#3841=DIRECTION('',(1.,0.,0.));
#3842=DIRECTION('',(0.,0.,1.));
#3843=DIRECTION('',(1.,0.,0.));
#3844=DIRECTION('',(0.,0.,1.));
#3845=DIRECTION('',(1.,0.,0.));
#3846=DIRECTION('',(0.,0.,1.));
#3847=DIRECTION('',(1.,0.,0.));
#3848=DIRECTION('',(0.,0.,1.));
#3849=DIRECTION('',(1.,0.,0.));
#3850=DIRECTION('',(0.,0.,1.));
#3851=DIRECTION('',(1.,0.,0.));
#3852=DIRECTION('',(0.,0.,1.));
#3853=DIRECTION('',(1.,0.,0.));
#3854=DIRECTION('',(0.,0.,1.));
#3855=DIRECTION('',(1.,0.,0.));
#3856=DIRECTION('',(0.,0.,1.));
#3857=DIRECTION('',(1.,0.,0.));
#3858=DIRECTION('',(0.,0.,1.));
#3859=DIRECTION('',(1.,0.,0.));
#3860=DIRECTION('',(0.,0.,1.));
#3861=DIRECTION('',(1.,0.,0.));
#3862=DIRECTION('',(1.,0.,0.));
#3863=DIRECTION('',(0.,0.,-1.));
#3864=DIRECTION('',(0.,-1.,0.));
#3865=DIRECTION('',(0.,0.,-1.));
#3866=DIRECTION('',(0.,0.,-1.));
#3867=DIRECTION('',(0.,1.,0.));
#3868=DIRECTION('',(0.,0.,1.));
#3869=DIRECTION('',(1.,0.,0.));
#3870=DIRECTION('',(0.,0.,-1.));
#3871=DIRECTION('',(0.,0.,-1.));
#3872=DIRECTION('',(0.,1.,0.));
#3873=DIRECTION('',(0.,0.,1.));
#3874=DIRECTION('',(0.,0.,-1.));
#3875=DIRECTION('',(1.,0.,0.));
#3876=DIRECTION('',(0.,0.,-1.));
#3877=DIRECTION('',(0.,0.,-1.));
#3878=DIRECTION('',(-1.,0.,0.));
#3879=DIRECTION('',(0.,0.,1.));
#3880=DIRECTION('',(1.,0.,0.));
#3881=DIRECTION('',(0.,0.,1.));
#3882=DIRECTION('',(1.,0.,0.));
#3883=DIRECTION('',(0.,0.,-1.));
#3884=DIRECTION('',(-1.,0.,0.));
#3885=DIRECTION('',(0.,0.,-1.));
#3886=DIRECTION('',(-1.,0.,0.));
#3887=DIRECTION('',(0.,0.,1.));
#3888=DIRECTION('',(1.,0.,0.));
#3889=DIRECTION('',(0.,0.,1.));
#3890=DIRECTION('',(1.,0.,0.));
#3891=DIRECTION('',(0.,0.,1.));
#3892=DIRECTION('',(1.,0.,0.));
#3893=DIRECTION('',(0.,0.,1.));
#3894=DIRECTION('',(1.,0.,0.));
#3895=DIRECTION('',(0.,0.,1.));
#3896=DIRECTION('',(1.,0.,0.));
#3897=DIRECTION('',(0.,0.,1.));
#3898=DIRECTION('',(1.,0.,0.));
#3899=DIRECTION('',(0.,0.,1.));
#3900=DIRECTION('',(1.,0.,0.));
#3901=DIRECTION('',(0.,0.,-1.));
#3902=DIRECTION('',(-1.,0.,0.));
#3903=DIRECTION('',(0.,0.,-1.));
#3904=DIRECTION('',(-1.,0.,0.));
#3905=DIRECTION('',(0.,0.,1.));
#3906=DIRECTION('',(1.,0.,0.));
#3907=DIRECTION('',(0.,0.,-1.));
#3908=DIRECTION('',(-1.,0.,0.));
#3909=DIRECTION('',(0.,0.,1.));
#3910=DIRECTION('',(1.,0.,0.));
#3911=DIRECTION('',(0.,0.,1.));
#3912=DIRECTION('',(1.,0.,0.));
#3913=DIRECTION('',(0.,0.,1.));
#3914=DIRECTION('',(1.,0.,0.));
#3915=DIRECTION('',(0.,0.,-1.));
#3916=DIRECTION('',(-1.,0.,0.));
#3917=DIRECTION('',(0.,0.,1.));
#3918=DIRECTION('',(1.,0.,0.));
#3919=DIRECTION('',(0.,0.,-1.));
#3920=DIRECTION('',(-1.,0.,0.));
#3921=DIRECTION('',(0.,0.,1.));
#3922=DIRECTION('',(1.,0.,0.));
#3923=DIRECTION('',(0.,0.,-1.));
#3924=DIRECTION('',(-1.,0.,0.));
#3925=DIRECTION('',(0.,0.,-1.));
#3926=DIRECTION('',(-1.,0.,0.));
#3927=DIRECTION('',(0.,0.,-1.));
#3928=DIRECTION('',(-1.,0.,0.));
#3929=DIRECTION('',(0.,0.,-1.));
#3930=DIRECTION('',(-1.,0.,0.));
#3931=DIRECTION('',(0.,0.,-1.));
#3932=DIRECTION('',(-1.,0.,0.));
#3933=DIRECTION('',(0.,0.,-1.));
#3934=DIRECTION('',(-1.,0.,0.));
#3935=DIRECTION('',(0.,0.,-1.));
#3936=DIRECTION('',(-1.,0.,0.));
#3937=DIRECTION('',(0.,0.,-1.));
#3938=DIRECTION('',(-1.,0.,0.));
#3939=DIRECTION('',(0.,0.,-1.));
#3940=DIRECTION('',(-1.,0.,0.));
#3941=DIRECTION('',(0.,0.,-1.));
#3942=DIRECTION('',(-1.,0.,0.));
#3943=DIRECTION('',(0.,0.,-1.));
#3944=DIRECTION('',(-1.,0.,0.));
#3945=DIRECTION('',(0.,0.,-1.));
#3946=DIRECTION('',(-1.,0.,0.));
#3947=DIRECTION('',(0.,0.,-1.));
#3948=DIRECTION('',(-1.,0.,0.));
#3949=DIRECTION('',(0.,0.,-1.));
#3950=DIRECTION('',(-1.,0.,0.));
#3951=DIRECTION('',(0.,0.,-1.));
#3952=DIRECTION('',(-1.,0.,0.));
#3953=DIRECTION('',(0.,0.,-1.));
#3954=DIRECTION('',(-1.,0.,0.));
#3955=DIRECTION('',(0.,0.,1.));
#3956=DIRECTION('',(1.,0.,0.));
#3957=DIRECTION('',(0.,0.,1.));
#3958=DIRECTION('',(1.,0.,0.));
#3959=DIRECTION('',(0.,0.,1.));
#3960=DIRECTION('',(1.,0.,0.));
#3961=DIRECTION('',(0.,0.,-1.));
#3962=DIRECTION('',(-1.,0.,0.));
#3963=DIRECTION('',(0.,0.,1.));
#3964=DIRECTION('',(1.,0.,0.));
#3965=DIRECTION('',(0.,0.,1.));
#3966=DIRECTION('',(1.,0.,0.));
#3967=DIRECTION('',(0.,0.,1.));
#3968=DIRECTION('',(1.,0.,0.));
#3969=DIRECTION('',(0.,0.,-1.));
#3970=DIRECTION('',(-1.,0.,0.));
#3971=DIRECTION('',(0.,0.,-1.));
#3972=DIRECTION('',(-1.,0.,0.));
#3973=DIRECTION('',(0.,0.,-1.));
#3974=DIRECTION('',(-1.,0.,0.));
#3975=DIRECTION('',(0.,0.,1.));
#3976=DIRECTION('',(1.,0.,0.));
#3977=DIRECTION('',(0.,0.,1.));
#3978=DIRECTION('',(1.,0.,0.));
#3979=DIRECTION('',(0.,0.,1.));
#3980=DIRECTION('',(1.,0.,0.));
#3981=DIRECTION('',(0.,0.,-1.));
#3982=DIRECTION('',(-1.,0.,0.));
#3983=DIRECTION('',(0.,0.,-1.));
#3984=DIRECTION('',(-1.,0.,0.));
#3985=DIRECTION('',(0.,0.,1.));
#3986=DIRECTION('',(1.,0.,0.));
#3987=DIRECTION('',(0.,0.,1.));
#3988=DIRECTION('',(1.,0.,0.));
#3989=DIRECTION('',(0.,0.,1.));
#3990=DIRECTION('',(1.,0.,0.));
#3991=DIRECTION('',(0.,0.,1.));
#3992=DIRECTION('',(1.,0.,0.));
#3993=DIRECTION('',(0.,0.,1.));
#3994=DIRECTION('',(1.,0.,0.));
#3995=DIRECTION('',(0.,0.,1.));
#3996=DIRECTION('',(1.,0.,0.));
#3997=DIRECTION('',(0.,0.,-1.));
#3998=DIRECTION('',(-1.,0.,0.));
#3999=DIRECTION('',(0.,0.,1.));
#4000=DIRECTION('',(1.,0.,0.));
#4001=DIRECTION('',(0.,0.,1.));
#4002=DIRECTION('',(1.,0.,0.));
#4003=DIRECTION('',(0.,0.,1.));
#4004=DIRECTION('',(1.,0.,0.));
#4005=DIRECTION('',(-1.,0.,0.));
#4006=DIRECTION('',(0.,0.,1.));
#4007=DIRECTION('',(-1.,0.,0.));
#4008=DIRECTION('',(0.,0.,1.));
#4009=DIRECTION('',(1.,0.,0.));
#4010=DIRECTION('',(0.,0.,-1.));
#4011=DIRECTION('',(0.,-1.,0.));
#4012=DIRECTION('',(0.,0.,-1.));
#4013=DIRECTION('',(-2.60208521396521E-15,-1.,0.));
#4014=DIRECTION('',(1.,-2.60208521396521E-15,0.));
#4015=DIRECTION('',(0.,-1.,0.));
#4016=DIRECTION('',(0.,0.,-1.));
#4017=DIRECTION('',(0.,-1.,-2.60208521396521E-15));
#4018=DIRECTION('',(0.,2.60208521396521E-15,-1.));
#4019=DIRECTION('',(0.,1.,0.));
#4020=DIRECTION('',(0.,0.,1.));
#4021=DIRECTION('',(0.,1.,0.));
#4022=DIRECTION('',(0.,0.,1.));
#4023=DIRECTION('',(0.,0.,1.));
#4024=DIRECTION('',(1.,0.,0.));
#4025=DIRECTION('',(0.,0.,1.));
#4026=DIRECTION('',(1.,0.,0.));
#4027=DIRECTION('',(0.,0.,-1.));
#4028=DIRECTION('',(-1.,0.,0.));
#4029=DIRECTION('',(0.,0.,1.));
#4030=DIRECTION('',(1.,0.,0.));
#4031=DIRECTION('',(0.,-1.,0.));
#4032=DIRECTION('',(0.,0.,-1.));
#4033=DIRECTION('',(0.,1.,0.));
#4034=DIRECTION('',(0.,0.,1.));
#4035=DIRECTION('',(-1.,0.,0.));
#4036=DIRECTION('',(0.,0.,1.));
#4037=DIRECTION('',(-1.,0.,0.));
#4038=DIRECTION('',(0.,0.,1.));
#4039=DIRECTION('',(1.,0.,0.));
#4040=DIRECTION('',(0.,0.,-1.));
#4041=DIRECTION('',(1.,0.,0.));
#4042=DIRECTION('',(0.,0.,-1.));
#4043=DIRECTION('',(1.,0.,0.));
#4044=DIRECTION('',(0.,0.,-1.));
#4045=DIRECTION('',(0.,0.,1.));
#4046=DIRECTION('',(1.,0.,0.));
#4047=DIRECTION('',(0.,0.,1.));
#4048=DIRECTION('',(1.,0.,0.));
#4049=DIRECTION('',(0.,0.,-1.));
#4050=DIRECTION('',(-1.,0.,0.));
#4051=DIRECTION('',(0.,0.,-1.));
#4052=DIRECTION('',(-1.,0.,0.));
#4053=CARTESIAN_POINT('',(0.,0.,0.));
#4054=CARTESIAN_POINT('',(-0.0385238362550736,0.0344300185069442,0.0298));
#4055=CARTESIAN_POINT('',(-0.0385238362550736,0.0344300185069442,0.0298));
#4056=CARTESIAN_POINT('',(-0.0455238362550735,0.0344300185069442,0.0298));
#4057=CARTESIAN_POINT('',(-0.0315238362550736,0.0344300185069442,0.0298));
#4058=CARTESIAN_POINT('',(-0.0455238362550735,0.0344300185069442,0.0298));
#4059=CARTESIAN_POINT('',(-0.0455238362550735,0.0344300185069442,0.0278));
#4060=CARTESIAN_POINT('',(-0.0385238362550736,0.0344300185069442,0.0278));
#4061=CARTESIAN_POINT('',(-0.0315238362550736,0.0344300185069442,0.0278));
#4062=CARTESIAN_POINT('',(-0.0315238362550736,0.0344300185069442,0.0298));
#4063=CARTESIAN_POINT('',(-0.0305238362550736,0.0264300185069441,0.0298));
#4064=CARTESIAN_POINT('',(-0.0305238362550736,0.0264300185069441,0.0278));
#4065=CARTESIAN_POINT('',(-0.0305238362550736,0.0334300185069442,0.0278));
#4066=CARTESIAN_POINT('',(-0.0305238362550736,0.0194300185069442,0.0278));
#4067=CARTESIAN_POINT('',(-0.0305238362550736,0.0194300185069442,0.0298));
#4068=CARTESIAN_POINT('',(-0.0305238362550736,0.0194300185069442,0.0298));
#4069=CARTESIAN_POINT('',(-0.0305238362550736,0.0264300185069441,0.0298));
#4070=CARTESIAN_POINT('',(-0.0305238362550736,0.0334300185069442,0.0298));
#4071=CARTESIAN_POINT('',(-0.0305238362550736,0.0334300185069442,0.0278));
#4072=CARTESIAN_POINT('',(-0.0385238362550736,0.0184300185069441,0.0298));
#4073=CARTESIAN_POINT('',(-0.0385238362550736,0.0184300185069441,0.0278));
#4074=CARTESIAN_POINT('',(-0.0455238362550735,0.0184300185069441,0.0278));
#4075=CARTESIAN_POINT('',(-0.0315238362550736,0.0184300185069441,0.0278));
#4076=CARTESIAN_POINT('',(-0.0455238362550735,0.0184300185069441,0.0298));
#4077=CARTESIAN_POINT('',(-0.0455238362550735,0.0184300185069441,0.0298));
#4078=CARTESIAN_POINT('',(-0.0385238362550736,0.0184300185069441,0.0298));
#4079=CARTESIAN_POINT('',(-0.0315238362550736,0.0184300185069441,0.0298));
#4080=CARTESIAN_POINT('',(-0.0315238362550736,0.0184300185069441,0.0298));
#4081=CARTESIAN_POINT('',(-0.0465238362550735,0.0264300185069441,0.0298));
#4082=CARTESIAN_POINT('',(-0.0465238362550735,0.0264300185069441,0.0298));
#4083=CARTESIAN_POINT('',(-0.0465238362550735,0.0334300185069442,0.0298));
#4084=CARTESIAN_POINT('',(-0.0465238362550735,0.0194300185069442,0.0298));
#4085=CARTESIAN_POINT('',(-0.0465238362550735,0.0194300185069442,0.0278));
#4086=CARTESIAN_POINT('',(-0.0465238362550735,0.0194300185069442,0.0278));
#4087=CARTESIAN_POINT('',(-0.0465238362550735,0.0264300185069441,0.0278));
#4088=CARTESIAN_POINT('',(-0.0465238362550735,0.0334300185069442,0.0278));
#4089=CARTESIAN_POINT('',(-0.0465238362550735,0.0334300185069442,0.0298));
#4090=CARTESIAN_POINT('',(-0.0385238362550736,0.0153800185069442,0.0298));
#4091=CARTESIAN_POINT('',(-0.0385238362550736,0.0153800185069442,0.0298));
#4092=CARTESIAN_POINT('',(-0.0455238362550735,0.0153800185069442,0.0298));
#4093=CARTESIAN_POINT('',(-0.0315238362550736,0.0153800185069442,0.0298));
#4094=CARTESIAN_POINT('',(-0.0455238362550735,0.0153800185069442,0.0298));
#4095=CARTESIAN_POINT('',(-0.0455238362550735,0.0153800185069442,0.0278));
#4096=CARTESIAN_POINT('',(-0.0385238362550736,0.0153800185069442,0.0278));
#4097=CARTESIAN_POINT('',(-0.0315238362550736,0.0153800185069442,0.0278));
#4098=CARTESIAN_POINT('',(-0.0315238362550736,0.0153800185069442,0.0298));
#4099=CARTESIAN_POINT('',(-0.0305238362550736,0.00738001850694418,0.0298));
#4100=CARTESIAN_POINT('',(-0.0305238362550736,0.00738001850694418,0.0278));
#4101=CARTESIAN_POINT('',(-0.0305238362550736,0.0143800185069442,0.0278));
#4102=CARTESIAN_POINT('',(-0.0305238362550736,0.000380018506944177,0.0278));
#4103=CARTESIAN_POINT('',(-0.0305238362550736,0.000380018506944177,0.0298));
#4104=CARTESIAN_POINT('',(-0.0305238362550736,0.000380018506944177,0.0298));
#4105=CARTESIAN_POINT('',(-0.0305238362550736,0.00738001850694418,0.0298));
#4106=CARTESIAN_POINT('',(-0.0305238362550736,0.0143800185069442,0.0298));
#4107=CARTESIAN_POINT('',(-0.0305238362550736,0.0143800185069442,0.0278));
#4108=CARTESIAN_POINT('',(-0.0385238362550736,-0.000619981493055824,0.0298));
#4109=CARTESIAN_POINT('',(-0.0385238362550736,-0.000619981493055824,0.0278));
#4110=CARTESIAN_POINT('',(-0.0455238362550735,-0.000619981493055824,0.0278));
#4111=CARTESIAN_POINT('',(-0.0315238362550736,-0.000619981493055824,0.0278));
#4112=CARTESIAN_POINT('',(-0.0455238362550735,-0.000619981493055824,0.0298));
#4113=CARTESIAN_POINT('',(-0.0455238362550735,-0.000619981493055824,0.0298));
#4114=CARTESIAN_POINT('',(-0.0385238362550736,-0.000619981493055824,0.0298));
#4115=CARTESIAN_POINT('',(-0.0315238362550736,-0.000619981493055824,0.0298));
#4116=CARTESIAN_POINT('',(-0.0315238362550736,-0.000619981493055824,0.0298));
#4117=CARTESIAN_POINT('',(-0.0465238362550735,0.00738001850694418,0.0298));
#4118=CARTESIAN_POINT('',(-0.0465238362550735,0.00738001850694418,0.0298));
#4119=CARTESIAN_POINT('',(-0.0465238362550735,0.0143800185069442,0.0298));
#4120=CARTESIAN_POINT('',(-0.0465238362550735,0.000380018506944177,0.0298));
#4121=CARTESIAN_POINT('',(-0.0465238362550735,0.000380018506944177,0.0278));
#4122=CARTESIAN_POINT('',(-0.0465238362550735,0.000380018506944177,0.0278));
#4123=CARTESIAN_POINT('',(-0.0465238362550735,0.00738001850694418,0.0278));
#4124=CARTESIAN_POINT('',(-0.0465238362550735,0.0143800185069442,0.0278));
#4125=CARTESIAN_POINT('',(-0.0465238362550735,0.0143800185069442,0.0298));
#4126=CARTESIAN_POINT('',(-0.0385238362550736,-0.00366998149305582,0.0298));
#4127=CARTESIAN_POINT('',(-0.0385238362550736,-0.00366998149305582,0.0298));
#4128=CARTESIAN_POINT('',(-0.0455238362550735,-0.00366998149305582,0.0298));
#4129=CARTESIAN_POINT('',(-0.0315238362550736,-0.00366998149305582,0.0298));
#4130=CARTESIAN_POINT('',(-0.0455238362550735,-0.00366998149305582,0.0298));
#4131=CARTESIAN_POINT('',(-0.0455238362550735,-0.00366998149305582,0.0278));
#4132=CARTESIAN_POINT('',(-0.0385238362550736,-0.00366998149305582,0.0278));
#4133=CARTESIAN_POINT('',(-0.0315238362550736,-0.00366998149305582,0.0278));
#4134=CARTESIAN_POINT('',(-0.0315238362550736,-0.00366998149305582,0.0298));
#4135=CARTESIAN_POINT('',(-0.0305238362550736,-0.0116699814930558,0.0298));
#4136=CARTESIAN_POINT('',(-0.0305238362550736,-0.0116699814930558,0.0278));
#4137=CARTESIAN_POINT('',(-0.0305238362550736,-0.00466998149305582,0.0278));
#4138=CARTESIAN_POINT('',(-0.0305238362550736,-0.0186699814930558,0.0278));
#4139=CARTESIAN_POINT('',(-0.0305238362550736,-0.0186699814930558,0.0298));
#4140=CARTESIAN_POINT('',(-0.0305238362550736,-0.0186699814930558,0.0298));
#4141=CARTESIAN_POINT('',(-0.0305238362550736,-0.0116699814930558,0.0298));
#4142=CARTESIAN_POINT('',(-0.0305238362550736,-0.00466998149305582,0.0298));
#4143=CARTESIAN_POINT('',(-0.0305238362550736,-0.00466998149305582,0.0278));
#4144=CARTESIAN_POINT('',(-0.0385238362550736,-0.0196699814930558,0.0298));
#4145=CARTESIAN_POINT('',(-0.0385238362550736,-0.0196699814930558,0.0278));
#4146=CARTESIAN_POINT('',(-0.0455238362550735,-0.0196699814930558,0.0278));
#4147=CARTESIAN_POINT('',(-0.0315238362550736,-0.0196699814930558,0.0278));
#4148=CARTESIAN_POINT('',(-0.0455238362550735,-0.0196699814930558,0.0298));
#4149=CARTESIAN_POINT('',(-0.0455238362550735,-0.0196699814930558,0.0298));
#4150=CARTESIAN_POINT('',(-0.0385238362550736,-0.0196699814930558,0.0298));
#4151=CARTESIAN_POINT('',(-0.0315238362550736,-0.0196699814930558,0.0298));
#4152=CARTESIAN_POINT('',(-0.0315238362550736,-0.0196699814930558,0.0298));
#4153=CARTESIAN_POINT('',(-0.0465238362550735,-0.0116699814930558,0.0298));
#4154=CARTESIAN_POINT('',(-0.0465238362550735,-0.0116699814930558,0.0298));
#4155=CARTESIAN_POINT('',(-0.0465238362550735,-0.00466998149305582,0.0298));
#4156=CARTESIAN_POINT('',(-0.0465238362550735,-0.0186699814930558,0.0298));
#4157=CARTESIAN_POINT('',(-0.0465238362550735,-0.0186699814930558,0.0278));
#4158=CARTESIAN_POINT('',(-0.0465238362550735,-0.0186699814930558,0.0278));
#4159=CARTESIAN_POINT('',(-0.0465238362550735,-0.0116699814930558,0.0278));
#4160=CARTESIAN_POINT('',(-0.0465238362550735,-0.00466998149305582,0.0278));
#4161=CARTESIAN_POINT('',(-0.0465238362550735,-0.00466998149305582,0.0298));
#4162=CARTESIAN_POINT('',(-0.0194738362550736,0.0344300185069442,0.0298));
#4163=CARTESIAN_POINT('',(-0.0194738362550736,0.0344300185069442,0.0298));
#4164=CARTESIAN_POINT('',(-0.0264738362550735,0.0344300185069442,0.0298));
#4165=CARTESIAN_POINT('',(-0.0124738362550735,0.0344300185069442,0.0298));
#4166=CARTESIAN_POINT('',(-0.0264738362550735,0.0344300185069442,0.0298));
#4167=CARTESIAN_POINT('',(-0.0264738362550735,0.0344300185069442,0.0278));
#4168=CARTESIAN_POINT('',(-0.0194738362550736,0.0344300185069442,0.0278));
#4169=CARTESIAN_POINT('',(-0.0124738362550735,0.0344300185069442,0.0278));
#4170=CARTESIAN_POINT('',(-0.0124738362550735,0.0344300185069442,0.0298));
#4171=CARTESIAN_POINT('',(-0.0114738362550735,0.0264300185069441,0.0298));
#4172=CARTESIAN_POINT('',(-0.0114738362550735,0.0264300185069441,0.0278));
#4173=CARTESIAN_POINT('',(-0.0114738362550735,0.0334300185069442,0.0278));
#4174=CARTESIAN_POINT('',(-0.0114738362550735,0.0194300185069442,0.0278));
#4175=CARTESIAN_POINT('',(-0.0114738362550735,0.0194300185069442,0.0298));
#4176=CARTESIAN_POINT('',(-0.0114738362550735,0.0194300185069442,0.0298));
#4177=CARTESIAN_POINT('',(-0.0114738362550735,0.0264300185069441,0.0298));
#4178=CARTESIAN_POINT('',(-0.0114738362550735,0.0334300185069442,0.0298));
#4179=CARTESIAN_POINT('',(-0.0114738362550735,0.0334300185069442,0.0278));
#4180=CARTESIAN_POINT('',(-0.0194738362550736,0.0184300185069441,0.0298));
#4181=CARTESIAN_POINT('',(-0.0194738362550736,0.0184300185069441,0.0278));
#4182=CARTESIAN_POINT('',(-0.0264738362550735,0.0184300185069441,0.0278));
#4183=CARTESIAN_POINT('',(-0.0124738362550735,0.0184300185069441,0.0278));
#4184=CARTESIAN_POINT('',(-0.0264738362550735,0.0184300185069441,0.0298));
#4185=CARTESIAN_POINT('',(-0.0264738362550735,0.0184300185069441,0.0298));
#4186=CARTESIAN_POINT('',(-0.0194738362550736,0.0184300185069441,0.0298));
#4187=CARTESIAN_POINT('',(-0.0124738362550735,0.0184300185069441,0.0298));
#4188=CARTESIAN_POINT('',(-0.0124738362550735,0.0184300185069441,0.0298));
#4189=CARTESIAN_POINT('',(-0.0274738362550736,0.0264300185069441,0.0298));
#4190=CARTESIAN_POINT('',(-0.0274738362550736,0.0264300185069441,0.0298));
#4191=CARTESIAN_POINT('',(-0.0274738362550736,0.0334300185069442,0.0298));
#4192=CARTESIAN_POINT('',(-0.0274738362550736,0.0194300185069442,0.0298));
#4193=CARTESIAN_POINT('',(-0.0274738362550736,0.0194300185069442,0.0278));
#4194=CARTESIAN_POINT('',(-0.0274738362550736,0.0194300185069442,0.0278));
#4195=CARTESIAN_POINT('',(-0.0274738362550736,0.0264300185069441,0.0278));
#4196=CARTESIAN_POINT('',(-0.0274738362550736,0.0334300185069442,0.0278));
#4197=CARTESIAN_POINT('',(-0.0274738362550736,0.0334300185069442,0.0298));
#4198=CARTESIAN_POINT('',(-0.0194738362550736,0.0153800185069442,0.0298));
#4199=CARTESIAN_POINT('',(-0.0194738362550736,0.0153800185069442,0.0298));
#4200=CARTESIAN_POINT('',(-0.0264738362550735,0.0153800185069442,0.0298));
#4201=CARTESIAN_POINT('',(-0.0124738362550735,0.0153800185069442,0.0298));
#4202=CARTESIAN_POINT('',(-0.0264738362550735,0.0153800185069442,0.0298));
#4203=CARTESIAN_POINT('',(-0.0264738362550735,0.0153800185069442,0.0278));
#4204=CARTESIAN_POINT('',(-0.0194738362550736,0.0153800185069442,0.0278));
#4205=CARTESIAN_POINT('',(-0.0124738362550735,0.0153800185069442,0.0278));
#4206=CARTESIAN_POINT('',(-0.0124738362550735,0.0153800185069442,0.0298));
#4207=CARTESIAN_POINT('',(-0.0114738362550735,0.00738001850694418,0.0298));
#4208=CARTESIAN_POINT('',(-0.0114738362550735,0.00738001850694418,0.0278));
#4209=CARTESIAN_POINT('',(-0.0114738362550735,0.0143800185069442,0.0278));
#4210=CARTESIAN_POINT('',(-0.0114738362550735,0.000380018506944177,0.0278));
#4211=CARTESIAN_POINT('',(-0.0114738362550735,0.000380018506944177,0.0298));
#4212=CARTESIAN_POINT('',(-0.0114738362550735,0.000380018506944177,0.0298));
#4213=CARTESIAN_POINT('',(-0.0114738362550735,0.00738001850694418,0.0298));
#4214=CARTESIAN_POINT('',(-0.0114738362550735,0.0143800185069442,0.0298));
#4215=CARTESIAN_POINT('',(-0.0114738362550735,0.0143800185069442,0.0278));
#4216=CARTESIAN_POINT('',(-0.0194738362550736,-0.000619981493055824,0.0298));
#4217=CARTESIAN_POINT('',(-0.0194738362550736,-0.000619981493055824,0.0278));
#4218=CARTESIAN_POINT('',(-0.0264738362550735,-0.000619981493055824,0.0278));
#4219=CARTESIAN_POINT('',(-0.0124738362550735,-0.000619981493055824,0.0278));
#4220=CARTESIAN_POINT('',(-0.0264738362550735,-0.000619981493055824,0.0298));
#4221=CARTESIAN_POINT('',(-0.0264738362550735,-0.000619981493055824,0.0298));
#4222=CARTESIAN_POINT('',(-0.0194738362550736,-0.000619981493055824,0.0298));
#4223=CARTESIAN_POINT('',(-0.0124738362550735,-0.000619981493055824,0.0298));
#4224=CARTESIAN_POINT('',(-0.0124738362550735,-0.000619981493055824,0.0298));
#4225=CARTESIAN_POINT('',(-0.0274738362550736,0.00738001850694418,0.0298));
#4226=CARTESIAN_POINT('',(-0.0274738362550736,0.00738001850694418,0.0298));
#4227=CARTESIAN_POINT('',(-0.0274738362550736,0.0143800185069442,0.0298));
#4228=CARTESIAN_POINT('',(-0.0274738362550736,0.000380018506944177,0.0298));
#4229=CARTESIAN_POINT('',(-0.0274738362550736,0.000380018506944177,0.0278));
#4230=CARTESIAN_POINT('',(-0.0274738362550736,0.000380018506944177,0.0278));
#4231=CARTESIAN_POINT('',(-0.0274738362550736,0.00738001850694418,0.0278));
#4232=CARTESIAN_POINT('',(-0.0274738362550736,0.0143800185069442,0.0278));
#4233=CARTESIAN_POINT('',(-0.0274738362550736,0.0143800185069442,0.0298));
#4234=CARTESIAN_POINT('',(-0.0194738362550736,-0.00366998149305582,0.0298));
#4235=CARTESIAN_POINT('',(-0.0194738362550736,-0.00366998149305582,0.0298));
#4236=CARTESIAN_POINT('',(-0.0264738362550735,-0.00366998149305582,0.0298));
#4237=CARTESIAN_POINT('',(-0.0124738362550735,-0.00366998149305582,0.0298));
#4238=CARTESIAN_POINT('',(-0.0264738362550735,-0.00366998149305582,0.0298));
#4239=CARTESIAN_POINT('',(-0.0264738362550735,-0.00366998149305582,0.0278));
#4240=CARTESIAN_POINT('',(-0.0194738362550736,-0.00366998149305582,0.0278));
#4241=CARTESIAN_POINT('',(-0.0124738362550735,-0.00366998149305582,0.0278));
#4242=CARTESIAN_POINT('',(-0.0124738362550735,-0.00366998149305582,0.0298));
#4243=CARTESIAN_POINT('',(-0.0114738362550735,-0.0116699814930558,0.0298));
#4244=CARTESIAN_POINT('',(-0.0114738362550735,-0.0116699814930558,0.0278));
#4245=CARTESIAN_POINT('',(-0.0114738362550735,-0.00466998149305582,0.0278));
#4246=CARTESIAN_POINT('',(-0.0114738362550735,-0.0186699814930558,0.0278));
#4247=CARTESIAN_POINT('',(-0.0114738362550735,-0.0186699814930558,0.0298));
#4248=CARTESIAN_POINT('',(-0.0114738362550735,-0.0186699814930558,0.0298));
#4249=CARTESIAN_POINT('',(-0.0114738362550735,-0.0116699814930558,0.0298));
#4250=CARTESIAN_POINT('',(-0.0114738362550735,-0.00466998149305582,0.0298));
#4251=CARTESIAN_POINT('',(-0.0114738362550735,-0.00466998149305582,0.0278));
#4252=CARTESIAN_POINT('',(-0.0194738362550736,-0.0196699814930558,0.0298));
#4253=CARTESIAN_POINT('',(-0.0194738362550736,-0.0196699814930558,0.0278));
#4254=CARTESIAN_POINT('',(-0.0264738362550735,-0.0196699814930558,0.0278));
#4255=CARTESIAN_POINT('',(-0.0124738362550735,-0.0196699814930558,0.0278));
#4256=CARTESIAN_POINT('',(-0.0264738362550735,-0.0196699814930558,0.0298));
#4257=CARTESIAN_POINT('',(-0.0264738362550735,-0.0196699814930558,0.0298));
#4258=CARTESIAN_POINT('',(-0.0194738362550736,-0.0196699814930558,0.0298));
#4259=CARTESIAN_POINT('',(-0.0124738362550735,-0.0196699814930558,0.0298));
#4260=CARTESIAN_POINT('',(-0.0124738362550735,-0.0196699814930558,0.0298));
#4261=CARTESIAN_POINT('',(-0.0274738362550736,-0.0116699814930558,0.0298));
#4262=CARTESIAN_POINT('',(-0.0274738362550736,-0.0116699814930558,0.0298));
#4263=CARTESIAN_POINT('',(-0.0274738362550736,-0.00466998149305582,0.0298));
#4264=CARTESIAN_POINT('',(-0.0274738362550736,-0.0186699814930558,0.0298));
#4265=CARTESIAN_POINT('',(-0.0274738362550736,-0.0186699814930558,0.0278));
#4266=CARTESIAN_POINT('',(-0.0274738362550736,-0.0186699814930558,0.0278));
#4267=CARTESIAN_POINT('',(-0.0274738362550736,-0.0116699814930558,0.0278));
#4268=CARTESIAN_POINT('',(-0.0274738362550736,-0.00466998149305582,0.0278));
#4269=CARTESIAN_POINT('',(-0.0274738362550736,-0.00466998149305582,0.0298));
#4270=CARTESIAN_POINT('',(-0.000423836255073543,0.0344300185069442,0.0298));
#4271=CARTESIAN_POINT('',(-0.000423836255073543,0.0344300185069442,0.0298));
#4272=CARTESIAN_POINT('',(-0.00742383625507355,0.0344300185069442,0.0298));
#4273=CARTESIAN_POINT('',(0.00657616374492646,0.0344300185069442,0.0298));
#4274=CARTESIAN_POINT('',(-0.00742383625507355,0.0344300185069442,0.0298));
#4275=CARTESIAN_POINT('',(-0.00742383625507355,0.0344300185069442,0.0278));
#4276=CARTESIAN_POINT('',(-0.000423836255073543,0.0344300185069442,0.0278));
#4277=CARTESIAN_POINT('',(0.00657616374492646,0.0344300185069442,0.0278));
#4278=CARTESIAN_POINT('',(0.00657616374492646,0.0344300185069442,0.0298));
#4279=CARTESIAN_POINT('',(0.00757616374492646,0.0264300185069441,0.0298));
#4280=CARTESIAN_POINT('',(0.00757616374492646,0.0264300185069441,0.0278));
#4281=CARTESIAN_POINT('',(0.00757616374492646,0.0334300185069442,0.0278));
#4282=CARTESIAN_POINT('',(0.00757616374492646,0.0194300185069442,0.0278));
#4283=CARTESIAN_POINT('',(0.00757616374492646,0.0194300185069442,0.0298));
#4284=CARTESIAN_POINT('',(0.00757616374492646,0.0194300185069442,0.0298));
#4285=CARTESIAN_POINT('',(0.00757616374492646,0.0264300185069441,0.0298));
#4286=CARTESIAN_POINT('',(0.00757616374492646,0.0334300185069442,0.0298));
#4287=CARTESIAN_POINT('',(0.00757616374492646,0.0334300185069442,0.0278));
#4288=CARTESIAN_POINT('',(-0.000423836255073543,0.0184300185069441,0.0298));
#4289=CARTESIAN_POINT('',(-0.000423836255073543,0.0184300185069441,0.0278));
#4290=CARTESIAN_POINT('',(-0.00742383625507355,0.0184300185069441,0.0278));
#4291=CARTESIAN_POINT('',(0.00657616374492646,0.0184300185069441,0.0278));
#4292=CARTESIAN_POINT('',(-0.00742383625507355,0.0184300185069441,0.0298));
#4293=CARTESIAN_POINT('',(-0.00742383625507355,0.0184300185069441,0.0298));
#4294=CARTESIAN_POINT('',(-0.000423836255073543,0.0184300185069441,0.0298));
#4295=CARTESIAN_POINT('',(0.00657616374492646,0.0184300185069441,0.0298));
#4296=CARTESIAN_POINT('',(0.00657616374492646,0.0184300185069441,0.0298));
#4297=CARTESIAN_POINT('',(-0.00842383625507355,0.0264300185069441,0.0298));
#4298=CARTESIAN_POINT('',(-0.00842383625507355,0.0264300185069441,0.0298));
#4299=CARTESIAN_POINT('',(-0.00842383625507355,0.0334300185069442,0.0298));
#4300=CARTESIAN_POINT('',(-0.00842383625507355,0.0194300185069442,0.0298));
#4301=CARTESIAN_POINT('',(-0.00842383625507355,0.0194300185069442,0.0278));
#4302=CARTESIAN_POINT('',(-0.00842383625507355,0.0194300185069442,0.0278));
#4303=CARTESIAN_POINT('',(-0.00842383625507355,0.0264300185069441,0.0278));
#4304=CARTESIAN_POINT('',(-0.00842383625507355,0.0334300185069442,0.0278));
#4305=CARTESIAN_POINT('',(-0.00842383625507355,0.0334300185069442,0.0298));
#4306=CARTESIAN_POINT('',(-0.000423836255073543,0.0153800185069442,0.0298));
#4307=CARTESIAN_POINT('',(-0.000423836255073543,0.0153800185069442,0.0298));
#4308=CARTESIAN_POINT('',(-0.00742383625507355,0.0153800185069442,0.0298));
#4309=CARTESIAN_POINT('',(0.00657616374492646,0.0153800185069442,0.0298));
#4310=CARTESIAN_POINT('',(-0.00742383625507355,0.0153800185069442,0.0298));
#4311=CARTESIAN_POINT('',(-0.00742383625507355,0.0153800185069442,0.0278));
#4312=CARTESIAN_POINT('',(-0.000423836255073543,0.0153800185069442,0.0278));
#4313=CARTESIAN_POINT('',(0.00657616374492646,0.0153800185069442,0.0278));
#4314=CARTESIAN_POINT('',(0.00657616374492646,0.0153800185069442,0.0298));
#4315=CARTESIAN_POINT('',(0.00757616374492646,0.00738001850694418,0.0298));
#4316=CARTESIAN_POINT('',(0.00757616374492646,0.00738001850694418,0.0278));
#4317=CARTESIAN_POINT('',(0.00757616374492646,0.0143800185069442,0.0278));
#4318=CARTESIAN_POINT('',(0.00757616374492646,0.000380018506944177,0.0278));
#4319=CARTESIAN_POINT('',(0.00757616374492646,0.000380018506944177,0.0298));
#4320=CARTESIAN_POINT('',(0.00757616374492646,0.000380018506944177,0.0298));
#4321=CARTESIAN_POINT('',(0.00757616374492646,0.00738001850694418,0.0298));
#4322=CARTESIAN_POINT('',(0.00757616374492646,0.0143800185069442,0.0298));
#4323=CARTESIAN_POINT('',(0.00757616374492646,0.0143800185069442,0.0278));
#4324=CARTESIAN_POINT('',(-0.000423836255073543,-0.000619981493055824,0.0298));
#4325=CARTESIAN_POINT('',(-0.000423836255073543,-0.000619981493055824,0.0278));
#4326=CARTESIAN_POINT('',(-0.00742383625507355,-0.000619981493055824,0.0278));
#4327=CARTESIAN_POINT('',(0.00657616374492646,-0.000619981493055824,0.0278));
#4328=CARTESIAN_POINT('',(-0.00742383625507355,-0.000619981493055824,0.0298));
#4329=CARTESIAN_POINT('',(-0.00742383625507355,-0.000619981493055824,0.0298));
#4330=CARTESIAN_POINT('',(-0.000423836255073543,-0.000619981493055824,0.0298));
#4331=CARTESIAN_POINT('',(0.00657616374492646,-0.000619981493055824,0.0298));
#4332=CARTESIAN_POINT('',(0.00657616374492646,-0.000619981493055824,0.0298));
#4333=CARTESIAN_POINT('',(-0.00842383625507355,0.00738001850694418,0.0298));
#4334=CARTESIAN_POINT('',(-0.00842383625507355,0.00738001850694418,0.0298));
#4335=CARTESIAN_POINT('',(-0.00842383625507355,0.0143800185069442,0.0298));
#4336=CARTESIAN_POINT('',(-0.00842383625507355,0.000380018506944177,0.0298));
#4337=CARTESIAN_POINT('',(-0.00842383625507355,0.000380018506944177,0.0278));
#4338=CARTESIAN_POINT('',(-0.00842383625507355,0.000380018506944177,0.0278));
#4339=CARTESIAN_POINT('',(-0.00842383625507355,0.00738001850694418,0.0278));
#4340=CARTESIAN_POINT('',(-0.00842383625507355,0.0143800185069442,0.0278));
#4341=CARTESIAN_POINT('',(-0.00842383625507355,0.0143800185069442,0.0298));
#4342=CARTESIAN_POINT('',(-0.000423836255073543,-0.00366998149305582,0.0298));
#4343=CARTESIAN_POINT('',(-0.000423836255073543,-0.00366998149305582,0.0298));
#4344=CARTESIAN_POINT('',(-0.00742383625507355,-0.00366998149305582,0.0298));
#4345=CARTESIAN_POINT('',(0.00657616374492646,-0.00366998149305582,0.0298));
#4346=CARTESIAN_POINT('',(-0.00742383625507355,-0.00366998149305582,0.0298));
#4347=CARTESIAN_POINT('',(-0.00742383625507355,-0.00366998149305582,0.0278));
#4348=CARTESIAN_POINT('',(-0.000423836255073543,-0.00366998149305582,0.0278));
#4349=CARTESIAN_POINT('',(0.00657616374492646,-0.00366998149305582,0.0278));
#4350=CARTESIAN_POINT('',(0.00657616374492646,-0.00366998149305582,0.0298));
#4351=CARTESIAN_POINT('',(0.00757616374492646,-0.0116699814930558,0.0298));
#4352=CARTESIAN_POINT('',(0.00757616374492646,-0.0116699814930558,0.0278));
#4353=CARTESIAN_POINT('',(0.00757616374492646,-0.00466998149305582,0.0278));
#4354=CARTESIAN_POINT('',(0.00757616374492646,-0.0186699814930558,0.0278));
#4355=CARTESIAN_POINT('',(0.00757616374492646,-0.0186699814930558,0.0298));
#4356=CARTESIAN_POINT('',(0.00757616374492646,-0.0186699814930558,0.0298));
#4357=CARTESIAN_POINT('',(0.00757616374492646,-0.0116699814930558,0.0298));
#4358=CARTESIAN_POINT('',(0.00757616374492646,-0.00466998149305582,0.0298));
#4359=CARTESIAN_POINT('',(0.00757616374492646,-0.00466998149305582,0.0278));
#4360=CARTESIAN_POINT('',(-0.000423836255073543,-0.0196699814930558,0.0298));
#4361=CARTESIAN_POINT('',(-0.000423836255073543,-0.0196699814930558,0.0278));
#4362=CARTESIAN_POINT('',(-0.00742383625507355,-0.0196699814930558,0.0278));
#4363=CARTESIAN_POINT('',(0.00657616374492646,-0.0196699814930558,0.0278));
#4364=CARTESIAN_POINT('',(-0.00742383625507355,-0.0196699814930558,0.0298));
#4365=CARTESIAN_POINT('',(-0.00742383625507355,-0.0196699814930558,0.0298));
#4366=CARTESIAN_POINT('',(-0.000423836255073543,-0.0196699814930558,0.0298));
#4367=CARTESIAN_POINT('',(0.00657616374492646,-0.0196699814930558,0.0298));
#4368=CARTESIAN_POINT('',(0.00657616374492646,-0.0196699814930558,0.0298));
#4369=CARTESIAN_POINT('',(-0.00842383625507355,-0.0116699814930558,0.0298));
#4370=CARTESIAN_POINT('',(-0.00842383625507355,-0.0116699814930558,0.0298));
#4371=CARTESIAN_POINT('',(-0.00842383625507355,-0.00466998149305582,0.0298));
#4372=CARTESIAN_POINT('',(-0.00842383625507355,-0.0186699814930558,0.0298));
#4373=CARTESIAN_POINT('',(-0.00842383625507355,-0.0186699814930558,0.0278));
#4374=CARTESIAN_POINT('',(-0.00842383625507355,-0.0186699814930558,0.0278));
#4375=CARTESIAN_POINT('',(-0.00842383625507355,-0.0116699814930558,0.0278));
#4376=CARTESIAN_POINT('',(-0.00842383625507355,-0.00466998149305582,0.0278));
#4377=CARTESIAN_POINT('',(-0.00842383625507355,-0.00466998149305582,0.0298));
#4378=CARTESIAN_POINT('',(0.0264761637449265,-0.0465699814930558,0.0298));
#4379=CARTESIAN_POINT('',(0.0264761637449265,-0.0465699814930558,0.0278));
#4380=CARTESIAN_POINT('',(0.0334761637449265,-0.0465699814930558,0.0278));
#4381=CARTESIAN_POINT('',(0.0194761637449265,-0.0465699814930558,0.0278));
#4382=CARTESIAN_POINT('',(0.0194761637449265,-0.0465699814930558,0.0298));
#4383=CARTESIAN_POINT('',(0.0194761637449265,-0.0465699814930558,0.0298));
#4384=CARTESIAN_POINT('',(0.0264761637449265,-0.0465699814930558,0.0298));
#4385=CARTESIAN_POINT('',(0.0334761637449265,-0.0465699814930558,0.0298));
#4386=CARTESIAN_POINT('',(0.0334761637449265,-0.0465699814930558,0.0298));
#4387=CARTESIAN_POINT('',(0.0184761637449265,-0.0385699814930558,0.0298));
#4388=CARTESIAN_POINT('',(0.0184761637449265,-0.0385699814930558,0.0298));
#4389=CARTESIAN_POINT('',(0.0184761637449265,-0.0455699814930558,0.0298));
#4390=CARTESIAN_POINT('',(0.0184761637449265,-0.0315699814930558,0.0298));
#4391=CARTESIAN_POINT('',(0.0184761637449265,-0.0455699814930558,0.0278));
#4392=CARTESIAN_POINT('',(0.0184761637449265,-0.0455699814930558,0.0278));
#4393=CARTESIAN_POINT('',(0.0184761637449265,-0.0385699814930558,0.0278));
#4394=CARTESIAN_POINT('',(0.0184761637449265,-0.0315699814930558,0.0278));
#4395=CARTESIAN_POINT('',(0.0184761637449265,-0.0315699814930558,0.0298));
#4396=CARTESIAN_POINT('',(0.0264761637449265,-0.0305699814930558,0.0298));
#4397=CARTESIAN_POINT('',(0.0264761637449265,-0.0305699814930558,0.0298));
#4398=CARTESIAN_POINT('',(0.0334761637449265,-0.0305699814930558,0.0298));
#4399=CARTESIAN_POINT('',(0.0194761637449265,-0.0305699814930558,0.0298));
#4400=CARTESIAN_POINT('',(0.0194761637449265,-0.0305699814930558,0.0298));
#4401=CARTESIAN_POINT('',(0.0194761637449265,-0.0305699814930558,0.0278));
#4402=CARTESIAN_POINT('',(0.0264761637449265,-0.0305699814930558,0.0278));
#4403=CARTESIAN_POINT('',(0.0334761637449265,-0.0305699814930558,0.0278));
#4404=CARTESIAN_POINT('',(0.0334761637449265,-0.0305699814930558,0.0298));
#4405=CARTESIAN_POINT('',(0.0344761637449265,-0.0385699814930558,0.0298));
#4406=CARTESIAN_POINT('',(0.0344761637449265,-0.0385699814930558,0.0278));
#4407=CARTESIAN_POINT('',(0.0344761637449265,-0.0455699814930558,0.0278));
#4408=CARTESIAN_POINT('',(0.0344761637449265,-0.0315699814930558,0.0278));
#4409=CARTESIAN_POINT('',(0.0344761637449265,-0.0455699814930558,0.0298));
#4410=CARTESIAN_POINT('',(0.0344761637449265,-0.0455699814930558,0.0298));
#4411=CARTESIAN_POINT('',(0.0344761637449265,-0.0385699814930558,0.0298));
#4412=CARTESIAN_POINT('',(0.0344761637449265,-0.0315699814930558,0.0298));
#4413=CARTESIAN_POINT('',(0.0344761637449265,-0.0315699814930558,0.0278));
#4414=CARTESIAN_POINT('',(0.0344761637449265,-0.0116699814930558,0.0298));
#4415=CARTESIAN_POINT('',(0.0344761637449265,-0.0116699814930558,0.0278));
#4416=CARTESIAN_POINT('',(0.0344761637449265,-0.00466998149305582,0.0278));
#4417=CARTESIAN_POINT('',(0.0344761637449265,-0.0186699814930559,0.0278));
#4418=CARTESIAN_POINT('',(0.0344761637449265,-0.0186699814930559,0.0298));
#4419=CARTESIAN_POINT('',(0.0344761637449265,-0.0186699814930559,0.0298));
#4420=CARTESIAN_POINT('',(0.0344761637449265,-0.0116699814930558,0.0298));
#4421=CARTESIAN_POINT('',(0.0344761637449265,-0.00466998149305582,0.0298));
#4422=CARTESIAN_POINT('',(0.0344761637449265,-0.00466998149305582,0.0298));
#4423=CARTESIAN_POINT('',(0.0264761637449265,-0.0196699814930558,0.0298));
#4424=CARTESIAN_POINT('',(0.0264761637449265,-0.0196699814930558,0.0278));
#4425=CARTESIAN_POINT('',(0.0334761637449265,-0.0196699814930558,0.0278));
#4426=CARTESIAN_POINT('',(0.0194761637449265,-0.0196699814930558,0.0278));
#4427=CARTESIAN_POINT('',(0.0194761637449265,-0.0196699814930558,0.0298));
#4428=CARTESIAN_POINT('',(0.0194761637449265,-0.0196699814930558,0.0298));
#4429=CARTESIAN_POINT('',(0.0264761637449265,-0.0196699814930558,0.0298));
#4430=CARTESIAN_POINT('',(0.0334761637449265,-0.0196699814930558,0.0298));
#4431=CARTESIAN_POINT('',(0.0334761637449265,-0.0196699814930558,0.0278));
#4432=CARTESIAN_POINT('',(0.0184761637449265,-0.0116699814930558,0.0298));
#4433=CARTESIAN_POINT('',(0.0184761637449265,-0.0116699814930558,0.0298));
#4434=CARTESIAN_POINT('',(0.0184761637449265,-0.00466998149305582,0.0298));
#4435=CARTESIAN_POINT('',(0.0184761637449265,-0.0186699814930559,0.0298));
#4436=CARTESIAN_POINT('',(0.0184761637449265,-0.0186699814930559,0.0298));
#4437=CARTESIAN_POINT('',(0.0184761637449265,-0.0186699814930559,0.0278));
#4438=CARTESIAN_POINT('',(0.0184761637449265,-0.0116699814930558,0.0278));
#4439=CARTESIAN_POINT('',(0.0184761637449265,-0.00466998149305582,0.0278));
#4440=CARTESIAN_POINT('',(0.0184761637449265,-0.00466998149305582,0.0298));
#4441=CARTESIAN_POINT('',(0.0264761637449265,-0.00366998149305582,0.0298));
#4442=CARTESIAN_POINT('',(0.0264761637449265,-0.00366998149305582,0.0298));
#4443=CARTESIAN_POINT('',(0.0334761637449265,-0.00366998149305582,0.0298));
#4444=CARTESIAN_POINT('',(0.0194761637449265,-0.00366998149305582,0.0298));
#4445=CARTESIAN_POINT('',(0.0194761637449265,-0.00366998149305582,0.0278));
#4446=CARTESIAN_POINT('',(0.0194761637449265,-0.00366998149305582,0.0278));
#4447=CARTESIAN_POINT('',(0.0264761637449265,-0.00366998149305582,0.0278));
#4448=CARTESIAN_POINT('',(0.0334761637449265,-0.00366998149305582,0.0278));
#4449=CARTESIAN_POINT('',(0.0334761637449265,-0.00366998149305582,0.0298));
#4450=CARTESIAN_POINT('',(0.0344761637449265,0.00738001850694417,0.0298));
#4451=CARTESIAN_POINT('',(0.0344761637449265,0.00738001850694417,0.0278));
#4452=CARTESIAN_POINT('',(0.0344761637449265,0.0143800185069442,0.0278));
#4453=CARTESIAN_POINT('',(0.0344761637449265,0.000380018506944163,0.0278));
#4454=CARTESIAN_POINT('',(0.0344761637449265,0.000380018506944163,0.0298));
#4455=CARTESIAN_POINT('',(0.0344761637449265,0.000380018506944163,0.0298));
#4456=CARTESIAN_POINT('',(0.0344761637449265,0.00738001850694417,0.0298));
#4457=CARTESIAN_POINT('',(0.0344761637449265,0.0143800185069442,0.0298));
#4458=CARTESIAN_POINT('',(0.0344761637449265,0.0143800185069442,0.0298));
#4459=CARTESIAN_POINT('',(0.0264761637449265,-0.000619981493055838,0.0298));
#4460=CARTESIAN_POINT('',(0.0264761637449265,-0.000619981493055838,0.0278));
#4461=CARTESIAN_POINT('',(0.0334761637449265,-0.000619981493055838,0.0278));
#4462=CARTESIAN_POINT('',(0.0194761637449265,-0.000619981493055838,0.0278));
#4463=CARTESIAN_POINT('',(0.0194761637449265,-0.000619981493055838,0.0298));
#4464=CARTESIAN_POINT('',(0.0194761637449265,-0.000619981493055838,0.0298));
#4465=CARTESIAN_POINT('',(0.0264761637449265,-0.000619981493055838,0.0298));
#4466=CARTESIAN_POINT('',(0.0334761637449265,-0.000619981493055838,0.0298));
#4467=CARTESIAN_POINT('',(0.0334761637449265,-0.000619981493055838,0.0278));
#4468=CARTESIAN_POINT('',(0.0184761637449265,0.00738001850694416,0.0298));
#4469=CARTESIAN_POINT('',(0.0184761637449265,0.00738001850694416,0.0298));
#4470=CARTESIAN_POINT('',(0.0184761637449265,0.0143800185069442,0.0298));
#4471=CARTESIAN_POINT('',(0.0184761637449265,0.000380018506944163,0.0298));
#4472=CARTESIAN_POINT('',(0.0184761637449265,0.000380018506944163,0.0298));
#4473=CARTESIAN_POINT('',(0.0184761637449265,0.000380018506944163,0.0278));
#4474=CARTESIAN_POINT('',(0.0184761637449265,0.00738001850694416,0.0278));
#4475=CARTESIAN_POINT('',(0.0184761637449265,0.0143800185069442,0.0278));
#4476=CARTESIAN_POINT('',(0.0184761637449265,0.0143800185069442,0.0298));
#4477=CARTESIAN_POINT('',(0.0264761637449265,0.0153800185069442,0.0298));
#4478=CARTESIAN_POINT('',(0.0264761637449265,0.0153800185069442,0.0298));
#4479=CARTESIAN_POINT('',(0.0334761637449265,0.0153800185069442,0.0298));
#4480=CARTESIAN_POINT('',(0.0194761637449265,0.0153800185069442,0.0298));
#4481=CARTESIAN_POINT('',(0.0194761637449265,0.0153800185069442,0.0278));
#4482=CARTESIAN_POINT('',(0.0194761637449265,0.0153800185069442,0.0278));
#4483=CARTESIAN_POINT('',(0.0264761637449265,0.0153800185069442,0.0278));
#4484=CARTESIAN_POINT('',(0.0334761637449265,0.0153800185069442,0.0278));
#4485=CARTESIAN_POINT('',(0.0334761637449265,0.0153800185069442,0.0298));
#4486=CARTESIAN_POINT('',(-0.000423836255073549,-0.0305699814930558,0.0298));
#4487=CARTESIAN_POINT('',(-0.000423836255073549,-0.0305699814930558,0.0298));
#4488=CARTESIAN_POINT('',(-0.00742383625507354,-0.0305699814930558,0.0298));
#4489=CARTESIAN_POINT('',(0.00657616374492646,-0.0305699814930558,0.0298));
#4490=CARTESIAN_POINT('',(-0.00742383625507354,-0.0305699814930558,0.0278));
#4491=CARTESIAN_POINT('',(-0.00742383625507354,-0.0305699814930558,0.0278));
#4492=CARTESIAN_POINT('',(-0.000423836255073549,-0.0305699814930558,0.0278));
#4493=CARTESIAN_POINT('',(0.00657616374492646,-0.0305699814930558,0.0278));
#4494=CARTESIAN_POINT('',(0.00657616374492646,-0.0305699814930558,0.0298));
#4495=CARTESIAN_POINT('',(0.00757616374492646,-0.0385699814930558,0.0298));
#4496=CARTESIAN_POINT('',(0.00757616374492646,-0.0385699814930558,0.0278));
#4497=CARTESIAN_POINT('',(0.00757616374492646,-0.0455699814930558,0.0278));
#4498=CARTESIAN_POINT('',(0.00757616374492646,-0.0315699814930558,0.0278));
#4499=CARTESIAN_POINT('',(0.00757616374492646,-0.0455699814930558,0.0298));
#4500=CARTESIAN_POINT('',(0.00757616374492646,-0.0455699814930558,0.0298));
#4501=CARTESIAN_POINT('',(0.00757616374492646,-0.0385699814930558,0.0298));
#4502=CARTESIAN_POINT('',(0.00757616374492646,-0.0315699814930558,0.0298));
#4503=CARTESIAN_POINT('',(0.00757616374492646,-0.0315699814930558,0.0298));
#4504=CARTESIAN_POINT('',(-0.000423836255073543,-0.0465699814930558,0.0298));
#4505=CARTESIAN_POINT('',(-0.000423836255073543,-0.0465699814930558,0.0278));
#4506=CARTESIAN_POINT('',(-0.00742383625507354,-0.0465699814930558,0.0278));
#4507=CARTESIAN_POINT('',(0.00657616374492646,-0.0465699814930558,0.0278));
#4508=CARTESIAN_POINT('',(-0.00742383625507354,-0.0465699814930558,0.0298));
#4509=CARTESIAN_POINT('',(-0.00742383625507354,-0.0465699814930558,0.0298));
#4510=CARTESIAN_POINT('',(-0.000423836255073543,-0.0465699814930558,0.0298));
#4511=CARTESIAN_POINT('',(0.00657616374492646,-0.0465699814930558,0.0298));
#4512=CARTESIAN_POINT('',(0.00657616374492646,-0.0465699814930558,0.0278));
#4513=CARTESIAN_POINT('',(-0.00842383625507354,-0.0385699814930558,0.0298));
#4514=CARTESIAN_POINT('',(-0.00842383625507354,-0.0385699814930558,0.0298));
#4515=CARTESIAN_POINT('',(-0.00842383625507354,-0.0455699814930558,0.0298));
#4516=CARTESIAN_POINT('',(-0.00842383625507354,-0.0315699814930558,0.0298));
#4517=CARTESIAN_POINT('',(-0.00842383625507354,-0.0455699814930558,0.0298));
#4518=CARTESIAN_POINT('',(-0.00842383625507354,-0.0455699814930558,0.0278));
#4519=CARTESIAN_POINT('',(-0.00842383625507354,-0.0385699814930558,0.0278));
#4520=CARTESIAN_POINT('',(-0.00842383625507354,-0.0315699814930558,0.0278));
#4521=CARTESIAN_POINT('',(-0.00842383625507354,-0.0315699814930558,0.0298));
#4522=CARTESIAN_POINT('',(-0.0194738362550736,-0.0305699814930558,0.0298));
#4523=CARTESIAN_POINT('',(-0.0194738362550736,-0.0305699814930558,0.0298));
#4524=CARTESIAN_POINT('',(-0.0264738362550735,-0.0305699814930558,0.0298));
#4525=CARTESIAN_POINT('',(-0.0124738362550735,-0.0305699814930558,0.0298));
#4526=CARTESIAN_POINT('',(-0.0264738362550735,-0.0305699814930558,0.0278));
#4527=CARTESIAN_POINT('',(-0.0264738362550735,-0.0305699814930558,0.0278));
#4528=CARTESIAN_POINT('',(-0.0194738362550736,-0.0305699814930558,0.0278));
#4529=CARTESIAN_POINT('',(-0.0124738362550735,-0.0305699814930558,0.0278));
#4530=CARTESIAN_POINT('',(-0.0124738362550735,-0.0305699814930558,0.0298));
#4531=CARTESIAN_POINT('',(-0.0114738362550735,-0.0385699814930558,0.0298));
#4532=CARTESIAN_POINT('',(-0.0114738362550735,-0.0385699814930558,0.0278));
#4533=CARTESIAN_POINT('',(-0.0114738362550735,-0.0455699814930558,0.0278));
#4534=CARTESIAN_POINT('',(-0.0114738362550735,-0.0315699814930558,0.0278));
#4535=CARTESIAN_POINT('',(-0.0114738362550735,-0.0455699814930558,0.0298));
#4536=CARTESIAN_POINT('',(-0.0114738362550735,-0.0455699814930558,0.0298));
#4537=CARTESIAN_POINT('',(-0.0114738362550735,-0.0385699814930558,0.0298));
#4538=CARTESIAN_POINT('',(-0.0114738362550735,-0.0315699814930558,0.0298));
#4539=CARTESIAN_POINT('',(-0.0114738362550735,-0.0315699814930558,0.0298));
#4540=CARTESIAN_POINT('',(-0.0194738362550736,-0.0465699814930558,0.0298));
#4541=CARTESIAN_POINT('',(-0.0194738362550736,-0.0465699814930558,0.0278));
#4542=CARTESIAN_POINT('',(-0.0264738362550735,-0.0465699814930558,0.0278));
#4543=CARTESIAN_POINT('',(-0.0124738362550735,-0.0465699814930558,0.0278));
#4544=CARTESIAN_POINT('',(-0.0264738362550735,-0.0465699814930558,0.0298));
#4545=CARTESIAN_POINT('',(-0.0264738362550735,-0.0465699814930558,0.0298));
#4546=CARTESIAN_POINT('',(-0.0194738362550736,-0.0465699814930558,0.0298));
#4547=CARTESIAN_POINT('',(-0.0124738362550735,-0.0465699814930558,0.0298));
#4548=CARTESIAN_POINT('',(-0.0124738362550735,-0.0465699814930558,0.0278));
#4549=CARTESIAN_POINT('',(-0.0274738362550736,-0.0385699814930558,0.0298));
#4550=CARTESIAN_POINT('',(-0.0274738362550736,-0.0385699814930558,0.0298));
#4551=CARTESIAN_POINT('',(-0.0274738362550736,-0.0455699814930558,0.0298));
#4552=CARTESIAN_POINT('',(-0.0274738362550736,-0.0315699814930558,0.0298));
#4553=CARTESIAN_POINT('',(-0.0274738362550736,-0.0455699814930558,0.0298));
#4554=CARTESIAN_POINT('',(-0.0274738362550736,-0.0455699814930558,0.0278));
#4555=CARTESIAN_POINT('',(-0.0274738362550736,-0.0385699814930558,0.0278));
#4556=CARTESIAN_POINT('',(-0.0274738362550736,-0.0315699814930558,0.0278));
#4557=CARTESIAN_POINT('',(-0.0274738362550736,-0.0315699814930558,0.0298));
#4558=CARTESIAN_POINT('',(-0.0465238362550735,-0.0385699814930558,0.0298));
#4559=CARTESIAN_POINT('',(-0.0465238362550735,-0.0385699814930558,0.0298));
#4560=CARTESIAN_POINT('',(-0.0465238362550735,-0.0455699814930558,0.0298));
#4561=CARTESIAN_POINT('',(-0.0465238362550735,-0.0315699814930558,0.0298));
#4562=CARTESIAN_POINT('',(-0.0465238362550735,-0.0455699814930558,0.0298));
#4563=CARTESIAN_POINT('',(-0.0465238362550735,-0.0455699814930558,0.0278));
#4564=CARTESIAN_POINT('',(-0.0465238362550735,-0.0385699814930558,0.0278));
#4565=CARTESIAN_POINT('',(-0.0465238362550735,-0.0315699814930558,0.0278));
#4566=CARTESIAN_POINT('',(-0.0465238362550735,-0.0315699814930558,0.0298));
#4567=CARTESIAN_POINT('',(-0.0385238362550736,-0.0305699814930558,0.0298));
#4568=CARTESIAN_POINT('',(-0.0385238362550736,-0.0305699814930558,0.0298));
#4569=CARTESIAN_POINT('',(-0.0455238362550735,-0.0305699814930558,0.0298));
#4570=CARTESIAN_POINT('',(-0.0315238362550736,-0.0305699814930558,0.0298));
#4571=CARTESIAN_POINT('',(-0.0455238362550735,-0.0305699814930558,0.0278));
#4572=CARTESIAN_POINT('',(-0.0455238362550735,-0.0305699814930558,0.0278));
#4573=CARTESIAN_POINT('',(-0.0385238362550736,-0.0305699814930558,0.0278));
#4574=CARTESIAN_POINT('',(-0.0315238362550736,-0.0305699814930558,0.0278));
#4575=CARTESIAN_POINT('',(-0.0315238362550736,-0.0305699814930558,0.0298));
#4576=CARTESIAN_POINT('',(-0.0305238362550736,-0.0385699814930558,0.0298));
#4577=CARTESIAN_POINT('',(-0.0305238362550736,-0.0385699814930558,0.0278));
#4578=CARTESIAN_POINT('',(-0.0305238362550736,-0.0455699814930558,0.0278));
#4579=CARTESIAN_POINT('',(-0.0305238362550736,-0.0315699814930558,0.0278));
#4580=CARTESIAN_POINT('',(-0.0305238362550736,-0.0455699814930558,0.0298));
#4581=CARTESIAN_POINT('',(-0.0305238362550736,-0.0455699814930558,0.0298));
#4582=CARTESIAN_POINT('',(-0.0305238362550736,-0.0385699814930558,0.0298));
#4583=CARTESIAN_POINT('',(-0.0305238362550736,-0.0315699814930558,0.0298));
#4584=CARTESIAN_POINT('',(-0.0305238362550736,-0.0315699814930558,0.0298));
#4585=CARTESIAN_POINT('',(-0.0385238362550736,-0.0465699814930558,0.0298));
#4586=CARTESIAN_POINT('',(-0.0385238362550736,-0.0465699814930558,0.0278));
#4587=CARTESIAN_POINT('',(-0.0455238362550735,-0.0465699814930558,0.0278));
#4588=CARTESIAN_POINT('',(-0.0315238362550736,-0.0465699814930558,0.0278));
#4589=CARTESIAN_POINT('',(-0.0455238362550735,-0.0465699814930558,0.0298));
#4590=CARTESIAN_POINT('',(-0.0455238362550735,-0.0465699814930558,0.0298));
#4591=CARTESIAN_POINT('',(-0.0385238362550736,-0.0465699814930558,0.0298));
#4592=CARTESIAN_POINT('',(-0.0315238362550736,-0.0465699814930558,0.0298));
#4593=CARTESIAN_POINT('',(-0.0315238362550736,-0.0465699814930558,0.0278));
#4594=CARTESIAN_POINT('',(0.0344761637449265,0.0264300185069441,0.0298));
#4595=CARTESIAN_POINT('',(0.0344761637449265,0.0264300185069441,0.0278));
#4596=CARTESIAN_POINT('',(0.0344761637449265,0.0274300185069442,0.0278));
#4597=CARTESIAN_POINT('',(0.0344761637449265,0.0254300185069441,0.0278));
#4598=CARTESIAN_POINT('',(0.0344761637449265,0.0254300185069441,0.0298));
#4599=CARTESIAN_POINT('',(0.0344761637449265,0.0254300185069441,0.0298));
#4600=CARTESIAN_POINT('',(0.0344761637449265,0.0264300185069441,0.0298));
#4601=CARTESIAN_POINT('',(0.0344761637449265,0.0274300185069442,0.0298));
#4602=CARTESIAN_POINT('',(0.0344761637449265,0.0274300185069442,0.0298));
#4603=CARTESIAN_POINT('',(0.0264761637449265,0.0184300185069441,0.0298));
#4604=CARTESIAN_POINT('',(0.0264761637449265,0.0184300185069441,0.0298));
#4605=CARTESIAN_POINT('',(0.0274761637449265,0.0184300185069441,0.0298));
#4606=CARTESIAN_POINT('',(0.0254761637449264,0.0184300185069441,0.0298));
#4607=CARTESIAN_POINT('',(0.0274761637449265,0.0184300185069441,0.0278));
#4608=CARTESIAN_POINT('',(0.0274761637449265,0.0184300185069441,0.0278));
#4609=CARTESIAN_POINT('',(0.0264761637449265,0.0184300185069441,0.0278));
#4610=CARTESIAN_POINT('',(0.0254761637449264,0.0184300185069441,0.0278));
#4611=CARTESIAN_POINT('',(0.0254761637449264,0.0184300185069441,0.0298));
#4612=CARTESIAN_POINT('',(0.0184761637449265,0.0264300185069441,0.0298));
#4613=CARTESIAN_POINT('',(0.0184761637449265,0.0264300185069441,0.0278));
#4614=CARTESIAN_POINT('',(0.0184761637449265,0.0274300185069442,0.0278));
#4615=CARTESIAN_POINT('',(0.0184761637449265,0.0254300185069441,0.0278));
#4616=CARTESIAN_POINT('',(0.0184761637449265,0.0274300185069442,0.0298));
#4617=CARTESIAN_POINT('',(0.0184761637449265,0.0274300185069442,0.0298));
#4618=CARTESIAN_POINT('',(0.0184761637449265,0.0264300185069441,0.0298));
#4619=CARTESIAN_POINT('',(0.0184761637449265,0.0254300185069441,0.0298));
#4620=CARTESIAN_POINT('',(0.0184761637449265,0.0254300185069441,0.0298));
#4621=CARTESIAN_POINT('',(0.0264761637449265,0.0344300185069442,0.0298));
#4622=CARTESIAN_POINT('',(0.0264761637449265,0.0344300185069442,0.0298));
#4623=CARTESIAN_POINT('',(0.0274761637449265,0.0344300185069442,0.0298));
#4624=CARTESIAN_POINT('',(0.0254761637449264,0.0344300185069442,0.0298));
#4625=CARTESIAN_POINT('',(0.0254761637449264,0.0344300185069442,0.0278));
#4626=CARTESIAN_POINT('',(0.0254761637449264,0.0344300185069442,0.0278));
#4627=CARTESIAN_POINT('',(0.0264761637449265,0.0344300185069442,0.0278));
#4628=CARTESIAN_POINT('',(0.0274761637449265,0.0344300185069442,0.0278));
#4629=CARTESIAN_POINT('',(0.0274761637449265,0.0344300185069442,0.0298));
#4630=CARTESIAN_POINT('',(-0.0580238362550736,0.0381800185069442,0.0298));
#4631=CARTESIAN_POINT('',(-0.0580238362550736,0.0381800185069442,0.0278));
#4632=CARTESIAN_POINT('',(-0.0580238362550736,0.0449300185069442,0.0278));
#4633=CARTESIAN_POINT('',(-0.0580238362550736,-0.0570699814930558,0.0278));
#4634=CARTESIAN_POINT('',(-0.0580238362550736,-0.0570699814930558,0.0298));
#4635=CARTESIAN_POINT('',(-0.0580238362550736,-0.0570699814930558,0.0288));
#4636=CARTESIAN_POINT('',(-0.0580238362550736,0.0459300185069442,0.0288));
#4637=CARTESIAN_POINT('',(-0.0580238362550736,0.0449300185069442,0.0288));
#4638=CARTESIAN_POINT('',(-0.0580238362550736,0.0449300185069442,0.0278));
#4639=CARTESIAN_POINT('',(-0.00602383625507355,-0.00606998149305582,0.0298));
#4640=CARTESIAN_POINT('',(0.0449761637449265,-0.00606998149305582,0.0298));
#4641=CARTESIAN_POINT('',(0.0449761637449265,-0.0570699814930558,0.0298));
#4642=CARTESIAN_POINT('',(0.0449761637449265,0.0449300185069442,0.0298));
#4643=CARTESIAN_POINT('',(-0.00602383625507355,0.0449300185069442,0.0298));
#4644=CARTESIAN_POINT('',(-0.0570238362550736,0.0449300185069442,0.0298));
#4645=CARTESIAN_POINT('',(-0.0570238362550736,-0.0580699814930558,0.0298));
#4646=CARTESIAN_POINT('',(-0.0570238362550736,-0.0570699814930558,0.0298));
#4647=CARTESIAN_POINT('',(0.0459761637449265,-0.0570699814930558,0.0298));
#4648=CARTESIAN_POINT('',(0.0274761637449265,0.0274300185069442,0.0298));
#4649=CARTESIAN_POINT('',(0.0274761637449265,0.0254300185069441,0.0298));
#4650=CARTESIAN_POINT('',(0.0254761637449264,0.0254300185069441,0.0298));
#4651=CARTESIAN_POINT('',(0.0254761637449264,0.0274300185069442,0.0298));
#4652=CARTESIAN_POINT('',(-0.0455238362550735,-0.0455699814930558,0.0298));
#4653=CARTESIAN_POINT('',(-0.0455238362550735,-0.0315699814930558,0.0298));
#4654=CARTESIAN_POINT('',(-0.0315238362550736,-0.0315699814930558,0.0298));
#4655=CARTESIAN_POINT('',(-0.0315238362550736,-0.0455699814930558,0.0298));
#4656=CARTESIAN_POINT('',(-0.0264738362550735,-0.0455699814930558,0.0298));
#4657=CARTESIAN_POINT('',(-0.0264738362550735,-0.0315699814930558,0.0298));
#4658=CARTESIAN_POINT('',(-0.0124738362550735,-0.0315699814930558,0.0298));
#4659=CARTESIAN_POINT('',(-0.0124738362550735,-0.0455699814930558,0.0298));
#4660=CARTESIAN_POINT('',(-0.00742383625507354,-0.0455699814930558,0.0298));
#4661=CARTESIAN_POINT('',(-0.00742383625507354,-0.0315699814930558,0.0298));
#4662=CARTESIAN_POINT('',(0.00657616374492646,-0.0315699814930558,0.0298));
#4663=CARTESIAN_POINT('',(0.00657616374492646,-0.0455699814930558,0.0298));
#4664=CARTESIAN_POINT('',(0.0334761637449265,0.0143800185069442,0.0298));
#4665=CARTESIAN_POINT('',(0.0334761637449265,0.000380018506944163,0.0298));
#4666=CARTESIAN_POINT('',(0.0194761637449265,0.000380018506944163,0.0298));
#4667=CARTESIAN_POINT('',(0.0194761637449265,0.0143800185069442,0.0298));
#4668=CARTESIAN_POINT('',(0.0334761637449265,-0.00466998149305582,0.0298));
#4669=CARTESIAN_POINT('',(0.0334761637449265,-0.0186699814930559,0.0298));
#4670=CARTESIAN_POINT('',(0.0194761637449265,-0.0186699814930559,0.0298));
#4671=CARTESIAN_POINT('',(0.0194761637449265,-0.00466998149305582,0.0298));
#4672=CARTESIAN_POINT('',(0.0334761637449265,-0.0455699814930558,0.0298));
#4673=CARTESIAN_POINT('',(0.0194761637449265,-0.0455699814930558,0.0298));
#4674=CARTESIAN_POINT('',(0.0194761637449265,-0.0315699814930558,0.0298));
#4675=CARTESIAN_POINT('',(0.0334761637449265,-0.0315699814930558,0.0298));
#4676=CARTESIAN_POINT('',(-0.00742383625507355,-0.00466998149305582,0.0298));
#4677=CARTESIAN_POINT('',(0.00657616374492646,-0.00466998149305582,0.0298));
#4678=CARTESIAN_POINT('',(0.00657616374492646,-0.0186699814930558,0.0298));
#4679=CARTESIAN_POINT('',(-0.00742383625507355,-0.0186699814930558,0.0298));
#4680=CARTESIAN_POINT('',(-0.00742383625507355,0.0143800185069442,0.0298));
#4681=CARTESIAN_POINT('',(0.00657616374492646,0.0143800185069442,0.0298));
#4682=CARTESIAN_POINT('',(0.00657616374492646,0.000380018506944177,0.0298));
#4683=CARTESIAN_POINT('',(-0.00742383625507355,0.000380018506944177,0.0298));
#4684=CARTESIAN_POINT('',(-0.00742383625507355,0.0334300185069442,0.0298));
#4685=CARTESIAN_POINT('',(0.00657616374492646,0.0334300185069442,0.0298));
#4686=CARTESIAN_POINT('',(0.00657616374492646,0.0194300185069442,0.0298));
#4687=CARTESIAN_POINT('',(-0.00742383625507355,0.0194300185069442,0.0298));
#4688=CARTESIAN_POINT('',(-0.0264738362550735,-0.00466998149305582,0.0298));
#4689=CARTESIAN_POINT('',(-0.0124738362550735,-0.00466998149305582,0.0298));
#4690=CARTESIAN_POINT('',(-0.0124738362550735,-0.0186699814930558,0.0298));
#4691=CARTESIAN_POINT('',(-0.0264738362550735,-0.0186699814930558,0.0298));
#4692=CARTESIAN_POINT('',(-0.0264738362550735,0.0143800185069442,0.0298));
#4693=CARTESIAN_POINT('',(-0.0124738362550735,0.0143800185069442,0.0298));
#4694=CARTESIAN_POINT('',(-0.0124738362550735,0.000380018506944177,0.0298));
#4695=CARTESIAN_POINT('',(-0.0264738362550735,0.000380018506944177,0.0298));
#4696=CARTESIAN_POINT('',(-0.0264738362550735,0.0334300185069442,0.0298));
#4697=CARTESIAN_POINT('',(-0.0124738362550735,0.0334300185069442,0.0298));
#4698=CARTESIAN_POINT('',(-0.0124738362550735,0.0194300185069442,0.0298));
#4699=CARTESIAN_POINT('',(-0.0264738362550735,0.0194300185069442,0.0298));
#4700=CARTESIAN_POINT('',(-0.0455238362550735,-0.00466998149305582,0.0298));
#4701=CARTESIAN_POINT('',(-0.0315238362550736,-0.00466998149305582,0.0298));
#4702=CARTESIAN_POINT('',(-0.0315238362550736,-0.0186699814930558,0.0298));
#4703=CARTESIAN_POINT('',(-0.0455238362550735,-0.0186699814930558,0.0298));
#4704=CARTESIAN_POINT('',(-0.0455238362550735,0.0143800185069442,0.0298));
#4705=CARTESIAN_POINT('',(-0.0315238362550736,0.0143800185069442,0.0298));
#4706=CARTESIAN_POINT('',(-0.0315238362550736,0.000380018506944177,0.0298));
#4707=CARTESIAN_POINT('',(-0.0455238362550735,0.000380018506944177,0.0298));
#4708=CARTESIAN_POINT('',(-0.0455238362550735,0.0334300185069442,0.0298));
#4709=CARTESIAN_POINT('',(-0.0315238362550736,0.0334300185069442,0.0298));
#4710=CARTESIAN_POINT('',(-0.0315238362550736,0.0194300185069442,0.0298));
#4711=CARTESIAN_POINT('',(-0.0455238362550735,0.0194300185069442,0.0298));
#4712=CARTESIAN_POINT('',(-0.00602383625507355,-0.00606998149305582,0.0278));
#4713=CARTESIAN_POINT('',(-0.0502738362550735,-0.0580699814930558,0.0278));
#4714=CARTESIAN_POINT('',(-0.0570238362550736,-0.0580699814930558,0.0278));
#4715=CARTESIAN_POINT('',(0.0449761637449265,-0.0580699814930558,0.0278));
#4716=CARTESIAN_POINT('',(-0.0570238362550736,-0.0570699814930558,0.0278));
#4717=CARTESIAN_POINT('',(-0.0570238362550736,0.0449300185069442,0.0278));
#4718=CARTESIAN_POINT('',(-0.0570238362550736,0.0459300185069442,0.0278));
#4719=CARTESIAN_POINT('',(-0.0502738362550736,0.0459300185069442,0.0278));
#4720=CARTESIAN_POINT('',(0.0449761637449265,0.0459300185069442,0.0278));
#4721=CARTESIAN_POINT('',(0.0449761637449265,0.0449300185069442,0.0278));
#4722=CARTESIAN_POINT('',(0.0459761637449265,0.0449300185069442,0.0278));
#4723=CARTESIAN_POINT('',(0.0459761637449265,-0.0503199814930558,0.0278));
#4724=CARTESIAN_POINT('',(0.0459761637449265,-0.0570699814930558,0.0278));
#4725=CARTESIAN_POINT('',(0.0449761637449265,-0.0570699814930558,0.0278));
#4726=CARTESIAN_POINT('',(0.0274761637449265,0.0274300185069442,0.0278));
#4727=CARTESIAN_POINT('',(0.0254761637449264,0.0274300185069442,0.0278));
#4728=CARTESIAN_POINT('',(0.0254761637449264,0.0254300185069441,0.0278));
#4729=CARTESIAN_POINT('',(0.0274761637449265,0.0254300185069441,0.0278));
#4730=CARTESIAN_POINT('',(-0.0455238362550735,-0.0455699814930558,0.0278));
#4731=CARTESIAN_POINT('',(-0.0315238362550736,-0.0455699814930558,0.0278));
#4732=CARTESIAN_POINT('',(-0.0315238362550736,-0.0315699814930558,0.0278));
#4733=CARTESIAN_POINT('',(-0.0455238362550735,-0.0315699814930558,0.0278));
#4734=CARTESIAN_POINT('',(-0.0264738362550735,-0.0455699814930558,0.0278));
#4735=CARTESIAN_POINT('',(-0.0124738362550735,-0.0455699814930558,0.0278));
#4736=CARTESIAN_POINT('',(-0.0124738362550735,-0.0315699814930558,0.0278));
#4737=CARTESIAN_POINT('',(-0.0264738362550735,-0.0315699814930558,0.0278));
#4738=CARTESIAN_POINT('',(-0.00742383625507354,-0.0455699814930558,0.0278));
#4739=CARTESIAN_POINT('',(0.00657616374492646,-0.0455699814930558,0.0278));
#4740=CARTESIAN_POINT('',(0.00657616374492646,-0.0315699814930558,0.0278));
#4741=CARTESIAN_POINT('',(-0.00742383625507354,-0.0315699814930558,0.0278));
#4742=CARTESIAN_POINT('',(0.0334761637449265,0.0143800185069442,0.0278));
#4743=CARTESIAN_POINT('',(0.0194761637449265,0.0143800185069442,0.0278));
#4744=CARTESIAN_POINT('',(0.0194761637449265,0.000380018506944163,0.0278));
#4745=CARTESIAN_POINT('',(0.0334761637449265,0.000380018506944163,0.0278));
#4746=CARTESIAN_POINT('',(0.0334761637449265,-0.00466998149305582,0.0278));
#4747=CARTESIAN_POINT('',(0.0194761637449265,-0.00466998149305582,0.0278));
#4748=CARTESIAN_POINT('',(0.0194761637449265,-0.0186699814930559,0.0278));
#4749=CARTESIAN_POINT('',(0.0334761637449265,-0.0186699814930559,0.0278));
#4750=CARTESIAN_POINT('',(0.0334761637449265,-0.0455699814930558,0.0278));
#4751=CARTESIAN_POINT('',(0.0334761637449265,-0.0315699814930558,0.0278));
#4752=CARTESIAN_POINT('',(0.0194761637449265,-0.0315699814930558,0.0278));
#4753=CARTESIAN_POINT('',(0.0194761637449265,-0.0455699814930558,0.0278));
#4754=CARTESIAN_POINT('',(-0.00742383625507355,-0.00466998149305582,0.0278));
#4755=CARTESIAN_POINT('',(-0.00742383625507355,-0.0186699814930558,0.0278));
#4756=CARTESIAN_POINT('',(0.00657616374492646,-0.0186699814930558,0.0278));
#4757=CARTESIAN_POINT('',(0.00657616374492646,-0.00466998149305582,0.0278));
#4758=CARTESIAN_POINT('',(-0.00742383625507355,0.0143800185069442,0.0278));
#4759=CARTESIAN_POINT('',(-0.00742383625507355,0.000380018506944177,0.0278));
#4760=CARTESIAN_POINT('',(0.00657616374492646,0.000380018506944177,0.0278));
#4761=CARTESIAN_POINT('',(0.00657616374492646,0.0143800185069442,0.0278));
#4762=CARTESIAN_POINT('',(-0.00742383625507355,0.0334300185069442,0.0278));
#4763=CARTESIAN_POINT('',(-0.00742383625507355,0.0194300185069442,0.0278));
#4764=CARTESIAN_POINT('',(0.00657616374492646,0.0194300185069442,0.0278));
#4765=CARTESIAN_POINT('',(0.00657616374492646,0.0334300185069442,0.0278));
#4766=CARTESIAN_POINT('',(-0.0264738362550735,-0.00466998149305582,0.0278));
#4767=CARTESIAN_POINT('',(-0.0264738362550735,-0.0186699814930558,0.0278));
#4768=CARTESIAN_POINT('',(-0.0124738362550735,-0.0186699814930558,0.0278));
#4769=CARTESIAN_POINT('',(-0.0124738362550735,-0.00466998149305582,0.0278));
#4770=CARTESIAN_POINT('',(-0.0264738362550735,0.0143800185069442,0.0278));
#4771=CARTESIAN_POINT('',(-0.0264738362550735,0.000380018506944177,0.0278));
#4772=CARTESIAN_POINT('',(-0.0124738362550735,0.000380018506944177,0.0278));
#4773=CARTESIAN_POINT('',(-0.0124738362550735,0.0143800185069442,0.0278));
#4774=CARTESIAN_POINT('',(-0.0264738362550735,0.0334300185069442,0.0278));
#4775=CARTESIAN_POINT('',(-0.0264738362550735,0.0194300185069442,0.0278));
#4776=CARTESIAN_POINT('',(-0.0124738362550735,0.0194300185069442,0.0278));
#4777=CARTESIAN_POINT('',(-0.0124738362550735,0.0334300185069442,0.0278));
#4778=CARTESIAN_POINT('',(-0.0455238362550735,-0.00466998149305582,0.0278));
#4779=CARTESIAN_POINT('',(-0.0455238362550735,-0.0186699814930558,0.0278));
#4780=CARTESIAN_POINT('',(-0.0315238362550736,-0.0186699814930558,0.0278));
#4781=CARTESIAN_POINT('',(-0.0315238362550736,-0.00466998149305582,0.0278));
#4782=CARTESIAN_POINT('',(-0.0455238362550735,0.0143800185069442,0.0278));
#4783=CARTESIAN_POINT('',(-0.0455238362550735,0.000380018506944177,0.0278));
#4784=CARTESIAN_POINT('',(-0.0315238362550736,0.000380018506944177,0.0278));
#4785=CARTESIAN_POINT('',(-0.0315238362550736,0.0143800185069442,0.0278));
#4786=CARTESIAN_POINT('',(-0.0455238362550735,0.0334300185069442,0.0278));
#4787=CARTESIAN_POINT('',(-0.0455238362550735,0.0194300185069442,0.0278));
#4788=CARTESIAN_POINT('',(-0.0315238362550736,0.0194300185069442,0.0278));
#4789=CARTESIAN_POINT('',(-0.0315238362550736,0.0334300185069442,0.0278));
#4790=CARTESIAN_POINT('',(0.0459761637449265,-0.0503199814930558,0.0298));
#4791=CARTESIAN_POINT('',(0.0459761637449265,-0.0503199814930558,0.0288));
#4792=CARTESIAN_POINT('',(0.0459761637449265,0.0449300185069442,0.0288));
#4793=CARTESIAN_POINT('',(0.0459761637449265,-0.0570699814930558,0.0288));
#4794=CARTESIAN_POINT('',(0.0459761637449265,-0.0570699814930558,0.0278));
#4795=CARTESIAN_POINT('',(0.0459761637449265,0.0449300185069442,0.0298));
#4796=CARTESIAN_POINT('',(-0.0502738362550735,-0.0580699814930558,0.0298));
#4797=CARTESIAN_POINT('',(-0.0580238362550735,-0.0580699814930558,0.0288));
#4798=CARTESIAN_POINT('',(0.0449761637449265,-0.0580699814930558,0.0288));
#4799=CARTESIAN_POINT('',(-0.0570238362550736,-0.0580699814930558,0.0288));
#4800=CARTESIAN_POINT('',(-0.0570238362550736,-0.0580699814930558,0.0298));
#4801=CARTESIAN_POINT('',(0.0449761637449265,-0.0580699814930558,0.0298));
#4802=CARTESIAN_POINT('',(-0.0502738362550736,0.0459300185069442,0.0298));
#4803=CARTESIAN_POINT('',(-0.0570238362550736,0.0459300185069442,0.0298));
#4804=CARTESIAN_POINT('',(-0.0570238362550736,0.0459300185069442,0.0288));
#4805=CARTESIAN_POINT('',(-0.0502738362550736,0.0459300185069442,0.0288));
#4806=CARTESIAN_POINT('',(0.0449761637449265,0.0459300185069442,0.0288));
#4807=CARTESIAN_POINT('',(0.0449761637449265,0.0459300185069442,0.0298));
#4808=CARTESIAN_POINT('',(-0.0315238362550736,-0.0315699814930558,0.0298));
#4809=CARTESIAN_POINT('',(-0.0315238362550736,-0.00466998149305582,0.0298));
#4810=CARTESIAN_POINT('',(-0.0124738362550735,-0.00466998149305582,0.0298));
#4811=CARTESIAN_POINT('',(-0.0124738362550735,-0.0315699814930558,0.0298));
#4812=CARTESIAN_POINT('',(0.00657616374492646,-0.0315699814930558,0.0298));
#4813=CARTESIAN_POINT('',(0.0334761637449265,-0.0315699814930558,0.0298));
#4814=CARTESIAN_POINT('',(0.00657616374492646,0.0143800185069442,0.0298));
#4815=CARTESIAN_POINT('',(-0.0124738362550735,0.0143800185069442,0.0298));
#4816=CARTESIAN_POINT('',(-0.0315238362550736,0.0143800185069442,0.0298));
#4817=CARTESIAN_POINT('',(-0.0315238362550736,0.0334300185069442,0.0298));
#4818=CARTESIAN_POINT('',(-0.0124738362550735,0.0334300185069442,0.0298));
#4819=CARTESIAN_POINT('',(0.00657616374492646,0.0334300185069442,0.0298));
#4820=CARTESIAN_POINT('',(0.0334761637449265,-0.00466998149305582,0.0298));
#4821=CARTESIAN_POINT('',(0.0334761637449265,0.0143800185069442,0.0298));
#4822=CARTESIAN_POINT('',(0.00657616374492646,-0.00466998149305582,0.0298));
#4823=CARTESIAN_POINT('',(0.0194761637449265,-0.0315699814930558,0.0298));
#4824=CARTESIAN_POINT('',(-0.00742383625507354,-0.0315699814930558,0.0298));
#4825=CARTESIAN_POINT('',(-0.0264738362550735,-0.0315699814930558,0.0298));
#4826=CARTESIAN_POINT('',(-0.0455238362550735,-0.0315699814930558,0.0298));
#4827=CARTESIAN_POINT('',(-0.00742383625507355,0.0334300185069442,0.0298));
#4828=CARTESIAN_POINT('',(0.0194761637449265,0.0143800185069442,0.0298));
#4829=CARTESIAN_POINT('',(-0.00742383625507355,0.0143800185069442,0.0298));
#4830=CARTESIAN_POINT('',(0.0194761637449265,-0.00466998149305582,0.0298));
#4831=CARTESIAN_POINT('',(-0.00742383625507355,-0.00466998149305582,0.0298));
#4832=CARTESIAN_POINT('',(-0.0264738362550735,-0.00466998149305582,0.0298));
#4833=CARTESIAN_POINT('',(-0.0455238362550735,-0.00466998149305582,0.0298));
#4834=CARTESIAN_POINT('',(-0.0455238362550735,0.0143800185069442,0.0298));
#4835=CARTESIAN_POINT('',(-0.0264738362550735,0.0143800185069442,0.0298));
#4836=CARTESIAN_POINT('',(-0.0455238362550735,0.0334300185069442,0.0298));
#4837=CARTESIAN_POINT('',(-0.0264738362550735,0.0334300185069442,0.0298));
#4838=CARTESIAN_POINT('',(-0.0124738362550735,0.000380018506944177,0.0298));
#4839=CARTESIAN_POINT('',(-0.0315238362550736,0.000380018506944177,0.0298));
#4840=CARTESIAN_POINT('',(-0.0315238362550736,0.0194300185069442,0.0298));
#4841=CARTESIAN_POINT('',(-0.0124738362550735,0.0194300185069442,0.0298));
#4842=CARTESIAN_POINT('',(0.00657616374492646,0.0194300185069442,0.0298));
#4843=CARTESIAN_POINT('',(0.00657616374492646,0.000380018506944177,0.0298));
#4844=CARTESIAN_POINT('',(0.00657616374492646,-0.0186699814930558,0.0298));
#4845=CARTESIAN_POINT('',(-0.0124738362550735,-0.0186699814930558,0.0298));
#4846=CARTESIAN_POINT('',(-0.0315238362550736,-0.0186699814930558,0.0298));
#4847=CARTESIAN_POINT('',(-0.0315238362550736,-0.0455699814930558,0.0298));
#4848=CARTESIAN_POINT('',(-0.0124738362550735,-0.0455699814930558,0.0298));
#4849=CARTESIAN_POINT('',(0.00657616374492646,-0.0455699814930558,0.0298));
#4850=CARTESIAN_POINT('',(0.0334761637449265,-0.0455699814930558,0.0298));
#4851=CARTESIAN_POINT('',(0.0334761637449265,-0.0186699814930559,0.0298));
#4852=CARTESIAN_POINT('',(0.0334761637449265,0.000380018506944163,0.0298));
#4853=CARTESIAN_POINT('',(0.0194761637449265,-0.0455699814930558,0.0298));
#4854=CARTESIAN_POINT('',(-0.00742383625507354,-0.0455699814930558,0.0298));
#4855=CARTESIAN_POINT('',(-0.0264738362550735,-0.0455699814930558,0.0298));
#4856=CARTESIAN_POINT('',(-0.0455238362550735,-0.0455699814930558,0.0298));
#4857=CARTESIAN_POINT('',(-0.0455238362550735,-0.0186699814930558,0.0298));
#4858=CARTESIAN_POINT('',(-0.0264738362550735,-0.0186699814930558,0.0298));
#4859=CARTESIAN_POINT('',(-0.00742383625507355,-0.0186699814930558,0.0298));
#4860=CARTESIAN_POINT('',(0.0194761637449265,-0.0186699814930559,0.0298));
#4861=CARTESIAN_POINT('',(0.0194761637449265,0.000380018506944163,0.0298));
#4862=CARTESIAN_POINT('',(-0.00742383625507355,0.0194300185069442,0.0298));
#4863=CARTESIAN_POINT('',(-0.00742383625507355,0.000380018506944177,0.0298));
#4864=CARTESIAN_POINT('',(-0.0264738362550735,0.000380018506944177,0.0298));
#4865=CARTESIAN_POINT('',(-0.0264738362550735,0.0194300185069442,0.0298));
#4866=CARTESIAN_POINT('',(-0.0455238362550735,0.000380018506944177,0.0298));
#4867=CARTESIAN_POINT('',(-0.0455238362550735,0.0194300185069442,0.0298));
#4868=CARTESIAN_POINT('',(-0.0570238362550736,-0.0570699814930558,0.0298));
#4869=CARTESIAN_POINT('',(-0.0570238362550736,-0.0570699814930558,0.0288));
#4870=CARTESIAN_POINT('',(0.0449761637449265,-0.0570699814930558,0.0298));
#4871=CARTESIAN_POINT('',(0.0449761637449265,-0.0570699814930558,0.0288));
#4872=CARTESIAN_POINT('',(-0.00602383625507355,-0.0570699814930558,0.0288));
#4873=CARTESIAN_POINT('',(-0.0570238362550736,-0.0570699814930558,0.0288));
#4874=CARTESIAN_POINT('',(0.0449761637449265,-0.0570699814930558,0.0288));
#4875=CARTESIAN_POINT('',(-0.0570238362550736,-0.0570699814930558,0.0288));
#4876=CARTESIAN_POINT('',(-0.0570238362550736,-0.0570699814930558,0.0288));
#4877=CARTESIAN_POINT('',(0.0449761637449265,-0.0570699814930558,0.0288));
#4878=CARTESIAN_POINT('',(0.0449761637449265,-0.0570699814930558,0.0288));
#4879=CARTESIAN_POINT('',(-0.0570238362550736,-0.00606998149305582,0.0288));
#4880=CARTESIAN_POINT('',(-0.0570238362550736,0.0449300185069442,0.0288));
#4881=CARTESIAN_POINT('',(-0.0570238362550736,0.0449300185069442,0.0298));
#4882=CARTESIAN_POINT('',(-0.0570238362550736,0.0449300185069442,0.0288));
#4883=CARTESIAN_POINT('',(0.0449761637449265,0.0449300185069442,0.0298));
#4884=CARTESIAN_POINT('',(0.0449761637449265,0.0449300185069442,0.0288));
#4885=CARTESIAN_POINT('',(0.0449761637449265,-0.0503199814930558,0.0288));
#4886=CARTESIAN_POINT('',(0.0449761637449265,0.0449300185069442,0.0288));
#4887=CARTESIAN_POINT('',(-0.0570238362550736,0.0449300185069442,0.0288));
#4888=CARTESIAN_POINT('',(-0.0570238362550736,0.0449300185069442,0.0288));
#4889=CARTESIAN_POINT('',(0.0449761637449265,0.0449300185069442,0.0288));
#4890=CARTESIAN_POINT('',(0.0449761637449265,0.0449300185069442,0.0288));
#4891=CARTESIAN_POINT('',(-0.0502738362550736,0.0449300185069442,0.0288));
#4892=CARTESIAN_POINT('',(0.0274761637449265,0.0254300185069441,0.0298));
#4893=CARTESIAN_POINT('',(0.0254761637449264,0.0274300185069442,0.0298));
#4894=CARTESIAN_POINT('',(0.0254761637449264,0.0254300185069441,0.0298));
#4895=CARTESIAN_POINT('',(0.0274761637449265,0.0274300185069442,0.0298));
#4896=MECHANICAL_DESIGN_GEOMETRIC_PRESENTATION_REPRESENTATION('',(#2893),
#4897);
#4897=(
GEOMETRIC_REPRESENTATION_CONTEXT(3)
GLOBAL_UNCERTAINTY_ASSIGNED_CONTEXT((#4898))
GLOBAL_UNIT_ASSIGNED_CONTEXT((#4901,#4900,#4899))
REPRESENTATION_CONTEXT('Part 2','TOP_LEVEL_ASSEMBLY_PART')
);
#4898=UNCERTAINTY_MEASURE_WITH_UNIT(LENGTH_MEASURE(1.E-8),#4901,
'DISTANCE_ACCURACY_VALUE','Maximum Tolerance applied to model');
#4899=(
NAMED_UNIT(*)
SI_UNIT($,.STERADIAN.)
SOLID_ANGLE_UNIT()
);
#4900=(
NAMED_UNIT(*)
PLANE_ANGLE_UNIT()
SI_UNIT($,.RADIAN.)
);
#4901=(
LENGTH_UNIT()
NAMED_UNIT(*)
SI_UNIT($,.METRE.)
);
#4902=PRODUCT_DEFINITION_SHAPE('','',#4903);
#4903=PRODUCT_DEFINITION('','',#4905,#4904);
#4904=PRODUCT_DEFINITION_CONTEXT('',#4911,'design');
#4905=PRODUCT_DEFINITION_FORMATION_WITH_SPECIFIED_SOURCE('','',#4907,
 .NOT_KNOWN.);
#4906=PRODUCT_RELATED_PRODUCT_CATEGORY('','',(#4907));
#4907=PRODUCT('Part 2','Part 2','Part 2',(#4909));
#4908=PRODUCT_CATEGORY('','');
#4909=PRODUCT_CONTEXT('',#4911,'mechanical');
#4910=APPLICATION_PROTOCOL_DEFINITION('international standard',
'ap242_managed_model_based_3d_engineering',2020,#4911);
#4911=APPLICATION_CONTEXT('managed model based 3d engineering');
ENDSEC;
END-ISO-10303-21;
